id,ja,en,en_alt,pos,unit,domain,level_jp,level_us,mapping,source,wiki_ja,wiki_en,wikidata,flag,note
positive-number,正の数,positive number,,noun,jp-chuugaku-1-seifu-no-suu,arithmetic,中1,Pre-Algebra,exact,wikidata,正の数と負の数,,Q200227,,
negative-number,負の数,negative number,,noun,jp-chuugaku-1-seifu-no-suu,arithmetic,中1,Pre-Algebra,exact,wikidata,正の数と負の数,,Q200227,,
positive-and-negative-numbers,正負の数,positive and negative numbers,,noun,jp-chuugaku-1-seifu-no-suu,arithmetic,中1,Pre-Algebra,near,editorial,,,,,単元名としての括り。米国では integers / signed numbers
sign,符号,sign,,noun,jp-chuugaku-1-seifu-no-suu,arithmetic,中1,Pre-Algebra,exact,editorial,符号,,Q188889,wiki-nonmath,
absolute-value,絶対値,absolute value,,noun,jp-chuugaku-1-seifu-no-suu,arithmetic,中1,Pre-Algebra,exact,wikidata,絶対値,,Q120812,,
number-line,数直線,number line,,noun,jp-chuugaku-1-seifu-no-suu,arithmetic,中1,Pre-Algebra,exact,editorial,直線,Line (geometry),Q37105,wiki-redirect,
origin,原点,origin,,noun,jp-chuugaku-1-seifu-no-suu,arithmetic,中1,Pre-Algebra,exact,wikipedia-langlink,原点 (数学),Origin (mathematics),Q40735,,
integer,整数,integer,,noun,jp-chuugaku-1-seifu-no-suu,arithmetic,中1,Pre-Algebra,exact,wikipedia-langlink,整数,Integer,Q12503,,
natural-number,自然数,natural number,,noun,jp-chuugaku-1-seifu-no-suu,arithmetic,中1,Pre-Algebra,near,wikipedia-langlink,自然数,Natural number,Q21199,,米国では 0 を含めるか教科書ごとに宣言する。counting number とも
opposite,反数,opposite,,noun,jp-chuugaku-1-seifu-no-suu,arithmetic,中1,Pre-Algebra,near,wikidata,反数,,Q715358,,"additive inverse は代数以降。教室では ""the opposite of 3"""
addition,加法,addition,,noun,jp-chuugaku-1-seifu-no-suu,arithmetic,中1,Pre-Algebra,exact,wikidata,加法,,Q32043,,
subtraction,減法,subtraction,,noun,jp-chuugaku-1-seifu-no-suu,arithmetic,中1,Pre-Algebra,exact,wikidata,減法,,Q40754,,
multiplication,乗法,multiplication,,noun,jp-chuugaku-1-seifu-no-suu,arithmetic,中1,Pre-Algebra,exact,wikidata,乗法,,Q40276,,
division,除法,division,,noun,jp-chuugaku-1-seifu-no-suu,arithmetic,中1,Pre-Algebra,exact,wikidata,除法,,Q1226939,,
the-four-operations,四則,the four operations,,noun,jp-chuugaku-1-seifu-no-suu,arithmetic,中1,Pre-Algebra,near,editorial,算術,Arithmetic,Q11205,wiki-redirect,米国では単に operations。PEMDAS の文脈で arithmetic operations
reciprocal,逆数,reciprocal,,noun,jp-chuugaku-1-seifu-no-suu,arithmetic,中1,Pre-Algebra,exact,wikidata,逆数,,Q216906,,
power,累乗,power,,noun,jp-chuugaku-1-seifu-no-suu,arithmetic,中1,Pre-Algebra,exact,editorial,冪乗,,Q33456,wiki-redirect,
exponent,指数,exponent,,noun,jp-chuugaku-1-seifu-no-suu,arithmetic,中1,Pre-Algebra,exact,editorial,,,,wiki-disambig,
base,底,base,,noun,jp-chuugaku-1-seifu-no-suu,arithmetic,中1,Pre-Algebra,exact,wikipedia-langlink,底 (初等幾何学),Base (geometry),Q2553861,,
square,平方,square,,noun,jp-chuugaku-1-seifu-no-suu,arithmetic,中1,Pre-Algebra,exact,editorial,,,,wiki-disambig,
cube,立方,cube,,noun,jp-chuugaku-1-seifu-no-suu,arithmetic,中1,Pre-Algebra,exact,editorial,,,,,
prime-number,素数,prime number,prime [suugaku-a-suugaku-to-ningen-no-katsudou],noun,jp-chuugaku-1-seifu-no-suu,arithmetic,中1,Pre-Algebra,exact,wikipedia-langlink,素数,Prime number,Q49008,ja-merged,
prime-factorization,素因数分解,prime factorization,,noun,jp-chuugaku-1-seifu-no-suu,arithmetic,中1,Pre-Algebra,exact,wikidata,素因数分解,,Q4846249,,
prime-factor,素因数,prime factor,,noun,jp-chuugaku-1-seifu-no-suu,arithmetic,中1,Pre-Algebra,exact,wikidata,素因数,,Q1137759,,
commutative-property,交換法則,commutative property,,noun,jp-chuugaku-1-seifu-no-suu,arithmetic,中1,Pre-Algebra,near,wikipedia-langlink,交換法則,Commutative property,Q165474,,米国では law より property
associative-property,結合法則,associative property,,noun,jp-chuugaku-1-seifu-no-suu,arithmetic,中1,Pre-Algebra,near,wikipedia-langlink,結合法則,Associative property,Q177251,,同上
distributive-property,分配法則,distributive property,,noun,jp-chuugaku-1-seifu-no-suu,arithmetic,中1,Pre-Algebra,near,wikipedia-langlink,分配法則,Distributive property,Q187959,,同上
term,項,term,,noun,jp-chuugaku-1-seifu-no-suu,arithmetic,中1,Pre-Algebra,exact,wikipedia-langlink,項 (論理学),Term (logic),Q1318370,,
fraction,分数,fraction,,noun,jp-chuugaku-1-seifu-no-suu,arithmetic,中1,Pre-Algebra,exact,wikipedia-langlink,分数,Fraction,Q66055,,
decimal,小数,decimal,,noun,jp-chuugaku-1-seifu-no-suu,arithmetic,中1,Pre-Algebra,exact,wikipedia-langlink,小数,Decimal representation,Q1376876,,
add,足す,add,,verb,jp-chuugaku-1-seifu-no-suu,arithmetic,中1,Pre-Algebra,exact,editorial,,,,wiki-disambig,
subtract,引く,subtract,,verb,jp-chuugaku-1-seifu-no-suu,arithmetic,中1,Pre-Algebra,exact,editorial,減法,,Q40754,wiki-redirect,
multiply,掛ける,multiply,,verb,jp-chuugaku-1-seifu-no-suu,arithmetic,中1,Pre-Algebra,exact,editorial,乗法,,Q40276,wiki-redirect,
divide,割る,divide,,verb,jp-chuugaku-1-seifu-no-suu,arithmetic,中1,Pre-Algebra,exact,editorial,除法,,Q1226939,wiki-redirect,
compute,計算する,compute,,verb,jp-chuugaku-1-seifu-no-suu,arithmetic,中1,Pre-Algebra,near,editorial,計算,,Q12525525,wiki-nonmath,教室では work out / do the arithmetic も
change-the-sign,符号を変える,change the sign,,phrase,jp-chuugaku-1-seifu-no-suu,arithmetic,中1,Pre-Algebra,exact,editorial,,,,,
take-the-absolute-value,絶対値をとる,take the absolute value,,phrase,jp-chuugaku-1-seifu-no-suu,arithmetic,中1,Pre-Algebra,exact,editorial,,,,,
positive,正の,positive,,adjective,jp-chuugaku-1-seifu-no-suu,arithmetic,中1,Pre-Algebra,exact,editorial,,,,,
negative,負の,negative,,adjective,jp-chuugaku-1-seifu-no-suu,arithmetic,中1,Pre-Algebra,exact,editorial,,,,,
greater-than,大きい,greater than,,adjective,jp-chuugaku-1-seifu-no-suu,arithmetic,中1,Pre-Algebra,near,editorial,,,,wiki-disambig,数の大小は greater / less
less-than,小さい,less than,,adjective,jp-chuugaku-1-seifu-no-suu,arithmetic,中1,Pre-Algebra,exact,editorial,,,,wiki-disambig,
is-greater-than,〜より大きい,is greater than,,phrase,jp-chuugaku-1-seifu-no-suu,arithmetic,中1,Pre-Algebra,exact,editorial,,,,,
greater-than-or-equal-to,〜以上,greater than or equal to,,phrase,jp-chuugaku-1-seifu-no-suu,arithmetic,中1,Pre-Algebra,exact,editorial,,,,,
less-than-or-equal-to,〜以下,less than or equal to,,phrase,jp-chuugaku-1-seifu-no-suu,arithmetic,中1,Pre-Algebra,exact,editorial,,,,,
less-than-suu,〜未満,less than,,phrase,jp-chuugaku-1-seifu-no-suu,arithmetic,中1,Pre-Algebra,near,editorial,,,,id-dedup,「未満」に固有の 1 語はない。strictly less than
round,四捨五入する,round,,verb,jp-chuugaku-1-seifu-no-suu,arithmetic,中1,Pre-Algebra,near,editorial,端数処理,,Q663208,wiki-redirect,round to the nearest ten など
approximation,概数,approximation,,noun,jp-chuugaku-1-seifu-no-suu,arithmetic,中1,Pre-Algebra,near,editorial,近似値,,Q11638409,wiki-redirect wiki-nonmath,estimate / rounded number
parentheses,かっこ,parentheses,,noun,jp-chuugaku-1-seifu-no-suu,arithmetic,中1,Pre-Algebra,near,editorial,括弧,,Q174565,wiki-redirect,英国は brackets。米国では ( ) が parentheses、[ ] が brackets
remove-the-parentheses,かっこを外す,remove the parentheses,,phrase,jp-chuugaku-1-seifu-no-suu,arithmetic,中1,Pre-Algebra,near,editorial,,,,,distribute とも言う
algebraic-expression,文字式,algebraic expression,,noun,jp-chuugaku-1-moji-to-shiki,algebra,中1,Pre-Algebra|Algebra 1,near,editorial,多項式,Polynomial,Q43260,wiki-redirect,「文字を使った式」。variable expression とも
variable,文字,variable,,noun,jp-chuugaku-1-moji-to-shiki,algebra,中1,Pre-Algebra|Algebra 1,near,editorial,文字,Writing system,Q8192,wiki-nonmath,「文字」を letter と直訳しない
expression,式,expression,,noun,jp-chuugaku-1-moji-to-shiki,algebra,中1,Pre-Algebra|Algebra 1,exact,editorial,,,,wiki-disambig,
coefficient,係数,coefficient,,noun,jp-chuugaku-1-moji-to-shiki,algebra,中1,Pre-Algebra|Algebra 1,exact,wikidata,係数,,Q50700,,
constant,定数,constant,,noun,jp-chuugaku-1-moji-to-shiki,algebra,中1,Pre-Algebra|Algebra 1,exact,wikipedia-langlink,定数,Constant (mathematics),Q188248,,
constant-term,定数項,constant term,,noun,jp-chuugaku-1-moji-to-shiki,algebra,中1,Pre-Algebra|Algebra 1,exact,editorial,,,,,
like-terms,同類項,like terms,,noun,jp-chuugaku-1-moji-to-shiki,algebra,中1,Pre-Algebra|Algebra 1,exact,editorial,,,,,
linear-expression,一次式,linear expression,,noun,jp-chuugaku-1-moji-to-shiki,algebra,中1,Pre-Algebra|Algebra 1,exact,editorial,一次関数,,Q188597,wiki-redirect,
substitution,代入,substitution,,noun,jp-chuugaku-1-moji-to-shiki,algebra,中1,Pre-Algebra|Algebra 1,exact,wikipedia-langlink,代入 (論理学),Substitution (logic),Q1522579,,
value-of-the-expression,式の値,value of the expression,,noun,jp-chuugaku-1-moji-to-shiki,algebra,中1,Pre-Algebra|Algebra 1,exact,editorial,,,,,
quantity,数量,quantity,,noun,jp-chuugaku-1-moji-to-shiki,algebra,中1,Pre-Algebra|Algebra 1,exact,editorial,量,,Q309314,wiki-redirect wiki-nonmath,
relationship,関係,relationship,,noun,jp-chuugaku-1-moji-to-shiki,algebra,中1,Pre-Algebra|Algebra 1,exact,wikipedia-langlink,関係 (数学),Finitary relation,Q203066,,
equation,等式,equation,,noun,jp-chuugaku-1-moji-to-shiki,algebra,中1,Pre-Algebra|Algebra 1,near,wikidata,等式,,Q842346,,「等式」と「方程式」は米国では区別せず equation
inequality,不等式,inequality,,noun,jp-chuugaku-1-moji-to-shiki,algebra,中1,Pre-Algebra|Algebra 1,exact,wikidata,不等式,,Q28113351,,
left-hand-side,左辺,left-hand side,,noun,jp-chuugaku-1-moji-to-shiki,algebra,中1,Pre-Algebra|Algebra 1,exact,editorial,,,,,
right-hand-side,右辺,right-hand side,,noun,jp-chuugaku-1-moji-to-shiki,algebra,中1,Pre-Algebra|Algebra 1,exact,editorial,,,,,
both-sides,両辺,both sides,,noun,jp-chuugaku-1-moji-to-shiki,algebra,中1,Pre-Algebra|Algebra 1,exact,editorial,,,,,
equal-sign,等号,equal sign,,noun,jp-chuugaku-1-moji-to-shiki,algebra,中1,Pre-Algebra|Algebra 1,exact,wikidata,等号,,Q214796,,
inequality-sign,不等号,inequality sign,,noun,jp-chuugaku-1-moji-to-shiki,algebra,中1,Pre-Algebra|Algebra 1,exact,wikidata,不等号,,Q53045737,,
unit,単位,unit,,noun,jp-chuugaku-1-moji-to-shiki,algebra,中1,Pre-Algebra|Algebra 1,exact,editorial,,,,wiki-disambig,
rate,割合,rate,,noun,jp-chuugaku-1-moji-to-shiki,algebra,中1,Pre-Algebra|Algebra 1,near,wikidata,割合,,Q1144560,,proportion / percentage も文脈で
percent,百分率,percent,,noun,jp-chuugaku-1-moji-to-shiki,algebra,中1,Pre-Algebra|Algebra 1,exact,editorial,パーセント,Percentage,Q11229,wiki-redirect,
speed,速さ,speed,,noun,jp-chuugaku-1-moji-to-shiki,algebra,中1,Pre-Algebra|Algebra 1,near,wikipedia-langlink,速さ,Speed,Q3711325,,物理では velocity。文章題では speed / rate
distance,道のり,distance,distance traveled [suugaku-3-sekibun],noun,jp-chuugaku-1-moji-to-shiki,algebra,中1,Pre-Algebra|Algebra 1,exact,editorial,距離,Distance,Q126017,ja-merged wiki-redirect,total distance
time,時間,time,,noun,jp-chuugaku-1-moji-to-shiki,algebra,中1,Pre-Algebra|Algebra 1,exact,wikipedia-langlink,時間,Time,Q11471,,
write-using-a-variable,文字を使って表す,write using a variable,,phrase,jp-chuugaku-1-moji-to-shiki,algebra,中1,Pre-Algebra|Algebra 1,near,editorial,,,,,write an expression for
simplify-the-expression,式を簡単にする,simplify the expression,,phrase,jp-chuugaku-1-moji-to-shiki,algebra,中1,Pre-Algebra|Algebra 1,exact,editorial,,,,,
combine-like-terms,同類項をまとめる,combine like terms,,phrase,jp-chuugaku-1-moji-to-shiki,algebra,中1,Pre-Algebra|Algebra 1,exact,editorial,,,,,
plug-in,代入する,plug in,,verb,jp-chuugaku-1-moji-to-shiki,algebra,中1,Pre-Algebra|Algebra 1,exact,editorial,代入 (論理学),Substitution (logic),Q1522579,,STYLE: ②併記 plug in / substitute
evaluate,値を求める,evaluate,,verb,jp-chuugaku-1-moji-to-shiki,algebra,中1,Pre-Algebra|Algebra 1,near,editorial,,,,,evaluate the expression when x = 2
set-up-an-equation,式を立てる,set up an equation,,phrase,jp-chuugaku-1-moji-to-shiki,algebra,中1,Pre-Algebra|Algebra 1,near,editorial,,,,,write an equation
represent,表す,represent,,verb,jp-chuugaku-1-moji-to-shiki,algebra,中1,Pre-Algebra|Algebra 1,exact,editorial,,,,,
let-x-be,〜を x とする,let x be,,phrase,jp-chuugaku-1-moji-to-shiki,algebra,中1,Pre-Algebra|Algebra 1,exact,editorial,,,,,
times,〜倍,times,,phrase,jp-chuugaku-1-moji-to-shiki,algebra,中1,Pre-Algebra|Algebra 1,near,editorial,,,,,three times as many
omit,省略する,omit,,verb,jp-chuugaku-1-moji-to-shiki,algebra,中1,Pre-Algebra|Algebra 1,near,editorial,省略,,Q189743,wiki-nonmath,"乗法記号の省略は ""we drop the multiplication sign"""
in-order,順に,in order,,phrase,jp-chuugaku-1-moji-to-shiki,algebra,中1,Pre-Algebra|Algebra 1,exact,editorial,,,,,
equation-houteishiki,方程式,equation,,noun,jp-chuugaku-1-ichiji-houteishiki,algebra,中1,Pre-Algebra|Algebra 1,exact,wikipedia-langlink,方程式,Equation,Q11345,id-dedup,
linear-equation,一次方程式,linear equation,,noun,jp-chuugaku-1-ichiji-houteishiki,algebra,中1,Pre-Algebra|Algebra 1,exact,wikidata,一次方程式,,Q484637,,
solution,解,solution,,noun,jp-chuugaku-1-ichiji-houteishiki,algebra,中1,Pre-Algebra|Algebra 1,exact,editorial,,,,wiki-disambig,
solve,解く,solve,,verb,jp-chuugaku-1-ichiji-houteishiki,algebra,中1,Pre-Algebra|Algebra 1,exact,editorial,,,,,
checking-the-solution,解の確かめ,checking the solution,,noun,jp-chuugaku-1-ichiji-houteishiki,algebra,中1,Pre-Algebra|Algebra 1,near,editorial,,,,,check your answer / plug it back in
moving-a-term-to-the-other-side,移項,moving a term to the other side,,noun,jp-chuugaku-1-ichiji-houteishiki,algebra,中1,Pre-Algebra|Algebra 1,near,editorial,等式,,Q842346,wiki-redirect,STYLE: 名詞 transposition は載せない
move-to-the-other-side,移項する,move to the other side,,verb,jp-chuugaku-1-ichiji-houteishiki,algebra,中1,Pre-Algebra|Algebra 1,near,editorial,等式,,Q842346,wiki-redirect,話: move it over 書: subtract from both sides
properties-of-equality,等式の性質,properties of equality,,noun,jp-chuugaku-1-ichiji-houteishiki,algebra,中1,Pre-Algebra|Algebra 1,exact,editorial,,,,,
ratio,比,ratio,,noun,jp-chuugaku-1-ichiji-houteishiki,algebra,中1,Pre-Algebra|Algebra 1,exact,wikipedia-langlink,比,Ratio,Q3481047,,
value-of-a-ratio,比の値,value of a ratio,,noun,jp-chuugaku-1-ichiji-houteishiki,algebra,中1,Pre-Algebra|Algebra 1,near,editorial,,,,,米国では単に the ratio。1 語の対応なし
proportion,比例式,proportion,,noun,jp-chuugaku-1-ichiji-houteishiki,algebra,中1,Pre-Algebra|Algebra 1,near,wikidata,比例式,,Q2631509,,米国の proportion は「比が等しい式」a:b = c:d
solve-a-proportion,比例式を解く,solve a proportion,,phrase,jp-chuugaku-1-ichiji-houteishiki,algebra,中1,Pre-Algebra|Algebra 1,exact,editorial,,,,,
product-of-the-means,内項の積,product of the means,,noun,jp-chuugaku-1-ichiji-houteishiki,algebra,中1,Pre-Algebra|Algebra 1,near,editorial,,,,,米国では cross products として教える
product-of-the-extremes,外項の積,product of the extremes,,noun,jp-chuugaku-1-ichiji-houteishiki,algebra,中1,Pre-Algebra|Algebra 1,near,editorial,,,,,同上
cross-multiply,内項と外項の積は等しい,cross multiply,,phrase,jp-chuugaku-1-ichiji-houteishiki,algebra,中1,Pre-Algebra|Algebra 1,near,editorial,,,,,米国では「たすきに掛ける」操作として言う
word-problem,文章題,word problem,,noun,jp-chuugaku-1-ichiji-houteishiki,algebra,中1,Pre-Algebra|Algebra 1,exact,wikipedia-langlink,文章題,Word problem (mathematics education),Q255912,,
unknown,未知数,unknown,,noun,jp-chuugaku-1-ichiji-houteishiki,algebra,中1,Pre-Algebra|Algebra 1,exact,editorial,変数 (数学),Variable (mathematics),Q50701,wiki-redirect,
add-the-same-number-to-both-sides,両辺に同じ数を足す,add the same number to both sides,,phrase,jp-chuugaku-1-ichiji-houteishiki,algebra,中1,Pre-Algebra|Algebra 1,exact,editorial,,,,,
divide-both-sides-by,両辺を〜で割る,divide both sides by,,phrase,jp-chuugaku-1-ichiji-houteishiki,algebra,中1,Pre-Algebra|Algebra 1,exact,editorial,,,,,
multiply-both-sides-by,両辺に〜を掛ける,multiply both sides by,,phrase,jp-chuugaku-1-ichiji-houteishiki,algebra,中1,Pre-Algebra|Algebra 1,exact,editorial,,,,,
subtract-from-both-sides,両辺から〜を引く,subtract from both sides,,phrase,jp-chuugaku-1-ichiji-houteishiki,algebra,中1,Pre-Algebra|Algebra 1,exact,editorial,,,,,
satisfy-the-equation,方程式を満たす,satisfy the equation,,phrase,jp-chuugaku-1-ichiji-houteishiki,algebra,中1,Pre-Algebra|Algebra 1,exact,editorial,,,,,
hold,成り立つ,hold,,verb,jp-chuugaku-1-ichiji-houteishiki,algebra,中1,Pre-Algebra|Algebra 1,near,editorial,,,,,「等式が成り立つ」は the equation holds / is true
has-exactly-one-solution,解が一つに決まる,has exactly one solution,,phrase,jp-chuugaku-1-ichiji-houteishiki,algebra,中1,Pre-Algebra|Algebra 1,exact,editorial,,,,,
find,求めよ,find,,verb,jp-chuugaku-1-ichiji-houteishiki,algebra,中1,Pre-Algebra|Algebra 1,near,editorial,,,,,問題文の指示語。Find / Solve for x
solve-for,解け,solve for,,phrase,jp-chuugaku-1-ichiji-houteishiki,algebra,中1,Pre-Algebra|Algebra 1,near,editorial,,,,,問題文の指示語
check,確かめる,check,,verb,jp-chuugaku-1-ichiji-houteishiki,algebra,中1,Pre-Algebra|Algebra 1,exact,editorial,,,,,
simplify,整理する,simplify,,verb,jp-chuugaku-1-ichiji-houteishiki,algebra,中1,Pre-Algebra|Algebra 1,near,editorial,,,,,「式を整理する」は simplify / collect terms
clear-the-denominators,分母を払う,clear the denominators,,phrase,jp-chuugaku-1-ichiji-houteishiki,algebra,中1,Pre-Algebra|Algebra 1,near,editorial,,,,,multiply through by the LCD
clear-the-fractions,係数を整数にする,clear the fractions,,phrase,jp-chuugaku-1-ichiji-houteishiki,algebra,中1,Pre-Algebra|Algebra 1,near,editorial,,,,,
work-backwards,逆算する,work backwards,,phrase,jp-chuugaku-1-ichiji-houteishiki,algebra,中1,Pre-Algebra|Algebra 1,exact,editorial,,,,,
function,関数,function,,noun,jp-chuugaku-1-hirei-hanpirei,functions,中1,Pre-Algebra|Algebra 1,exact,wikipedia-langlink,関数 (数学),Function (mathematics),Q11348,,
direct-proportion,比例,direct proportion,,noun,jp-chuugaku-1-hirei-hanpirei,functions,中1,Pre-Algebra|Algebra 1,near,wikipedia-langlink,比例,Proportionality (mathematics),Q51379,,米国では direct variation。y varies directly with x
inverse-proportion,反比例,inverse proportion,,noun,jp-chuugaku-1-hirei-hanpirei,functions,中1,Pre-Algebra|Algebra 1,near,wikipedia-langlink,反比例,Proportionality (mathematics),Q1091245,,inverse variation。y varies inversely with x
constant-of-proportionality,比例定数,constant of proportionality,,noun,jp-chuugaku-1-hirei-hanpirei,functions,中1,Pre-Algebra|Algebra 1,near,editorial,比例,Proportionality (mathematics),Q51379,wiki-redirect,constant of variation とも
variable-hanpirei,変数,variable,,noun,jp-chuugaku-1-hirei-hanpirei,functions,中1,Pre-Algebra|Algebra 1,exact,wikipedia-langlink,変数 (数学),Variable (mathematics),Q50701,id-dedup,
domain-and-range,変域,domain and range,,noun,jp-chuugaku-1-hirei-hanpirei,functions,中1,Pre-Algebra|Algebra 1,near,editorial,,,,,「変域」は x の変域（domain）と y の変域（range）を区別せず使う。米国は必ず区別する
coordinates,座標,coordinates,,noun,jp-chuugaku-1-hirei-hanpirei,functions,中1,Pre-Algebra|Algebra 1,exact,wikipedia-langlink,座標,Coordinate,Q3250736,,
coordinate-plane,座標平面,coordinate plane,,noun,jp-chuugaku-1-hirei-hanpirei,functions,中1,Pre-Algebra|Algebra 1,exact,editorial,直交座標系,Cartesian coordinate system,Q62912,wiki-redirect,
x-coordinate,x 座標,x-coordinate,,noun,jp-chuugaku-1-hirei-hanpirei,functions,中1,Pre-Algebra|Algebra 1,exact,editorial,,,,,
y-coordinate,y 座標,y-coordinate,,noun,jp-chuugaku-1-hirei-hanpirei,functions,中1,Pre-Algebra|Algebra 1,exact,editorial,,,,,
x-axis,x 軸,x-axis,,noun,jp-chuugaku-1-hirei-hanpirei,functions,中1,Pre-Algebra|Algebra 1,exact,editorial,,,,,
y-axis,y 軸,y-axis,,noun,jp-chuugaku-1-hirei-hanpirei,functions,中1,Pre-Algebra|Algebra 1,exact,editorial,,,,,
coordinate-axes,座標軸,coordinate axes,,noun,jp-chuugaku-1-hirei-hanpirei,functions,中1,Pre-Algebra|Algebra 1,exact,wikipedia-langlink,座標軸,Coordinate axis,Q1783819,,
quadrant,象限,quadrant,,noun,jp-chuugaku-1-hirei-hanpirei,functions,中1,Pre-Algebra|Algebra 1,exact,wikidata,象限,,Q2714507,,
graph,グラフ,graph,,noun,jp-chuugaku-1-hirei-hanpirei,functions,中1,Pre-Algebra|Algebra 1,exact,wikipedia-langlink,グラフ (離散数学),Graph (discrete mathematics),Q141488,,
hyperbola,双曲線,hyperbola,,noun,jp-chuugaku-1-hirei-hanpirei,functions,中1,Pre-Algebra|Algebra 1,exact,wikipedia-langlink,双曲線,Hyperbola,Q165301,,
plot-a-point,点をとる,plot a point,,phrase,jp-chuugaku-1-hirei-hanpirei,functions,中1,Pre-Algebra|Algebra 1,exact,editorial,,,,,
graph-hanpirei,グラフをかく,graph,sketch the graph [suugaku-1-niji-kansuu],verb,jp-chuugaku-1-hirei-hanpirei,functions,中1,Pre-Algebra|Algebra 1,near,editorial,,,,ja-merged id-dedup,graph the function / sketch the graph
read-the-graph,グラフを読み取る,read the graph,,phrase,jp-chuugaku-1-hirei-hanpirei,functions,中1,Pre-Algebra|Algebra 1,exact,editorial,,,,,
is-proportional-to,〜に比例する,is proportional to,,phrase,jp-chuugaku-1-hirei-hanpirei,functions,中1,Pre-Algebra|Algebra 1,near,editorial,,,,,varies directly with
is-inversely-proportional-to,〜に反比例する,is inversely proportional to,,phrase,jp-chuugaku-1-hirei-hanpirei,functions,中1,Pre-Algebra|Algebra 1,near,editorial,,,,,varies inversely with
correspond,対応する,correspond,correspond to [chuugaku-2-heikou-to-goudou],verb,jp-chuugaku-1-hirei-hanpirei,functions,中1,Pre-Algebra|Algebra 1,exact,editorial,対応 (数学),,Q1322856,ja-merged,
increase,増加する,increase,,verb,jp-chuugaku-1-hirei-hanpirei,functions,中1,Pre-Algebra|Algebra 1,exact,editorial,単調写像,,Q194404,wiki-redirect,
decrease,減少する,decrease,,verb,jp-chuugaku-1-hirei-hanpirei,functions,中1,Pre-Algebra|Algebra 1,exact,editorial,単調写像,,Q194404,wiki-redirect,
is-constant,一定である,is constant,,phrase,jp-chuugaku-1-hirei-hanpirei,functions,中1,Pre-Algebra|Algebra 1,exact,editorial,,,,,
pass-through-the-origin,原点を通る,pass through the origin,,phrase,jp-chuugaku-1-hirei-hanpirei,functions,中1,Pre-Algebra|Algebra 1,exact,editorial,,,,,
plotting,点をとる操作,plotting,,noun,jp-chuugaku-1-hirei-hanpirei,functions,中1,Pre-Algebra|Algebra 1,exact,editorial,,,,,
table,表,table,,noun,jp-chuugaku-1-hirei-hanpirei,functions,中1,Pre-Algebra|Algebra 1,exact,editorial,,,,wiki-disambig,
table-of-values,対応表,table of values,,noun,jp-chuugaku-1-hirei-hanpirei,functions,中1,Pre-Algebra|Algebra 1,exact,editorial,,,,,
write-an-equation,式で表す,write an equation,,phrase,jp-chuugaku-1-hirei-hanpirei,functions,中1,Pre-Algebra|Algebra 1,exact,editorial,,,,,
change-together,ともなって変わる,change together,,phrase,jp-chuugaku-1-hirei-hanpirei,functions,中1,Pre-Algebra|Algebra 1,near,editorial,,,,,"as x changes, y changes"
line,直線,line,,noun,jp-chuugaku-1-heimen-zukei,geometry,中1,Pre-Algebra|Geometry,exact,wikipedia-langlink,直線,Line (geometry),Q37105,,
segment,線分,segment,,noun,jp-chuugaku-1-heimen-zukei,geometry,中1,Pre-Algebra|Geometry,near,wikipedia-langlink,線分,Line segment,Q166154,,line segment
ray,半直線,ray,,noun,jp-chuugaku-1-heimen-zukei,geometry,中1,Pre-Algebra|Geometry,exact,editorial,直線,Line (geometry),Q37105,wiki-redirect,
angle,角,angle,,noun,jp-chuugaku-1-heimen-zukei,geometry,中1,Pre-Algebra|Geometry,exact,wikidata,角,,Q82025,,
vertex,頂点,vertex,vertices [precalculus-conics],noun,jp-chuugaku-1-heimen-zukei,geometry,中1,Pre-Algebra|Geometry,exact,wikidata,頂点,,Q26401,ja-merged,
side,辺,side,,noun,jp-chuugaku-1-heimen-zukei,geometry,中1,Pre-Algebra|Geometry,exact,wikidata,辺,,Q26382,,
intersection,交点,intersection,,noun,jp-chuugaku-1-heimen-zukei,geometry,中1,Pre-Algebra|Geometry,near,wikipedia-langlink,交点 (数学),Intersection,Q17141489,,point of intersection
perpendicular,垂直,perpendicular,,adjective,jp-chuugaku-1-heimen-zukei,geometry,中1,Pre-Algebra|Geometry,exact,editorial,垂直,,Q205034,,
parallel,平行,parallel,,adjective,jp-chuugaku-1-heimen-zukei,geometry,中1,Pre-Algebra|Geometry,exact,editorial,平行,,Q53875,,
perpendicular-line,垂線,perpendicular line,,noun,jp-chuugaku-1-heimen-zukei,geometry,中1,Pre-Algebra|Geometry,exact,editorial,垂直,,Q205034,wiki-redirect,
perpendicular-bisector,垂直二等分線,perpendicular bisector,,noun,jp-chuugaku-1-heimen-zukei,geometry,中1,Pre-Algebra|Geometry,exact,wikidata,二等分線,,Q3128632,,
midpoint,中点,midpoint,,noun,jp-chuugaku-1-heimen-zukei,geometry,中1,Pre-Algebra|Geometry,exact,wikidata,中点,,Q1645406,,
angle-bisector,角の二等分線,angle bisector,,noun,jp-chuugaku-1-heimen-zukei,geometry,中1,Pre-Algebra|Geometry,exact,wikidata,二等分線,,Q3128632,,
distance-zukei,距離,distance,,noun,jp-chuugaku-1-heimen-zukei,geometry,中1,Pre-Algebra|Geometry,exact,wikipedia-langlink,距離,Distance,Q126017,id-dedup,
circle,円,circle,,noun,jp-chuugaku-1-heimen-zukei,geometry,中1,Pre-Algebra|Geometry,exact,wikipedia-langlink,円 (数学),Circle,Q17278,,
center,中心,center,,noun,jp-chuugaku-1-heimen-zukei,geometry,中1,Pre-Algebra|Geometry,exact,wikidata,中心,,Q23595,,
radius,半径,radius,,noun,jp-chuugaku-1-heimen-zukei,geometry,中1,Pre-Algebra|Geometry,exact,wikipedia-langlink,半径,Radius,Q173817,,
diameter,直径,diameter,,noun,jp-chuugaku-1-heimen-zukei,geometry,中1,Pre-Algebra|Geometry,exact,editorial,径,Diameter,Q37221,wiki-redirect,
arc,弧,arc,,noun,jp-chuugaku-1-heimen-zukei,geometry,中1,Pre-Algebra|Geometry,exact,wikipedia-langlink,弧 (幾何学),Arc (geometry),Q147572,,
chord,弦,chord,,noun,jp-chuugaku-1-heimen-zukei,geometry,中1,Pre-Algebra|Geometry,exact,wikipedia-langlink,弦 (数学),Chord (geometry),Q188191,,
tangent-line,接線,tangent line,tangent [geometry-circles],noun,jp-chuugaku-1-heimen-zukei,geometry,中1,Pre-Algebra|Geometry,exact,wikidata,接線,,Q131251,ja-merged,
point-of-tangency,接点,point of tangency,,noun,jp-chuugaku-1-heimen-zukei,geometry,中1,Pre-Algebra|Geometry,exact,editorial,,,,wiki-disambig,
sector,おうぎ形,sector,,noun,jp-chuugaku-1-heimen-zukei,geometry,中1,Pre-Algebra|Geometry,exact,editorial,,,,,
central-angle,中心角,central angle,,noun,jp-chuugaku-1-heimen-zukei,geometry,中1,Pre-Algebra|Geometry,exact,editorial,角度,Angle,Q11352,wiki-redirect,
circumference,円周,circumference,,noun,jp-chuugaku-1-heimen-zukei,geometry,中1,Pre-Algebra|Geometry,exact,wikipedia-langlink,円周,Circumference,Q843905,,
pi,円周率,pi,,noun,jp-chuugaku-1-heimen-zukei,geometry,中1,Pre-Algebra|Geometry,near,wikidata,円周率,,Q167,,定数 π。「円周率」という名前で呼ぶことは少ない
area,面積,area,,noun,jp-chuugaku-1-heimen-zukei,geometry,中1,Pre-Algebra|Geometry,exact,wikipedia-langlink,面積,Area,Q11500,,
perimeter,周の長さ,perimeter,,noun,jp-chuugaku-1-heimen-zukei,geometry,中1,Pre-Algebra|Geometry,exact,editorial,周長,,Q28474,wiki-redirect,
construction,作図,construction,,noun,jp-chuugaku-1-heimen-zukei,geometry,中1,Pre-Algebra|Geometry,exact,editorial,,,,wiki-disambig,
compass,コンパス,compass,,noun,jp-chuugaku-1-heimen-zukei,geometry,中1,Pre-Algebra|Geometry,exact,editorial,コンパス,Compass (drawing tool),Q103896,wiki-nonmath,
straightedge,定規,straightedge,,noun,jp-chuugaku-1-heimen-zukei,geometry,中1,Pre-Algebra|Geometry,near,wikipedia-langlink,定規,Ruler,Q104555,,目盛りなしは straightedge。ruler は目盛りあり
transformation,移動,transformation,,noun,jp-chuugaku-1-heimen-zukei,geometry,中1,Pre-Algebra|Geometry,near,editorial,移動,,Q29374366,wiki-nonmath,中1の「移動」は米国の rigid transformation
translation,平行移動,translation,,noun,jp-chuugaku-1-heimen-zukei,geometry,中1,Pre-Algebra|Geometry,exact,wikidata,平行移動,,Q211459,,
rotation,回転移動,rotation,,noun,jp-chuugaku-1-heimen-zukei,geometry,中1,Pre-Algebra|Geometry,exact,editorial,,,,,
reflection,対称移動,reflection,,noun,jp-chuugaku-1-heimen-zukei,geometry,中1,Pre-Algebra|Geometry,exact,editorial,対称操作,,Q7661343,wiki-redirect,
line-of-reflection,対称の軸,line of reflection,,noun,jp-chuugaku-1-heimen-zukei,geometry,中1,Pre-Algebra|Geometry,near,editorial,線対称,,Q3886264,wiki-redirect,line of symmetry は図形自身の対称軸
center-of-rotation,回転の中心,center of rotation,,noun,jp-chuugaku-1-heimen-zukei,geometry,中1,Pre-Algebra|Geometry,exact,editorial,,,,,
line-symmetry,線対称,line symmetry,,noun,jp-chuugaku-1-heimen-zukei,geometry,中1,Pre-Algebra|Geometry,near,wikidata,線対称,,Q3886264,,reflectional symmetry
point-symmetry,点対称,point symmetry,,noun,jp-chuugaku-1-heimen-zukei,geometry,中1,Pre-Algebra|Geometry,near,wikidata,点対称,,Q1203075,,米国では 180° rotational symmetry と言うことが多い
triangle,三角形,triangle,,noun,jp-chuugaku-1-heimen-zukei,geometry,中1,Pre-Algebra|Geometry,exact,wikipedia-langlink,三角形,Triangle,Q19821,,
quadrilateral,四角形,quadrilateral,,noun,jp-chuugaku-1-heimen-zukei,geometry,中1,Pre-Algebra|Geometry,exact,wikidata,四角形,,Q36810,,
polygon,多角形,polygon,,noun,jp-chuugaku-1-heimen-zukei,geometry,中1,Pre-Algebra|Geometry,exact,wikidata,多角形,,Q37555,,
regular-polygon,正多角形,regular polygon,,noun,jp-chuugaku-1-heimen-zukei,geometry,中1,Pre-Algebra|Geometry,exact,wikidata,正多角形,,Q714886,,
construct,作図する,construct,,verb,jp-chuugaku-1-heimen-zukei,geometry,中1,Pre-Algebra|Geometry,exact,editorial,,,,wiki-disambig,
be-tangent-to,接する,be tangent to,be tangent [suugaku-2-zukei-to-houteishiki],phrase,jp-chuugaku-1-heimen-zukei,geometry,中1,Pre-Algebra|Geometry,exact,editorial,接線,,Q131251,ja-merged wiki-redirect,
intersect,交わる,intersect,,verb,jp-chuugaku-1-heimen-zukei,geometry,中1,Pre-Algebra|Geometry,exact,editorial,,,,,
is-perpendicular-to,垂直である,is perpendicular to,are orthogonal [suugaku-c-vector],phrase,jp-chuugaku-1-heimen-zukei,geometry,中1,Pre-Algebra|Geometry,exact,editorial,垂直,,Q205034,ja-merged,perpendicular とも
is-parallel-to,平行である,is parallel to,are parallel [suugaku-c-vector],phrase,jp-chuugaku-1-heimen-zukei,geometry,中1,Pre-Algebra|Geometry,exact,editorial,平行,,Q53875,ja-merged,
coincide,重なる,coincide,,verb,jp-chuugaku-1-heimen-zukei,geometry,中1,Pre-Algebra|Geometry,near,editorial,,,,,「ぴったり重なる」は map onto / coincide
symmetric,対称な,symmetric,,adjective,jp-chuugaku-1-heimen-zukei,geometry,中1,Pre-Algebra|Geometry,exact,editorial,対称性,Symmetry,Q12485,,
bisect,二等分する,bisect,bisect each other [chuugaku-2-sankakkei-to-shikakkei],verb,jp-chuugaku-1-heimen-zukei,geometry,中1,Pre-Algebra|Geometry,exact,editorial,,,,ja-merged,対角線が互いに他を二等分する
translate,平行に移動する,translate,,verb,jp-chuugaku-1-heimen-zukei,geometry,中1,Pre-Algebra|Geometry,exact,editorial,,,,,
rotate,回転させる,rotate,,verb,jp-chuugaku-1-heimen-zukei,geometry,中1,Pre-Algebra|Geometry,exact,editorial,,,,,
reflect,折り返す,reflect,,verb,jp-chuugaku-1-heimen-zukei,geometry,中1,Pre-Algebra|Geometry,near,editorial,,,,,flip とも
measure-the-length,長さを測る,measure the length,,phrase,jp-chuugaku-1-heimen-zukei,geometry,中1,Pre-Algebra|Geometry,exact,editorial,,,,,
measure-the-angle,角度を測る,measure the angle,,phrase,jp-chuugaku-1-heimen-zukei,geometry,中1,Pre-Algebra|Geometry,exact,editorial,,,,,
solid-figure,空間図形,solid figure,,noun,jp-chuugaku-1-kuukan-zukei,geometry,中1,Pre-Algebra|Geometry,near,editorial,立体,,Q937946,wiki-redirect,3D figure / solid
solid,立体,solid,,noun,jp-chuugaku-1-kuukan-zukei,geometry,中1,Pre-Algebra|Geometry,exact,wikidata,立体,,Q937946,,
plane,平面,plane,,noun,jp-chuugaku-1-kuukan-zukei,geometry,中1,Pre-Algebra|Geometry,exact,wikipedia-langlink,平面,Plane (mathematics),Q135218320,,
prism,角柱,prism,,noun,jp-chuugaku-1-kuukan-zukei,geometry,中1,Pre-Algebra|Geometry,exact,wikidata,角柱,,Q180544,,
pyramid,角錐,pyramid,,noun,jp-chuugaku-1-kuukan-zukei,geometry,中1,Pre-Algebra|Geometry,exact,wikidata,角錐,,Q3358290,,
cylinder,円柱,cylinder,,noun,jp-chuugaku-1-kuukan-zukei,geometry,中1,Pre-Algebra|Geometry,exact,wikipedia-langlink,円柱 (数学),Cylinder,Q34132,,
cone,円錐,cone,,noun,jp-chuugaku-1-kuukan-zukei,geometry,中1,Pre-Algebra|Geometry,exact,wikipedia-langlink,円錐,Cone,Q42344,,
sphere,球,sphere,,noun,jp-chuugaku-1-kuukan-zukei,geometry,中1,Pre-Algebra|Geometry,exact,editorial,,,,wiki-disambig,
regular-polyhedron,正多面体,regular polyhedron,,noun,jp-chuugaku-1-kuukan-zukei,geometry,中1,Pre-Algebra|Geometry,near,wikipedia-langlink,正多面体,Platonic solid,Q188745,,Platonic solid とも
polyhedron,多面体,polyhedron,,noun,jp-chuugaku-1-kuukan-zukei,geometry,中1,Pre-Algebra|Geometry,exact,wikipedia-langlink,多面体,Polyhedron,Q172937,,
base-zukei,底面,base,,noun,jp-chuugaku-1-kuukan-zukei,geometry,中1,Pre-Algebra|Geometry,exact,editorial,底 (初等幾何学),,Q2553861,id-dedup wiki-redirect,
lateral-face,側面,lateral face,,noun,jp-chuugaku-1-kuukan-zukei,geometry,中1,Pre-Algebra|Geometry,exact,editorial,,,,,
lateral-area,側面積,lateral area,,noun,jp-chuugaku-1-kuukan-zukei,geometry,中1,Pre-Algebra|Geometry,exact,editorial,,,,,
surface-area,表面積,surface area,,noun,jp-chuugaku-1-kuukan-zukei,geometry,中1,Pre-Algebra|Geometry,exact,wikidata,表面積,,Q1379273,,
volume,体積,volume,,noun,jp-chuugaku-1-kuukan-zukei,geometry,中1,Pre-Algebra|Geometry,exact,wikipedia-langlink,体積,Volume,Q39297,,
area-of-the-base,底面積,area of the base,,noun,jp-chuugaku-1-kuukan-zukei,geometry,中1,Pre-Algebra|Geometry,exact,editorial,,,,,
height,高さ,height,,noun,jp-chuugaku-1-kuukan-zukei,geometry,中1,Pre-Algebra|Geometry,exact,editorial,高さ,,Q208826,wiki-nonmath,
slant-height,母線,slant height,,noun,jp-chuugaku-1-kuukan-zukei,geometry,中1,Pre-Algebra|Geometry,near,wikipedia-langlink,母線 (数学),Generatrix,Q549388,,円錐の母線は slant height。generatrix は専門用語
net,展開図,net,,noun,jp-chuugaku-1-kuukan-zukei,geometry,中1,Pre-Algebra|Geometry,exact,wikidata,展開図,,Q253829,,
orthographic-projection,投影図,orthographic projection,,noun,jp-chuugaku-1-kuukan-zukei,geometry,中1,Pre-Algebra|Geometry,near,editorial,投影 (図学),,Q11259415,wiki-redirect,米国の中学ではほぼ扱わない。views (top / front / side)
sketch,見取図,sketch,,noun,jp-chuugaku-1-kuukan-zukei,geometry,中1,Pre-Algebra|Geometry,near,editorial,見取図,,Q11630157,wiki-nonmath,3D sketch。固有の語はない
skew-lines,ねじれの位置,skew lines,,noun,jp-chuugaku-1-kuukan-zukei,geometry,中1,Pre-Algebra|Geometry,near,wikidata,ねじれの位置,,Q668297,,「ねじれの位置にある」は are skew
solid-of-revolution,回転体,solid of revolution,,noun,jp-chuugaku-1-kuukan-zukei,geometry,中1,Pre-Algebra|Geometry,exact,wikidata,回転体,,Q725939,,
cube-zukei,立方体,cube,,noun,jp-chuugaku-1-kuukan-zukei,geometry,中1,Pre-Algebra|Geometry,exact,editorial,正六面体,Cube,Q812880,id-dedup wiki-redirect,
rectangular-prism,直方体,rectangular prism,,noun,jp-chuugaku-1-kuukan-zukei,geometry,中1,Pre-Algebra|Geometry,near,wikidata,直方体,,Q262959,,box / rectangular solid
triangular-prism,三角柱,triangular prism,,noun,jp-chuugaku-1-kuukan-zukei,geometry,中1,Pre-Algebra|Geometry,exact,wikidata,三角柱,,Q1193827,,
square-pyramid,四角錐,square pyramid,,noun,jp-chuugaku-1-kuukan-zukei,geometry,中1,Pre-Algebra|Geometry,near,wikipedia-langlink,四角錐,Square pyramid,Q1075704,,底面が正方形でないなら rectangular pyramid
regular-tetrahedron,正四面体,regular tetrahedron,,noun,jp-chuugaku-1-kuukan-zukei,geometry,中1,Pre-Algebra|Geometry,exact,wikipedia-langlink,正四面体,Regular tetrahedron,Q14918679,,
edge,稜,edge,,noun,jp-chuugaku-1-kuukan-zukei,geometry,中1,Pre-Algebra|Geometry,exact,editorial,,,,,
face,面,face,,noun,jp-chuugaku-1-kuukan-zukei,geometry,中1,Pre-Algebra|Geometry,exact,wikipedia-langlink,面 (幾何学),Face (geometry),Q3064117,,
do-not-intersect,交わらない,do not intersect,,phrase,jp-chuugaku-1-kuukan-zukei,geometry,中1,Pre-Algebra|Geometry,exact,editorial,,,,,
lie-in,含まれる,lie in,is contained in [suugaku-1-shuugou-to-meidai],phrase,jp-chuugaku-1-kuukan-zukei,geometry,中1,Pre-Algebra|Geometry,near,editorial,,,,ja-merged,the line lies in the plane ／ A ⊂ B: A is a subset of B
line-of-intersection,交線,line of intersection,,noun,jp-chuugaku-1-kuukan-zukei,geometry,中1,Pre-Algebra|Geometry,exact,editorial,,,,,
rotate-once-around,一回転させる,rotate once around,,phrase,jp-chuugaku-1-kuukan-zukei,geometry,中1,Pre-Algebra|Geometry,near,editorial,,,,,revolve around the axis
fold-up,組み立てる,fold up,,verb,jp-chuugaku-1-kuukan-zukei,geometry,中1,Pre-Algebra|Geometry,near,editorial,,,,,展開図を組み立てる: fold the net
unfold,切り開く,unfold,,verb,jp-chuugaku-1-kuukan-zukei,geometry,中1,Pre-Algebra|Geometry,exact,editorial,,,,,
meet-at-right-angles,垂直に交わる,meet at right angles,,phrase,jp-chuugaku-1-kuukan-zukei,geometry,中1,Pre-Algebra|Geometry,exact,editorial,,,,,
data,データ,data,,noun,jp-chuugaku-1-data-no-katsuyou,statistics,中1,Pre-Algebra,exact,editorial,データ,Data,Q42848,wiki-nonmath,
frequency,度数,frequency,,noun,jp-chuugaku-1-data-no-katsuyou,statistics,中1,Pre-Algebra,exact,editorial,,,,wiki-disambig,
frequency-table,度数分布表,frequency table,,noun,jp-chuugaku-1-data-no-katsuyou,statistics,中1,Pre-Algebra,exact,wikidata,度数分布,,Q1627586,,
class,階級,class,,noun,jp-chuugaku-1-data-no-katsuyou,statistics,中1,Pre-Algebra,near,editorial,,,,wiki-disambig,class interval / bin
class-width,階級の幅,class width,,noun,jp-chuugaku-1-data-no-katsuyou,statistics,中1,Pre-Algebra,near,editorial,,,,,bin width とも
class-midpoint,階級値,class midpoint,,noun,jp-chuugaku-1-data-no-katsuyou,statistics,中1,Pre-Algebra,near,editorial,,,,,米国の中学ではほぼ使わない
histogram,ヒストグラム,histogram,,noun,jp-chuugaku-1-data-no-katsuyou,statistics,中1,Pre-Algebra,exact,wikidata,ヒストグラム,,Q185020,,
frequency-polygon,度数折れ線,frequency polygon,,noun,jp-chuugaku-1-data-no-katsuyou,statistics,中1,Pre-Algebra,exact,editorial,,,,,
relative-frequency,相対度数,relative frequency,,noun,jp-chuugaku-1-data-no-katsuyou,statistics,中1,Pre-Algebra,exact,editorial,,,,,
cumulative-frequency,累積度数,cumulative frequency,,noun,jp-chuugaku-1-data-no-katsuyou,statistics,中1,Pre-Algebra,exact,editorial,,,,,
cumulative-relative-frequency,累積相対度数,cumulative relative frequency,,noun,jp-chuugaku-1-data-no-katsuyou,statistics,中1,Pre-Algebra,exact,editorial,,,,,
range,範囲,range,,noun,jp-chuugaku-1-data-no-katsuyou,statistics,中1,Pre-Algebra,exact,editorial,範囲,,,wiki-nonmath,
measure-of-center,代表値,measure of center,,noun,jp-chuugaku-1-data-no-katsuyou,statistics,中1,Pre-Algebra,near,editorial,要約統計量,Descriptive statistics,Q380344,wiki-redirect,「代表値」に 1 語の対応なし。measures of central tendency
mean,平均値,mean,,noun,jp-chuugaku-1-data-no-katsuyou,statistics,中1,Pre-Algebra,exact,editorial,平均,Mean,Q2796622,wiki-redirect,
median,中央値,median,,noun,jp-chuugaku-1-data-no-katsuyou,statistics,中1,Pre-Algebra,exact,wikipedia-langlink,中央値,Median,Q226995,,
mode,最頻値,mode,,noun,jp-chuugaku-1-data-no-katsuyou,statistics,中1,Pre-Algebra,exact,wikipedia-langlink,最頻値,Mode (statistics),Q188224,,
distribution,分布,distribution,,noun,jp-chuugaku-1-data-no-katsuyou,statistics,中1,Pre-Algebra,exact,editorial,,,,wiki-disambig,
experimental-probability,統計的確率,experimental probability,,noun,jp-chuugaku-1-data-no-katsuyou,statistics,中1,Pre-Algebra,near,editorial,頻度主義統計学,,Q1455566,wiki-redirect,相対度数として求める確率。empirical probability とも
trend,傾向,trend,,noun,jp-chuugaku-1-data-no-katsuyou,statistics,中1,Pre-Algebra,exact,editorial,傾向,,Q55919789,wiki-nonmath,
spread,散らばり,spread,,noun,jp-chuugaku-1-data-no-katsuyou,statistics,中1,Pre-Algebra,near,editorial,,,,,variability / dispersion
maximum,最大値,maximum,maximum value [suugaku-1-niji-kansuu]; absolute maximum [suugaku-2-bibun-no-kangae],noun,jp-chuugaku-1-data-no-katsuyou,statistics,中1,Pre-Algebra,exact,editorial,最大と最小,Greatest element and least element,Q1196892,ja-merged wiki-redirect,maximum value on the interval。global max
minimum,最小値,minimum,minimum value [suugaku-1-niji-kansuu]; absolute minimum [suugaku-2-bibun-no-kangae],noun,jp-chuugaku-1-data-no-katsuyou,statistics,中1,Pre-Algebra,exact,editorial,最大と最小,Greatest element and least element,Q1196892,ja-merged wiki-redirect,
read-off,読み取る,read off,,verb,jp-chuugaku-1-data-no-katsuyou,statistics,中1,Pre-Algebra,near,editorial,,,,,read the histogram / interpret the graph
analyze,分析する,analyze,,verb,jp-chuugaku-1-data-no-katsuyou,statistics,中1,Pre-Algebra,exact,editorial,分析,,Q217602,,
compare,比較する,compare,,verb,jp-chuugaku-1-data-no-katsuyou,statistics,中1,Pre-Algebra,exact,editorial,比較,,,wiki-nonmath,
tally,集計する,tally,,verb,jp-chuugaku-1-data-no-katsuyou,statistics,中1,Pre-Algebra,exact,editorial,,,,,
group,分ける,group,,verb,jp-chuugaku-1-data-no-katsuyou,statistics,中1,Pre-Algebra,near,editorial,,,,,group the data into classes
be-skewed,偏る,be skewed,,phrase,jp-chuugaku-1-data-no-katsuyou,statistics,中1,Pre-Algebra,near,editorial,,,,,分布が偏っている: the distribution is skewed
vary,ばらつく,vary,,verb,jp-chuugaku-1-data-no-katsuyou,statistics,中1,Pre-Algebra,exact,editorial,,,,,
take-the-average,平均をとる,take the average,,phrase,jp-chuugaku-1-data-no-katsuyou,statistics,中1,Pre-Algebra,exact,editorial,,,,,
monomial,単項式,monomial,,noun,jp-chuugaku-2-shiki-no-keisan,algebra,中2,Algebra 1|Integrated Math 1,exact,wikipedia-langlink,単項式,Monomial,Q243723,,
polynomial,多項式,polynomial,,noun,jp-chuugaku-2-shiki-no-keisan,algebra,中2,Algebra 1|Integrated Math 1,exact,wikipedia-langlink,多項式,Polynomial,Q43260,,
degree,次数,degree,,noun,jp-chuugaku-2-shiki-no-keisan,algebra,中2,Algebra 1|Integrated Math 1,exact,editorial,,,,wiki-disambig,
quadratic-expression,二次式,quadratic expression,,noun,jp-chuugaku-2-shiki-no-keisan,algebra,中2,Algebra 1|Integrated Math 1,exact,editorial,,,,,
combining-like-terms,同類項をまとめる計算,combining like terms,,noun,jp-chuugaku-2-shiki-no-keisan,algebra,中2,Algebra 1|Integrated Math 1,near,editorial,,,,,名詞化
distribute,分配する,distribute,,verb,jp-chuugaku-2-shiki-no-keisan,algebra,中2,Algebra 1|Integrated Math 1,exact,editorial,分配,,,wiki-nonmath,
expand,展開する,expand,,verb,jp-chuugaku-2-shiki-no-keisan,algebra,中2,Algebra 1|Integrated Math 1,near,editorial,,,,wiki-disambig,中2 の範囲では distribute。展開は 中3 で expand / multiply out
adding-and-subtracting-expressions,式の加減,adding and subtracting expressions,,noun,jp-chuugaku-2-shiki-no-keisan,algebra,中2,Algebra 1|Integrated Math 1,exact,editorial,,,,,
multiplying-and-dividing-expressions,式の乗除,multiplying and dividing expressions,,noun,jp-chuugaku-2-shiki-no-keisan,algebra,中2,Algebra 1|Integrated Math 1,exact,editorial,,,,,
using-algebraic-expressions,文字式の利用,using algebraic expressions,,noun,jp-chuugaku-2-shiki-no-keisan,algebra,中2,Algebra 1|Integrated Math 1,near,editorial,,,,,modeling with expressions
rearranging-an-equation,等式の変形,rearranging an equation,,noun,jp-chuugaku-2-shiki-no-keisan,algebra,中2,Algebra 1|Integrated Math 1,near,editorial,,,,,米国では solve for y / rewrite the formula
solve-for-keisan,〜について解く,solve for,,phrase,jp-chuugaku-2-shiki-no-keisan,algebra,中2,Algebra 1|Integrated Math 1,exact,editorial,,,,id-dedup,
explain,説明する,explain,,verb,jp-chuugaku-2-shiki-no-keisan,algebra,中2,Algebra 1|Integrated Math 1,exact,editorial,説明,Explanation,Q7958,,
prove,証明する,prove,,verb,jp-chuugaku-2-shiki-no-keisan,algebra,中2,Algebra 1|Integrated Math 1,exact,editorial,証明 (数学),Mathematical proof,Q11538,,
even-number,偶数,even number,,noun,jp-chuugaku-2-shiki-no-keisan,algebra,中2,Algebra 1|Integrated Math 1,exact,wikipedia-langlink,偶数,Even number,Q13366104,,
odd-number,奇数,odd number,,noun,jp-chuugaku-2-shiki-no-keisan,algebra,中2,Algebra 1|Integrated Math 1,exact,wikipedia-langlink,奇数,Odd number,Q13366129,,
consecutive-integers,連続する整数,consecutive integers,,noun,jp-chuugaku-2-shiki-no-keisan,algebra,中2,Algebra 1|Integrated Math 1,exact,editorial,,,,,
multiple,倍数,multiple,,noun,jp-chuugaku-2-shiki-no-keisan,algebra,中2,Algebra 1|Integrated Math 1,exact,wikipedia-langlink,倍数,Multiple (mathematics),Q1055293,,
divisor,約数,divisor,,noun,jp-chuugaku-2-shiki-no-keisan,algebra,中2,Algebra 1|Integrated Math 1,near,wikipedia-langlink,約数,Divisor,Q50708,,factor とも
two-digit-integer,2 桁の整数,two-digit integer,,noun,jp-chuugaku-2-shiki-no-keisan,algebra,中2,Algebra 1|Integrated Math 1,exact,editorial,,,,,
tens-digit,十の位,tens digit,,noun,jp-chuugaku-2-shiki-no-keisan,algebra,中2,Algebra 1|Integrated Math 1,exact,editorial,,,,,
ones-digit,一の位,ones digit,,noun,jp-chuugaku-2-shiki-no-keisan,algebra,中2,Algebra 1|Integrated Math 1,near,editorial,,,,,units digit とも
be-divisible-by,割り切れる,be divisible by,divides [suugaku-a-suugaku-to-ningen-no-katsudou]; is divisible by [suugaku-2-shiki-to-shoumei],phrase,jp-chuugaku-2-shiki-no-keisan,algebra,中2,Algebra 1|Integrated Math 1,exact,editorial,約数,Divisor,Q50708,ja-merged wiki-redirect,a divides b / b is divisible by a
remainder,余り,remainder,,noun,jp-chuugaku-2-shiki-no-keisan,algebra,中2,Algebra 1|Integrated Math 1,exact,editorial,剰余,Remainder,Q846677,wiki-redirect,
quotient,商,quotient,,noun,jp-chuugaku-2-shiki-no-keisan,algebra,中2,Algebra 1|Integrated Math 1,exact,wikipedia-langlink,商 (数学),Quotient,Q41118,,
product,積,product,,noun,jp-chuugaku-2-shiki-no-keisan,algebra,中2,Algebra 1|Integrated Math 1,exact,wikipedia-langlink,積,Product (mathematics),Q901718,,
sum,和,sum,,noun,jp-chuugaku-2-shiki-no-keisan,algebra,中2,Algebra 1|Integrated Math 1,exact,editorial,,,,wiki-disambig,
difference,差,difference,,noun,jp-chuugaku-2-shiki-no-keisan,algebra,中2,Algebra 1|Integrated Math 1,exact,editorial,,,,wiki-disambig,
divisor-keisan,除数,divisor,,noun,jp-chuugaku-2-shiki-no-keisan,algebra,中2,Algebra 1|Integrated Math 1,exact,editorial,除法,Division (mathematics),Q1226939,id-dedup wiki-redirect,
dividend,被除数,dividend,,noun,jp-chuugaku-2-shiki-no-keisan,algebra,中2,Algebra 1|Integrated Math 1,exact,editorial,,,,,
collect,まとめる,collect,,verb,jp-chuugaku-2-shiki-no-keisan,algebra,中2,Algebra 1|Integrated Math 1,near,editorial,,,,,collect like terms
cancel-out,消える,cancel out,,phrase,jp-chuugaku-2-shiki-no-keisan,algebra,中2,Algebra 1|Integrated Math 1,near,editorial,,,,,項が消える: the terms cancel
common-factor,共通因数,common factor,,noun,jp-chuugaku-2-shiki-no-keisan,algebra,中2,Algebra 1|Integrated Math 1,exact,editorial,,,,,
system-of-equations,連立方程式,system of equations,,noun,jp-chuugaku-2-renritsu-houteishiki,algebra,中2,Algebra 1|Integrated Math 1,near,wikipedia-langlink,連立方程式,System of equations,Q735660,,system of linear equations / simultaneous equations（英国寄り）
elimination,加減法,elimination,,noun,jp-chuugaku-2-renritsu-houteishiki,algebra,中2,Algebra 1|Integrated Math 1,near,editorial,,,,,elimination method
substitution-houteishiki,代入法,substitution,substitution method [algebra-1-systems],noun,jp-chuugaku-2-renritsu-houteishiki,algebra,中2,Algebra 1|Integrated Math 1,near,editorial,,,,ja-merged id-dedup,substitution method
solution-pair,解の組,solution pair,,noun,jp-chuugaku-2-renritsu-houteishiki,algebra,中2,Algebra 1|Integrated Math 1,near,editorial,,,,,"ordered pair (x, y) that satisfies both"
linear-equation-in-two-variables,二元一次方程式,linear equation in two variables,,noun,jp-chuugaku-2-renritsu-houteishiki,algebra,中2,Algebra 1|Integrated Math 1,exact,editorial,,,,,
eliminate,消去する,eliminate,,verb,jp-chuugaku-2-renritsu-houteishiki,algebra,中2,Algebra 1|Integrated Math 1,exact,editorial,,,,wiki-disambig,
eliminate-a-variable,文字を消去する,eliminate a variable,,phrase,jp-chuugaku-2-renritsu-houteishiki,algebra,中2,Algebra 1|Integrated Math 1,exact,editorial,,,,,
substitute-one-equation-into-the-other,一方の式を他方に代入する,substitute one equation into the other,,phrase,jp-chuugaku-2-renritsu-houteishiki,algebra,中2,Algebra 1|Integrated Math 1,exact,editorial,,,,,
add-the-equations,辺々加える,add the equations,,phrase,jp-chuugaku-2-renritsu-houteishiki,algebra,中2,Algebra 1|Integrated Math 1,near,editorial,,,,,add the two equations together
subtract-the-equations,辺々引く,subtract the equations,,phrase,jp-chuugaku-2-renritsu-houteishiki,algebra,中2,Algebra 1|Integrated Math 1,exact,editorial,,,,,
line-up-the-coefficients,係数をそろえる,line up the coefficients,,phrase,jp-chuugaku-2-renritsu-houteishiki,algebra,中2,Algebra 1|Integrated Math 1,near,editorial,,,,,make the coefficients match
checking-whether-the-solution-makes-sense,解の吟味,checking whether the solution makes sense,,noun,jp-chuugaku-2-renritsu-houteishiki,algebra,中2,Algebra 1|Integrated Math 1,near,editorial,,,,,文章題で。check that the answer is reasonable
no-solution,解なし,no solution,,noun,jp-chuugaku-2-renritsu-houteishiki,algebra,中2,Algebra 1|Integrated Math 1,exact,editorial,,,,,
infinitely-many-solutions,解が無数にある,infinitely many solutions,,phrase,jp-chuugaku-2-renritsu-houteishiki,algebra,中2,Algebra 1|Integrated Math 1,exact,editorial,,,,,
set-up-a-system,連立する,set up a system,,phrase,jp-chuugaku-2-renritsu-houteishiki,algebra,中2,Algebra 1|Integrated Math 1,near,editorial,連立,Coalition,Q124964,,「連立させる」に 1 語なし。solve them simultaneously
satisfy-both-equations,同時に満たす,satisfy both equations,,phrase,jp-chuugaku-2-renritsu-houteishiki,algebra,中2,Algebra 1|Integrated Math 1,exact,editorial,,,,,
plug-back-in-to-check,代入して確かめる,plug back in to check,,phrase,jp-chuugaku-2-renritsu-houteishiki,algebra,中2,Algebra 1|Integrated Math 1,exact,editorial,,,,,
combine-the-equations,式を組み合わせる,combine the equations,,phrase,jp-chuugaku-2-renritsu-houteishiki,algebra,中2,Algebra 1|Integrated Math 1,exact,editorial,,,,,
multiply-by-a-constant,定数倍する,multiply by a constant,,phrase,jp-chuugaku-2-renritsu-houteishiki,algebra,中2,Algebra 1|Integrated Math 1,exact,editorial,,,,,
surplus-and-shortage,過不足,surplus and shortage,,noun,jp-chuugaku-2-renritsu-houteishiki,algebra,中2,Algebra 1|Integrated Math 1,none,editorial,,,,,日本の文章題の型。米国には対応する括りなし
motion-problem,速さの問題,motion problem,,noun,jp-chuugaku-2-renritsu-houteishiki,algebra,中2,Algebra 1|Integrated Math 1,near,editorial,,,,,distance-rate-time problem
mixture-problem,濃度の問題,mixture problem,,noun,jp-chuugaku-2-renritsu-houteishiki,algebra,中2,Algebra 1|Integrated Math 1,near,editorial,,,,,食塩水の問題は mixture problem
linear-function,一次関数,linear function,,noun,jp-chuugaku-2-ichiji-kansuu,functions,中2,Algebra 1|Integrated Math 1,exact,wikipedia-langlink,一次関数,Linear function (calculus),Q188597,,
slope,傾き,slope,,noun,jp-chuugaku-2-ichiji-kansuu,functions,中2,Algebra 1|Integrated Math 1,exact,wikipedia-langlink,傾き (数学),Slope,Q275447,,
y-intercept,切片,y-intercept,intercept [suugaku-2-zukei-to-houteishiki],noun,jp-chuugaku-2-ichiji-kansuu,functions,中2,Algebra 1|Integrated Math 1,near,wikipedia-langlink,切片 (数学),Y-intercept,Q287239,ja-merged,「切片」は y 切片。intercept 単独は x/y を言う
rate-of-change,変化の割合,rate of change,average rate of change [chuugaku-3-kansuu-y-ax2],noun,jp-chuugaku-2-ichiji-kansuu,functions,中2,Algebra 1|Integrated Math 1,exact,editorial,,,,ja-merged,二次関数の「変化の割合」は米国では average rate of change
change,増加量,change,,noun,jp-chuugaku-2-ichiji-kansuu,functions,中2,Algebra 1|Integrated Math 1,near,editorial,,,,,the change in y / Δy
intersection-of-the-graphs,グラフの交点,intersection of the graphs,,noun,jp-chuugaku-2-ichiji-kansuu,functions,中2,Algebra 1|Integrated Math 1,exact,editorial,,,,,
equation-of-a-line,直線の式,equation of a line,,noun,jp-chuugaku-2-ichiji-kansuu,functions,中2,Algebra 1|Integrated Math 1,exact,editorial,,,,,
parallel-lines,平行な直線,parallel lines,,noun,jp-chuugaku-2-ichiji-kansuu,functions,中2,Algebra 1|Integrated Math 1,exact,editorial,,,,,
applications-of-linear-functions,一次関数の利用,applications of linear functions,,noun,jp-chuugaku-2-ichiji-kansuu,functions,中2,Algebra 1|Integrated Math 1,near,editorial,,,,,modeling with linear functions
graph-of-a-linear-equation-in-two-variables,二元一次方程式のグラフ,graph of a linear equation in two variables,,noun,jp-chuugaku-2-ichiji-kansuu,functions,中2,Algebra 1|Integrated Math 1,exact,editorial,,,,,
increasing,右上がり,increasing,,adjective,jp-chuugaku-2-ichiji-kansuu,functions,中2,Algebra 1|Integrated Math 1,near,editorial,,,,,rises from left to right / positive slope
decreasing,右下がり,decreasing,,adjective,jp-chuugaku-2-ichiji-kansuu,functions,中2,Algebra 1|Integrated Math 1,near,editorial,,,,,falls from left to right / negative slope
domain,定義域,domain,,noun,jp-chuugaku-2-ichiji-kansuu,functions,中2,Algebra 1|Integrated Math 1,exact,wikipedia-langlink,定義域,Domain of a function,Q192439,,
range-kansuu,値域,range,,noun,jp-chuugaku-2-ichiji-kansuu,functions,中2,Algebra 1|Integrated Math 1,exact,wikipedia-langlink,値域,Range of a function,Q1806121,id-dedup,
pass-through-a-point,点を通る,pass through a point,,phrase,jp-chuugaku-2-ichiji-kansuu,functions,中2,Algebra 1|Integrated Math 1,exact,editorial,,,,,
find-the-slope,傾きを求める,find the slope,,phrase,jp-chuugaku-2-ichiji-kansuu,functions,中2,Algebra 1|Integrated Math 1,exact,editorial,,,,,
find-the-equation,式を求める,find the equation,,phrase,jp-chuugaku-2-ichiji-kansuu,functions,中2,Algebra 1|Integrated Math 1,exact,editorial,,,,,
shift-the-graph,グラフを平行移動する,shift the graph,,phrase,jp-chuugaku-2-ichiji-kansuu,functions,中2,Algebra 1|Integrated Math 1,near,editorial,,,,,translate / slide the graph
find-the-point-of-intersection,交点を求める,find the point of intersection,,phrase,jp-chuugaku-2-ichiji-kansuu,functions,中2,Algebra 1|Integrated Math 1,exact,editorial,,,,,
x-intercept,x 軸との交点,x-intercept,,noun,jp-chuugaku-2-ichiji-kansuu,functions,中2,Algebra 1|Integrated Math 1,exact,editorial,,,,,
table-equation-and-graph,表・式・グラフ,"table, equation, and graph",,noun,jp-chuugaku-2-ichiji-kansuu,functions,中2,Algebra 1|Integrated Math 1,near,editorial,,,,,multiple representations
graph-of-direct-variation,比例のグラフ,graph of direct variation,,noun,jp-chuugaku-2-ichiji-kansuu,functions,中2,Algebra 1|Integrated Math 1,exact,editorial,,,,,
constant-function,定数関数,constant function,,noun,jp-chuugaku-2-ichiji-kansuu,functions,中2,Algebra 1|Integrated Math 1,exact,wikipedia-langlink,定数関数,Constant function,Q746264,,
have-the-same-slope,傾きが等しい,have the same slope,,phrase,jp-chuugaku-2-ichiji-kansuu,functions,中2,Algebra 1|Integrated Math 1,exact,editorial,,,,,
y-changes-with-x,y が x に伴って変わる,y changes with x,,phrase,jp-chuugaku-2-ichiji-kansuu,functions,中2,Algebra 1|Integrated Math 1,exact,editorial,,,,,
when-x-increases-by-1,1 増えると,when x increases by 1,,phrase,jp-chuugaku-2-ichiji-kansuu,functions,中2,Algebra 1|Integrated Math 1,exact,editorial,,,,,
linear,線形,linear,,adjective,jp-chuugaku-2-ichiji-kansuu,functions,中2,Algebra 1|Integrated Math 1,exact,editorial,,,,wiki-disambig,
vertical-angles,対頂角,vertical angles,,noun,jp-chuugaku-2-heikou-to-goudou,geometry,中2,Geometry|Integrated Math 1,exact,wikidata,対頂角,,Q10906396,,
corresponding-angles,同位角,corresponding angles,,noun,jp-chuugaku-2-heikou-to-goudou,geometry,中2,Geometry|Integrated Math 1,exact,wikipedia-langlink,同位角,Corresponding angles,Q841990,,
alternate-interior-angles,錯角,alternate interior angles,,noun,jp-chuugaku-2-heikou-to-goudou,geometry,中2,Geometry|Integrated Math 1,exact,wikipedia-langlink,錯角,Alternate angles,Q11650583,,
same-side-interior-angles,同側内角,same-side interior angles,,noun,jp-chuugaku-2-heikou-to-goudou,geometry,中2,Geometry|Integrated Math 1,near,editorial,,,,,consecutive interior angles とも
interior-angle,内角,interior angle,,noun,jp-chuugaku-2-heikou-to-goudou,geometry,中2,Geometry|Integrated Math 1,exact,editorial,角度,Angle,Q11352,wiki-redirect,
exterior-angle,外角,exterior angle,,noun,jp-chuugaku-2-heikou-to-goudou,geometry,中2,Geometry|Integrated Math 1,exact,editorial,角度,Angle,Q11352,wiki-redirect,
sum-of-the-interior-angles,内角の和,sum of the interior angles,,noun,jp-chuugaku-2-heikou-to-goudou,geometry,中2,Geometry|Integrated Math 1,exact,editorial,,,,,
sum-of-the-exterior-angles,外角の和,sum of the exterior angles,,noun,jp-chuugaku-2-heikou-to-goudou,geometry,中2,Geometry|Integrated Math 1,exact,editorial,,,,,
angle-sum-of-a-triangle,三角形の内角の和,angle sum of a triangle,,noun,jp-chuugaku-2-heikou-to-goudou,geometry,中2,Geometry|Integrated Math 1,near,editorial,,,,,triangle angle sum theorem
acute-angle,鋭角,acute angle,,noun,jp-chuugaku-2-heikou-to-goudou,geometry,中2,Geometry|Integrated Math 1,exact,editorial,角度,Angle,Q11352,wiki-redirect,
right-angle,直角,right angle,,noun,jp-chuugaku-2-heikou-to-goudou,geometry,中2,Geometry|Integrated Math 1,exact,wikipedia-langlink,直角,Right angle,Q210,,
obtuse-angle,鈍角,obtuse angle,,noun,jp-chuugaku-2-heikou-to-goudou,geometry,中2,Geometry|Integrated Math 1,exact,editorial,角度,Angle,Q11352,wiki-redirect,
acute-triangle,鋭角三角形,acute triangle,,noun,jp-chuugaku-2-heikou-to-goudou,geometry,中2,Geometry|Integrated Math 1,exact,wikidata,鋭角三角形,,Q3998560,,
right-triangle,直角三角形,right triangle,,noun,jp-chuugaku-2-heikou-to-goudou,geometry,中2,Geometry|Integrated Math 1,exact,wikipedia-langlink,直角三角形,Right triangle,Q158688,,
obtuse-triangle,鈍角三角形,obtuse triangle,,noun,jp-chuugaku-2-heikou-to-goudou,geometry,中2,Geometry|Integrated Math 1,exact,wikidata,鈍角三角形,,Q3998573,,
congruence,合同,congruence,,noun,jp-chuugaku-2-heikou-to-goudou,geometry,中2,Geometry|Integrated Math 1,exact,editorial,,,,wiki-disambig,
congruent-figures,合同な図形,congruent figures,,noun,jp-chuugaku-2-heikou-to-goudou,geometry,中2,Geometry|Integrated Math 1,exact,editorial,,,,,
corresponding-vertices,対応する頂点,corresponding vertices,,noun,jp-chuugaku-2-heikou-to-goudou,geometry,中2,Geometry|Integrated Math 1,exact,editorial,,,,,
corresponding-sides,対応する辺,corresponding sides,,noun,jp-chuugaku-2-heikou-to-goudou,geometry,中2,Geometry|Integrated Math 1,exact,editorial,,,,,
corresponding-angles-goudou,対応する角,corresponding angles,,noun,jp-chuugaku-2-heikou-to-goudou,geometry,中2,Geometry|Integrated Math 1,exact,editorial,,,,id-dedup,
congruence-criteria,合同条件,congruence criteria,,noun,jp-chuugaku-2-heikou-to-goudou,geometry,中2,Geometry|Integrated Math 1,near,editorial,,,,wiki-disambig,米国では SSS / SAS / ASA / AAS / HL と略称で呼ぶ
sss,三辺相等,SSS,,noun,jp-chuugaku-2-heikou-to-goudou,geometry,中2,Geometry|Integrated Math 1,near,editorial,図形の合同,Congruence (geometry),Q154210,wiki-redirect,side-side-side
sas,二辺夾角相等,SAS,,noun,jp-chuugaku-2-heikou-to-goudou,geometry,中2,Geometry|Integrated Math 1,near,editorial,図形の合同,Congruence (geometry),Q154210,wiki-redirect,side-angle-side
asa,一辺両端角相等,ASA,,noun,jp-chuugaku-2-heikou-to-goudou,geometry,中2,Geometry|Integrated Math 1,near,editorial,図形の合同,Congruence (geometry),Q154210,wiki-redirect,angle-side-angle
hypothesis,仮定,hypothesis,,noun,jp-chuugaku-2-heikou-to-goudou,geometry,中2,Geometry|Integrated Math 1,near,editorial,仮説,,Q41719,wiki-redirect wiki-nonmath,証明の「仮定」は given
conclusion,結論,conclusion,,noun,jp-chuugaku-2-heikou-to-goudou,geometry,中2,Geometry|Integrated Math 1,exact,editorial,結果,,Q2995644,wiki-redirect,
proof,証明,proof,,noun,jp-chuugaku-2-heikou-to-goudou,geometry,中2,Geometry|Integrated Math 1,exact,wikipedia-langlink,証明 (数学),Mathematical proof,Q11538,,
theorem,定理,theorem,,noun,jp-chuugaku-2-heikou-to-goudou,geometry,中2,Geometry|Integrated Math 1,exact,wikidata,定理,,Q65943,,
definition,定義,definition,,noun,jp-chuugaku-2-heikou-to-goudou,geometry,中2,Geometry|Integrated Math 1,exact,wikipedia-langlink,定義,Definition,Q101072,,
converse,逆,converse,,noun,jp-chuugaku-2-heikou-to-goudou,geometry,中2,Geometry|Integrated Math 1,exact,wikidata,逆,,Q1375963,,
counterexample,反例,counterexample,,noun,jp-chuugaku-2-heikou-to-goudou,geometry,中2,Geometry|Integrated Math 1,exact,wikipedia-langlink,反例,Counterexample,Q596077,,
auxiliary-line,補助線,auxiliary line,,noun,jp-chuugaku-2-heikou-to-goudou,geometry,中2,Geometry|Integrated Math 1,exact,editorial,,,,,
properties-of-figures,図形の性質,properties of figures,,noun,jp-chuugaku-2-heikou-to-goudou,geometry,中2,Geometry|Integrated Math 1,exact,editorial,,,,,
by-hypothesis,仮定より,by hypothesis,,phrase,jp-chuugaku-2-heikou-to-goudou,geometry,中2,Geometry|Integrated Math 1,near,editorial,,,,,"答案では ""Given"" / ""since ... is given"""
since,〜より,since,,phrase,jp-chuugaku-2-heikou-to-goudou,geometry,中2,Geometry|Integrated Math 1,near,editorial,,,,,答案では since / because / by
therefore,よって,therefore,,phrase,jp-chuugaku-2-heikou-to-goudou,geometry,中2,Geometry|Integrated Math 1,near,editorial,,,,,話: so 書: therefore / hence
hence,ゆえに,hence,,phrase,jp-chuugaku-2-heikou-to-goudou,geometry,中2,Geometry|Integrated Math 1,exact,editorial,,,,,
is-congruent-to,合同である,is congruent to,,phrase,jp-chuugaku-2-heikou-to-goudou,geometry,中2,Geometry|Integrated Math 1,exact,editorial,,,,wiki-disambig,
equal,等しい,equal,,adjective,jp-chuugaku-2-heikou-to-goudou,geometry,中2,Geometry|Integrated Math 1,exact,editorial,,,,,
are-equal-respectively,それぞれ等しい,"are equal, respectively",,phrase,jp-chuugaku-2-heikou-to-goudou,geometry,中2,Geometry|Integrated Math 1,exact,editorial,,,,,
show-that,示せ,show that,,phrase,jp-chuugaku-2-heikou-to-goudou,geometry,中2,Geometry|Integrated Math 1,near,editorial,,,,,問題文の指示語。Prove / Show that
prove-that,〜を証明せよ,prove that,,phrase,jp-chuugaku-2-heikou-to-goudou,geometry,中2,Geometry|Integrated Math 1,exact,editorial,,,,,
show-that-it-holds,成り立つことを示す,show that it holds,,phrase,jp-chuugaku-2-heikou-to-goudou,geometry,中2,Geometry|Integrated Math 1,exact,editorial,,,,,
properties-of-parallel-lines,平行線の性質,properties of parallel lines,,noun,jp-chuugaku-2-heikou-to-goudou,geometry,中2,Geometry|Integrated Math 1,exact,editorial,,,,,
find-the-angle,角度を求める,find the angle,,phrase,jp-chuugaku-2-heikou-to-goudou,geometry,中2,Geometry|Integrated Math 1,exact,editorial,,,,,
isosceles-triangle,二等辺三角形,isosceles triangle,,noun,jp-chuugaku-2-sankakkei-to-shikakkei,geometry,中2,Geometry,exact,wikidata,二等辺三角形,,Q875937,,
base-angle,底角,base angle,,noun,jp-chuugaku-2-sankakkei-to-shikakkei,geometry,中2,Geometry,exact,editorial,,,,,
vertex-angle,頂角,vertex angle,,noun,jp-chuugaku-2-sankakkei-to-shikakkei,geometry,中2,Geometry,exact,editorial,,,,,
base-shikakkei,底辺,base,,noun,jp-chuugaku-2-sankakkei-to-shikakkei,geometry,中2,Geometry,exact,editorial,底辺,,Q11485983,id-dedup wiki-nonmath,
equilateral-triangle,正三角形,equilateral triangle,,noun,jp-chuugaku-2-sankakkei-to-shikakkei,geometry,中2,Geometry,exact,wikipedia-langlink,正三角形,Equilateral triangle,Q157002,,
congruence-criteria-for-right-triangles,直角三角形の合同条件,congruence criteria for right triangles,,noun,jp-chuugaku-2-sankakkei-to-shikakkei,geometry,中2,Geometry,near,editorial,,,,,HL（hypotenuse-leg）
hypotenuse,斜辺,hypotenuse,,noun,jp-chuugaku-2-sankakkei-to-shikakkei,geometry,中2,Geometry,exact,wikidata,斜辺,,Q104962,,
parallelogram,平行四辺形,parallelogram,,noun,jp-chuugaku-2-sankakkei-to-shikakkei,geometry,中2,Geometry,exact,wikipedia-langlink,平行四辺形,Parallelogram,Q45867,,
rectangle,長方形,rectangle,,noun,jp-chuugaku-2-sankakkei-to-shikakkei,geometry,中2,Geometry,exact,wikipedia-langlink,長方形,Rectangle,Q209,,
rhombus,ひし形,rhombus,,noun,jp-chuugaku-2-sankakkei-to-shikakkei,geometry,中2,Geometry,exact,editorial,菱形,Rhombus,Q41159,wiki-redirect,
square-shikakkei,正方形,square,,noun,jp-chuugaku-2-sankakkei-to-shikakkei,geometry,中2,Geometry,exact,wikipedia-langlink,正方形,Square,Q164,id-dedup,
trapezoid,台形,trapezoid,,noun,jp-chuugaku-2-sankakkei-to-shikakkei,geometry,中2,Geometry,near,wikipedia-langlink,台形,Trapezoid,Q46303,,英国は trapezium。米国は trapezoid
diagonal,対角線,diagonal,,noun,jp-chuugaku-2-sankakkei-to-shikakkei,geometry,中2,Geometry,exact,wikidata,対角線,,Q189791,,
opposite-side,対辺,opposite side,,noun,jp-chuugaku-2-sankakkei-to-shikakkei,geometry,中2,Geometry,exact,editorial,三角形,Triangle,Q19821,wiki-redirect,
opposite-angle,対角,opposite angle,,noun,jp-chuugaku-2-sankakkei-to-shikakkei,geometry,中2,Geometry,exact,editorial,,,,,
conditions-for-a-parallelogram,平行四辺形になる条件,conditions for a parallelogram,,noun,jp-chuugaku-2-sankakkei-to-shikakkei,geometry,中2,Geometry,near,editorial,,,,,ways to prove a quadrilateral is a parallelogram
definition-and-theorem,定義と定理,definition and theorem,,noun,jp-chuugaku-2-sankakkei-to-shikakkei,geometry,中2,Geometry,exact,editorial,,,,,
the-converse-holds,逆が成り立つ,the converse holds,,phrase,jp-chuugaku-2-sankakkei-to-shikakkei,geometry,中2,Geometry,exact,editorial,,,,,
have-the-same-area,面積が等しい,have the same area,,phrase,jp-chuugaku-2-sankakkei-to-shikakkei,geometry,中2,Geometry,near,editorial,,,,,equal in area
area-preserving-transformation,等積変形,area-preserving transformation,,noun,jp-chuugaku-2-sankakkei-to-shikakkei,geometry,中2,Geometry,none,editorial,,,,,"日本の中2 の括り。米国では same base, same height"
special-parallelograms,特別な平行四辺形,special parallelograms,,noun,jp-chuugaku-2-sankakkei-to-shikakkei,geometry,中2,Geometry,exact,editorial,,,,,
midsegment-theorem,中点連結定理,midsegment theorem,,noun,jp-chuugaku-2-sankakkei-to-shikakkei,geometry,中2,Geometry,near,wikidata,中点連結定理,,Q3527240,,triangle midsegment theorem。日本は中3
common,共通,common,,adjective,jp-chuugaku-2-sankakkei-to-shikakkei,geometry,中2,Geometry,near,editorial,共通,,,wiki-nonmath,共通の辺: the shared side / common side
opposite-shikakkei,向かい合う,opposite,,adjective,jp-chuugaku-2-sankakkei-to-shikakkei,geometry,中2,Geometry,exact,editorial,,,,id-dedup,
use-congruent-triangles,三角形の合同を利用する,use congruent triangles,,phrase,jp-chuugaku-2-sankakkei-to-shikakkei,geometry,中2,Geometry,exact,editorial,,,,,
bisect-the-angle,角を二等分する,bisect the angle,,phrase,jp-chuugaku-2-sankakkei-to-shikakkei,geometry,中2,Geometry,exact,editorial,,,,,
divide-the-figure,図形を分ける,divide the figure,,phrase,jp-chuugaku-2-sankakkei-to-shikakkei,geometry,中2,Geometry,exact,editorial,,,,,
are-collinear,一直線上にある,are collinear,,phrase,jp-chuugaku-2-sankakkei-to-shikakkei,geometry,中2,Geometry,exact,editorial,,,,,
satisfy-the-condition,条件を満たす,satisfy the condition,,phrase,jp-chuugaku-2-sankakkei-to-shikakkei,geometry,中2,Geometry,exact,editorial,,,,,
necessary-and-sufficient,必要十分,necessary and sufficient,,adjective,jp-chuugaku-2-sankakkei-to-shikakkei,geometry,中2,Geometry,exact,editorial,必要条件と十分条件,,Q875267,wiki-redirect,
quartile,四分位数,quartile,,noun,jp-chuugaku-2-data-no-katsuyou,statistics,中2,Algebra 1,exact,wikidata,四分位数,,Q2786686,,
first-quartile,第 1 四分位数,first quartile,,noun,jp-chuugaku-2-data-no-katsuyou,statistics,中2,Algebra 1,near,editorial,,,,,Q1 / lower quartile
third-quartile,第 3 四分位数,third quartile,,noun,jp-chuugaku-2-data-no-katsuyou,statistics,中2,Algebra 1,near,editorial,,,,,Q3 / upper quartile
interquartile-range,四分位範囲,interquartile range,,noun,jp-chuugaku-2-data-no-katsuyou,statistics,中2,Algebra 1,exact,wikidata,四分位範囲,,Q1916617,,
box-plot,箱ひげ図,box plot,,noun,jp-chuugaku-2-data-no-katsuyou,statistics,中2,Algebra 1,near,wikipedia-langlink,箱ひげ図,Box plot,Q895726,,box-and-whisker plot
whisker,ひげ,whisker,,noun,jp-chuugaku-2-data-no-katsuyou,statistics,中2,Algebra 1,exact,editorial,髭,Beard,Q42804,wiki-redirect wiki-nonmath,
outlier,外れ値,outlier,,noun,jp-chuugaku-2-data-no-katsuyou,statistics,中2,Algebra 1,exact,wikidata,外れ値,,Q779824,,
spread-of-the-data,データの散らばり,spread of the data,,noun,jp-chuugaku-2-data-no-katsuyou,statistics,中2,Algebra 1,exact,editorial,,,,,
comparing-distributions,分布の比較,comparing distributions,,noun,jp-chuugaku-2-data-no-katsuyou,statistics,中2,Algebra 1,exact,editorial,,,,,
five-number-summary,五数要約,five-number summary,,noun,jp-chuugaku-2-data-no-katsuyou,statistics,中2,Algebra 1,exact,editorial,箱ひげ図,Box plot,Q895726,wiki-redirect,
split-at-the-median,中央値で分ける,split at the median,,phrase,jp-chuugaku-2-data-no-katsuyou,statistics,中2,Algebra 1,exact,editorial,,,,,
more-spread-out,散らばりが大きい,more spread out,,phrase,jp-chuugaku-2-data-no-katsuyou,statistics,中2,Algebra 1,exact,editorial,,,,,
length-of-the-box,箱の長さ,length of the box,,noun,jp-chuugaku-2-data-no-katsuyou,statistics,中2,Algebra 1,exact,editorial,,,,,
length-of-the-whisker,ひげの長さ,length of the whisker,,noun,jp-chuugaku-2-data-no-katsuyou,statistics,中2,Algebra 1,exact,editorial,,,,,
evaluate-critically,批判的に考察する,evaluate critically,,phrase,jp-chuugaku-2-data-no-katsuyou,statistics,中2,Algebra 1,near,editorial,,,,,統計的探究の言い方
probability,確率,probability,,noun,jp-chuugaku-2-kakuritsu,probability,中2,Pre-Algebra|Integrated Math 2,exact,wikipedia-langlink,確率,Probability,Q9492,,
number-of-possible-outcomes,起こりうる場合の数,number of possible outcomes,,noun,jp-chuugaku-2-kakuritsu,probability,中2,Pre-Algebra|Integrated Math 2,near,editorial,,,,,STYLE: 分野名としての「場合の数」は counting
equally-likely,同様に確からしい,equally likely,,adjective,jp-chuugaku-2-kakuritsu,probability,中2,Pre-Algebra|Integrated Math 2,exact,editorial,,,,,
possible,起こりうる,possible,,adjective,jp-chuugaku-2-kakuritsu,probability,中2,Pre-Algebra|Integrated Math 2,near,editorial,,,,,possible outcomes
event,事象,event,,noun,jp-chuugaku-2-kakuritsu,probability,中2,Pre-Algebra|Integrated Math 2,exact,wikipedia-langlink,事象 (確率論),Event (probability theory),Q10290214,,
probability-of-not-happening,起こらない確率,probability of not happening,,noun,jp-chuugaku-2-kakuritsu,probability,中2,Pre-Algebra|Integrated Math 2,near,editorial,,,,,complement
tree-diagram,樹形図,tree diagram,,noun,jp-chuugaku-2-kakuritsu,probability,中2,Pre-Algebra|Integrated Math 2,exact,editorial,木 (数学),Tree (graph theory),Q272735,wiki-redirect,
table-of-outcomes,確率の表,table of outcomes,,noun,jp-chuugaku-2-kakuritsu,probability,中2,Pre-Algebra|Integrated Math 2,near,editorial,,,,,sample space table
die,さいころ,die,,noun,jp-chuugaku-2-kakuritsu,probability,中2,Pre-Algebra|Integrated Math 2,near,editorial,サイコロ,Dice,Q45089,wiki-redirect,複数は dice
coin,硬貨,coin,,noun,jp-chuugaku-2-kakuritsu,probability,中2,Pre-Algebra|Integrated Math 2,exact,wikipedia-langlink,硬貨,Coin,Q41207,,
heads,表（硬貨）,heads,,noun,jp-chuugaku-2-kakuritsu,probability,中2,Pre-Algebra|Integrated Math 2,near,editorial,,,,,硬貨の表
tails,裏（硬貨）,tails,,noun,jp-chuugaku-2-kakuritsu,probability,中2,Pre-Algebra|Integrated Math 2,exact,editorial,,,,,
lottery,くじ,lottery,,noun,jp-chuugaku-2-kakuritsu,probability,中2,Pre-Algebra|Integrated Math 2,near,wikipedia-langlink,くじ,Demarchy,Q5433694,,「くじを引く」は draw lots / draw a ticket
ball,玉,ball,,noun,jp-chuugaku-2-kakuritsu,probability,中2,Pre-Algebra|Integrated Math 2,near,editorial,,,,wiki-disambig,marble もよく使う
bag,袋,bag,,noun,jp-chuugaku-2-kakuritsu,probability,中2,Pre-Algebra|Integrated Math 2,exact,wikipedia-langlink,袋,Bag,Q1323314,,
draw,取り出す,draw,,verb,jp-chuugaku-2-kakuritsu,probability,中2,Pre-Algebra|Integrated Math 2,near,editorial,,,,,draw a ball from the bag
replace,戻す,replace,,verb,jp-chuugaku-2-kakuritsu,probability,中2,Pre-Algebra|Integrated Math 2,near,editorial,,,,,with replacement / without replacement
toss,投げる,toss,,verb,jp-chuugaku-2-kakuritsu,probability,中2,Pre-Algebra|Integrated Math 2,near,editorial,投擲,Throwing,Q12898216,wiki-redirect wiki-nonmath,flip a coin / roll a die
likelihood,起こりやすさ,likelihood,,noun,jp-chuugaku-2-kakuritsu,probability,中2,Pre-Algebra|Integrated Math 2,exact,editorial,,,,,
certain,必ず起こる,certain,,adjective,jp-chuugaku-2-kakuritsu,probability,中2,Pre-Algebra|Integrated Math 2,exact,editorial,,,,,
impossible,決して起こらない,impossible,,adjective,jp-chuugaku-2-kakuritsu,probability,中2,Pre-Algebra|Integrated Math 2,exact,editorial,,,,,
find-the-probability,確率を求める,find the probability,,phrase,jp-chuugaku-2-kakuritsu,probability,中2,Pre-Algebra|Integrated Math 2,exact,editorial,,,,,
all-possible-outcomes,すべての場合,all possible outcomes,,noun,jp-chuugaku-2-kakuritsu,probability,中2,Pre-Algebra|Integrated Math 2,near,editorial,,,,,sample space
at-least,少なくとも,at least,,phrase,jp-chuugaku-2-kakuritsu,probability,中2,Pre-Algebra|Integrated Math 2,exact,editorial,,,,,
the-probability-that,〜となる確率,the probability that,,phrase,jp-chuugaku-2-kakuritsu,probability,中2,Pre-Algebra|Integrated Math 2,exact,editorial,,,,,
expansion,展開,expansion,,noun,jp-chuugaku-3-tenkai-insuubunkai,algebra,中3,Algebra 1|Integrated Math 1,near,editorial,,,,wiki-disambig,米国の教室では動詞 expand / multiply out が中心
factoring,因数分解,factoring,,noun,jp-chuugaku-3-tenkai-insuubunkai,algebra,中3,Algebra 1|Integrated Math 1,near,wikipedia-langlink,因数分解,Factorization,Q188804,,英国は factorising
special-products,乗法公式,special products,,noun,jp-chuugaku-3-tenkai-insuubunkai,algebra,中3,Algebra 1|Integrated Math 1,near,editorial,,,,,「乗法公式」という一括りの名はなく、square of a binomial などと個別に呼ぶ
factor,因数,factor,,noun,jp-chuugaku-3-tenkai-insuubunkai,algebra,中3,Algebra 1|Integrated Math 1,exact,editorial,約数,Divisor,Q50708,wiki-redirect,
factor-out-the-common-factor,共通因数をくくり出す,factor out the common factor,,phrase,jp-chuugaku-3-tenkai-insuubunkai,algebra,中3,Algebra 1|Integrated Math 1,exact,editorial,,,,,
square-of-a-binomial,平方の公式,square of a binomial,,noun,jp-chuugaku-3-tenkai-insuubunkai,algebra,中3,Algebra 1|Integrated Math 1,exact,editorial,,,,,
difference-of-squares,和と差の積,difference of squares,,noun,jp-chuugaku-3-tenkai-insuubunkai,algebra,中3,Algebra 1|Integrated Math 1,exact,editorial,,,,,
multiplying-polynomials,多項式の乗法,multiplying polynomials,,noun,jp-chuugaku-3-tenkai-insuubunkai,algebra,中3,Algebra 1|Integrated Math 1,exact,editorial,,,,,
applications-of-expressions,式の計算の利用,applications of expressions,,noun,jp-chuugaku-3-tenkai-insuubunkai,algebra,中3,Algebra 1|Integrated Math 1,near,editorial,,,,,
proving-properties-of-numbers,数の性質の証明,proving properties of numbers,,noun,jp-chuugaku-3-tenkai-insuubunkai,algebra,中3,Algebra 1|Integrated Math 1,exact,editorial,,,,,
factor-insuubunkai,因数分解する,factor,,verb,jp-chuugaku-3-tenkai-insuubunkai,algebra,中3,Algebra 1|Integrated Math 1,exact,editorial,因数分解,Factorization,Q188804,id-dedup,
factor-out,くくり出す,factor out,,verb,jp-chuugaku-3-tenkai-insuubunkai,algebra,中3,Algebra 1|Integrated Math 1,exact,editorial,,,,,
multiply-insuubunkai,かける,multiply,,verb,jp-chuugaku-3-tenkai-insuubunkai,algebra,中3,Algebra 1|Integrated Math 1,exact,editorial,かける,,Q22122933,id-dedup wiki-nonmath,
use-the-distributive-property,分配法則を使う,use the distributive property,,phrase,jp-chuugaku-3-tenkai-insuubunkai,algebra,中3,Algebra 1|Integrated Math 1,exact,editorial,,,,,
cross-method,たすき掛け,cross method,ac method [suugaku-1-kazu-to-shiki],noun,jp-chuugaku-3-tenkai-insuubunkai,algebra,中3,Algebra 1|Integrated Math 1,none,editorial,,,,ja-merged wiki-disambig,STYLE: 米国は ac method / grouping / box method
perfect-square-trinomial,完全平方式,perfect square trinomial,,noun,jp-chuugaku-3-tenkai-insuubunkai,algebra,中3,Algebra 1|Integrated Math 1,exact,editorial,完全平方式,,Q4412880,wiki-nonmath,
difference-of-two-squares,二乗の差,difference of two squares,,noun,jp-chuugaku-3-tenkai-insuubunkai,algebra,中3,Algebra 1|Integrated Math 1,exact,editorial,,,,,
square-of-a-sum,和の平方,square of a sum,,noun,jp-chuugaku-3-tenkai-insuubunkai,algebra,中3,Algebra 1|Integrated Math 1,exact,editorial,,,,,
square-of-a-difference,差の平方,square of a difference,,noun,jp-chuugaku-3-tenkai-insuubunkai,algebra,中3,Algebra 1|Integrated Math 1,exact,editorial,,,,,
binomial,二項式,binomial,,noun,jp-chuugaku-3-tenkai-insuubunkai,algebra,中3,Algebra 1|Integrated Math 1,exact,wikidata,二項式,,Q193623,,
trinomial,三項式,trinomial,,noun,jp-chuugaku-3-tenkai-insuubunkai,algebra,中3,Algebra 1|Integrated Math 1,exact,wikidata,三項式,,Q1670509,,
substitute,置き換える,substitute,,verb,jp-chuugaku-3-tenkai-insuubunkai,algebra,中3,Algebra 1|Integrated Math 1,near,editorial,,,,,「x+1 を A と置き換える」は let A = x + 1
group-insuubunkai,まとめてくくる,group,,verb,jp-chuugaku-3-tenkai-insuubunkai,algebra,中3,Algebra 1|Integrated Math 1,near,editorial,,,,id-dedup,factor by grouping
leading-term,最高次の項,leading term,,noun,jp-chuugaku-3-tenkai-insuubunkai,algebra,中3,Algebra 1|Integrated Math 1,exact,editorial,,,,,
leading-coefficient,最高次の係数,leading coefficient,,noun,jp-chuugaku-3-tenkai-insuubunkai,algebra,中3,Algebra 1|Integrated Math 1,exact,editorial,,,,,
descending-order,降べきの順,descending order,,noun,jp-chuugaku-3-tenkai-insuubunkai,algebra,中3,Algebra 1|Integrated Math 1,near,editorial,,,,,in descending powers of x
ascending-order,昇べきの順,ascending order,,noun,jp-chuugaku-3-tenkai-insuubunkai,algebra,中3,Algebra 1|Integrated Math 1,exact,editorial,,,,,
square-root,平方根,square root,,noun,jp-chuugaku-3-heihoukon,arithmetic,中3,Algebra 1|Integrated Math 2,exact,wikipedia-langlink,平方根,Square root,Q134237,,
radical-sign,根号,radical sign,radical [suugaku-1-kazu-to-shiki],noun,jp-chuugaku-3-heihoukon,arithmetic,中3,Algebra 1|Integrated Math 2,near,wikipedia-langlink,根号,Radical symbol,Q11536248,ja-merged,radical / the root symbol
radical,ルート,radical,,noun,jp-chuugaku-3-heihoukon,arithmetic,中3,Algebra 1|Integrated Math 2,near,editorial,,,,wiki-disambig,「ルート 2」は the square root of two / root two
rational-number,有理数,rational number,,noun,jp-chuugaku-3-heihoukon,arithmetic,中3,Algebra 1|Integrated Math 2,exact,wikipedia-langlink,有理数,Rational number,Q1244890,,
irrational-number,無理数,irrational number,,noun,jp-chuugaku-3-heihoukon,arithmetic,中3,Algebra 1|Integrated Math 2,exact,wikipedia-langlink,無理数,Irrational number,Q607728,,
repeating-decimal,循環小数,repeating decimal,,noun,jp-chuugaku-3-heihoukon,arithmetic,中3,Algebra 1|Integrated Math 2,exact,wikipedia-langlink,循環小数,Repeating decimal,Q389208,,
terminating-decimal,有限小数,terminating decimal,,noun,jp-chuugaku-3-heihoukon,arithmetic,中3,Algebra 1|Integrated Math 2,exact,editorial,小数,Decimal representation,Q1376876,wiki-redirect,
non-terminating-decimal,無限小数,non-terminating decimal,,noun,jp-chuugaku-3-heihoukon,arithmetic,中3,Algebra 1|Integrated Math 2,exact,editorial,小数,Decimal representation,Q1376876,wiki-redirect,
approximate-value,近似値,approximate value,,noun,jp-chuugaku-3-heihoukon,arithmetic,中3,Algebra 1|Integrated Math 2,exact,editorial,近似値,,Q11638409,wiki-nonmath,
error,誤差,error,,noun,jp-chuugaku-3-heihoukon,arithmetic,中3,Algebra 1|Integrated Math 2,exact,wikipedia-langlink,誤差,Errors and residuals,Q1502698,,
significant-figures,有効数字,significant figures,,noun,jp-chuugaku-3-heihoukon,arithmetic,中3,Algebra 1|Integrated Math 2,near,wikidata,有効数字,,Q1056761,,significant digits / sig figs
true-value,真の値,true value,,noun,jp-chuugaku-3-heihoukon,arithmetic,中3,Algebra 1|Integrated Math 2,exact,editorial,,,,,
rationalizing-the-denominator,分母の有理化,rationalizing the denominator,,noun,jp-chuugaku-3-heihoukon,arithmetic,中3,Algebra 1|Integrated Math 2,exact,editorial,,,,,
operations-with-radicals,根号を含む式の計算,operations with radicals,,noun,jp-chuugaku-3-heihoukon,arithmetic,中3,Algebra 1|Integrated Math 2,exact,editorial,,,,,
rationalize,有理化する,rationalize,,verb,jp-chuugaku-3-heihoukon,arithmetic,中3,Algebra 1|Integrated Math 2,exact,editorial,有理化,Rationalisation (mathematics),Q544886,,
simplify-heihoukon,簡単にする,simplify,,verb,jp-chuugaku-3-heihoukon,arithmetic,中3,Algebra 1|Integrated Math 2,near,editorial,,,,id-dedup,simplify the radical
simplify-the-radical,根号の中を小さくする,simplify the radical,,phrase,jp-chuugaku-3-heihoukon,arithmetic,中3,Algebra 1|Integrated Math 2,exact,editorial,,,,,
take-out-of-the-radical,根号の外に出す,take out of the radical,,phrase,jp-chuugaku-3-heihoukon,arithmetic,中3,Algebra 1|Integrated Math 2,near,editorial,,,,,pull out a perfect square
take-the-square-root,平方根をとる,take the square root,,phrase,jp-chuugaku-3-heihoukon,arithmetic,中3,Algebra 1|Integrated Math 2,exact,editorial,,,,,
square-heihoukon,2 乗する,square,,verb,jp-chuugaku-3-heihoukon,arithmetic,中3,Algebra 1|Integrated Math 2,exact,editorial,,,,id-dedup,
principal-square-root,正の平方根,principal square root,,noun,jp-chuugaku-3-heihoukon,arithmetic,中3,Algebra 1|Integrated Math 2,near,editorial,,,,,米国では √ が正の平方根を表すことを principal と言う
negative-square-root,負の平方根,negative square root,,noun,jp-chuugaku-3-heihoukon,arithmetic,中3,Algebra 1|Integrated Math 2,exact,editorial,,,,,
comparing-square-roots,平方根の大小,comparing square roots,,noun,jp-chuugaku-3-heihoukon,arithmetic,中3,Algebra 1|Integrated Math 2,exact,editorial,,,,,
measurement,測定値,measurement,,noun,jp-chuugaku-3-heihoukon,arithmetic,中3,Algebra 1|Integrated Math 2,exact,editorial,,,,,
is-irrational,無理数である,is irrational,,phrase,jp-chuugaku-3-heihoukon,arithmetic,中3,Algebra 1|Integrated Math 2,exact,editorial,無理数,Irrational number,Q607728,,
estimate,評価する,estimate,,verb,jp-chuugaku-3-heihoukon,arithmetic,中3,Algebra 1|Integrated Math 2,near,editorial,評価,Evaluation,Q1379672,wiki-nonmath,√10 を評価する: estimate √10
quadratic-equation,二次方程式,quadratic equation,,noun,jp-chuugaku-3-niji-houteishiki,algebra,中3,Algebra 1|Integrated Math 2,exact,wikipedia-langlink,二次方程式,Quadratic equation,Q41299,,
quadratic-formula,解の公式,quadratic formula,,noun,jp-chuugaku-3-niji-houteishiki,algebra,中3,Algebra 1|Integrated Math 2,exact,editorial,,,,wiki-disambig,
completing-the-square,平方完成,completing the square,,noun,jp-chuugaku-3-niji-houteishiki,algebra,中3,Algebra 1|Integrated Math 2,exact,wikipedia-langlink,平方完成,Completing the square,Q50704,,
solving-by-factoring,因数分解による解法,solving by factoring,,noun,jp-chuugaku-3-niji-houteishiki,algebra,中3,Algebra 1|Integrated Math 2,exact,editorial,,,,,
solving-by-taking-square-roots,平方根の考えを使う解法,solving by taking square roots,,noun,jp-chuugaku-3-niji-houteishiki,algebra,中3,Algebra 1|Integrated Math 2,exact,editorial,,,,,
double-root,重解,double root,repeated root [suugaku-2-fukusosuu-to-houteishiki],noun,jp-chuugaku-3-niji-houteishiki,algebra,中3,Algebra 1|Integrated Math 2,near,editorial,重根 (多項式),Multiple roots of a polynomial,Q24040925,ja-merged wiki-redirect,repeated root / a root of multiplicity 2
two-solutions,2 つの解,two solutions,,noun,jp-chuugaku-3-niji-houteishiki,algebra,中3,Algebra 1|Integrated Math 2,exact,editorial,,,,,
number-of-solutions,解の個数,number of solutions,,noun,jp-chuugaku-3-niji-houteishiki,algebra,中3,Algebra 1|Integrated Math 2,exact,editorial,,,,,
applications-of-quadratic-equations,二次方程式の利用,applications of quadratic equations,,noun,jp-chuugaku-3-niji-houteishiki,algebra,中3,Algebra 1|Integrated Math 2,exact,editorial,,,,,
find-the-solutions,解を求める,find the solutions,,phrase,jp-chuugaku-3-niji-houteishiki,algebra,中3,Algebra 1|Integrated Math 2,exact,editorial,,,,,
solve-by-factoring,因数分解して解く,solve by factoring,,phrase,jp-chuugaku-3-niji-houteishiki,algebra,中3,Algebra 1|Integrated Math 2,exact,editorial,,,,,
complete-the-square,平方完成する,complete the square,,verb,jp-chuugaku-3-niji-houteishiki,algebra,中3,Algebra 1|Integrated Math 2,exact,editorial,平方完成,Completing the square,Q50704,,
use-the-quadratic-formula,解の公式を使う,use the quadratic formula,,phrase,jp-chuugaku-3-niji-houteishiki,algebra,中3,Algebra 1|Integrated Math 2,exact,editorial,,,,,
plug-into-the-quadratic-formula,解の公式に代入する,plug into the quadratic formula,,phrase,jp-chuugaku-3-niji-houteishiki,algebra,中3,Algebra 1|Integrated Math 2,exact,editorial,,,,,
the-solution-is-positive,解が正である,the solution is positive,,phrase,jp-chuugaku-3-niji-houteishiki,algebra,中3,Algebra 1|Integrated Math 2,exact,editorial,,,,,
check-that-the-solution-makes-sense,解の吟味をする,check that the solution makes sense,,phrase,jp-chuugaku-3-niji-houteishiki,algebra,中3,Algebra 1|Integrated Math 2,exact,editorial,,,,,
equal-zero,0 になる,equal zero,,phrase,jp-chuugaku-3-niji-houteishiki,algebra,中3,Algebra 1|Integrated Math 2,exact,editorial,,,,,
one-of-them-is-zero,どちらかが 0,one of them is zero,,phrase,jp-chuugaku-3-niji-houteishiki,algebra,中3,Algebra 1|Integrated Math 2,near,editorial,,,,,zero product property
the-product-is-zero,積が 0,the product is zero,,phrase,jp-chuugaku-3-niji-houteishiki,algebra,中3,Algebra 1|Integrated Math 2,exact,editorial,,,,,
zero-product-property,零因子の性質,zero product property,,noun,jp-chuugaku-3-niji-houteishiki,algebra,中3,Algebra 1|Integrated Math 2,near,editorial,,,,,日本では名前をつけずに使う
compare-coefficients,係数を比べる,compare coefficients,,phrase,jp-chuugaku-3-niji-houteishiki,algebra,中3,Algebra 1|Integrated Math 2,exact,editorial,,,,,
quadratic-function,二次関数,quadratic function,,noun,jp-chuugaku-3-kansuu-y-ax2,functions,中3,Algebra 1|Integrated Math 2,exact,wikipedia-langlink,二次関数,Quadratic function,Q50695,,
parabola,放物線,parabola,,noun,jp-chuugaku-3-kansuu-y-ax2,functions,中3,Algebra 1|Integrated Math 2,exact,wikipedia-langlink,放物線,Parabola,Q48297,,
graph-of-y-ax2,y=ax² のグラフ,graph of y = ax²,,noun,jp-chuugaku-3-kansuu-y-ax2,functions,中3,Algebra 1|Integrated Math 2,exact,editorial,,,,,
open-upward,上に開く,open upward,,phrase,jp-chuugaku-3-kansuu-y-ax2,functions,中3,Algebra 1|Integrated Math 2,near,editorial,,,,,opens up
open-downward,下に開く,open downward,,phrase,jp-chuugaku-3-kansuu-y-ax2,functions,中3,Algebra 1|Integrated Math 2,near,editorial,,,,,opens down
axis-of-symmetry,軸,axis of symmetry,,noun,jp-chuugaku-3-kansuu-y-ax2,functions,中3,Algebra 1|Integrated Math 2,exact,editorial,,,,wiki-disambig,
parabola-and-line,放物線と直線,parabola and line,,noun,jp-chuugaku-3-kansuu-y-ax2,functions,中3,Algebra 1|Integrated Math 2,exact,editorial,,,,,
applications-of-functions,関数の利用,applications of functions,,noun,jp-chuugaku-3-kansuu-y-ax2,functions,中3,Algebra 1|Integrated Math 2,exact,editorial,,,,,
other-functions,いろいろな関数,other functions,,noun,jp-chuugaku-3-kansuu-y-ax2,functions,中3,Algebra 1|Integrated Math 2,near,editorial,,,,,階段関数など。step function
braking-distance,制動距離,braking distance,,noun,jp-chuugaku-3-kansuu-y-ax2,functions,中3,Algebra 1|Integrated Math 2,exact,editorial,ブレーキ,Brake,Q1534839,wiki-redirect wiki-nonmath,
free-fall,落下,free fall,,noun,jp-chuugaku-3-kansuu-y-ax2,functions,中3,Algebra 1|Integrated Math 2,exact,editorial,落下,,Q11620540,wiki-nonmath,
width-of-the-parabola,放物線の開き方,width of the parabola,,noun,jp-chuugaku-3-kansuu-y-ax2,functions,中3,Algebra 1|Integrated Math 2,near,editorial,,,,,how wide or narrow
is-symmetric-about,線対称である,is symmetric about,,phrase,jp-chuugaku-3-kansuu-y-ax2,functions,中3,Algebra 1|Integrated Math 2,exact,editorial,線対称,,Q3886264,,
attain-the-maximum,最大値をとる,attain the maximum,,phrase,jp-chuugaku-3-kansuu-y-ax2,functions,中3,Algebra 1|Integrated Math 2,near,editorial,,,,,reaches its maximum
attain-the-minimum,最小値をとる,attain the minimum,,phrase,jp-chuugaku-3-kansuu-y-ax2,functions,中3,Algebra 1|Integrated Math 2,exact,editorial,,,,,
substitute-the-coordinates,座標を代入する,substitute the coordinates,,phrase,jp-chuugaku-3-kansuu-y-ax2,functions,中3,Algebra 1|Integrated Math 2,exact,editorial,,,,,
as-x-increases,x の値が増加する,as x increases,,phrase,jp-chuugaku-3-kansuu-y-ax2,functions,中3,Algebra 1|Integrated Math 2,exact,editorial,,,,,
y-decreases,y の値が減少する,y decreases,,phrase,jp-chuugaku-3-kansuu-y-ax2,functions,中3,Algebra 1|Integrated Math 2,exact,editorial,,,,,
the-graph-passes-through,グラフが通る,the graph passes through,,phrase,jp-chuugaku-3-kansuu-y-ax2,functions,中3,Algebra 1|Integrated Math 2,exact,editorial,,,,,
is-proportional-to-the-square-of,2 乗に比例する,is proportional to the square of,,phrase,jp-chuugaku-3-kansuu-y-ax2,functions,中3,Algebra 1|Integrated Math 2,near,editorial,,,,,varies directly with the square of
similarity,相似,similarity,,noun,jp-chuugaku-3-souji,geometry,中3,Geometry|Integrated Math 2,exact,editorial,,,,wiki-disambig,
similar-figures,相似な図形,similar figures,,noun,jp-chuugaku-3-souji,geometry,中3,Geometry|Integrated Math 2,exact,editorial,,,,,
ratio-of-similarity,相似比,ratio of similarity,,noun,jp-chuugaku-3-souji,geometry,中3,Geometry|Integrated Math 2,near,editorial,図形の相似,Similarity (geometry),Q254465,wiki-redirect,scale factor
similarity-criteria,相似条件,similarity criteria,,noun,jp-chuugaku-3-souji,geometry,中3,Geometry|Integrated Math 2,near,editorial,,,,,AA / SAS / SSS similarity
aa,二角相等,AA,,noun,jp-chuugaku-3-souji,geometry,中3,Geometry|Integrated Math 2,near,editorial,図形の相似,Similarity (geometry),Q254465,wiki-redirect,angle-angle similarity
enlargement,拡大,enlargement,,noun,jp-chuugaku-3-souji,geometry,中3,Geometry|Integrated Math 2,near,editorial,,,,wiki-disambig,dilation（scale factor > 1）
reduction,縮小,reduction,,noun,jp-chuugaku-3-souji,geometry,中3,Geometry|Integrated Math 2,near,editorial,,,,,dilation（scale factor < 1）
center-of-dilation,相似の中心,center of dilation,,noun,jp-chuugaku-3-souji,geometry,中3,Geometry|Integrated Math 2,exact,wikipedia-langlink,相似の中心,Homothetic center,Q5891804,,
scale-drawing,縮図,scale drawing,,noun,jp-chuugaku-3-souji,geometry,中3,Geometry|Integrated Math 2,exact,editorial,縮図,Epitome (film),Q5383731,wiki-nonmath,
parallel-lines-and-proportional-segments,平行線と線分の比,parallel lines and proportional segments,,noun,jp-chuugaku-3-souji,geometry,中3,Geometry|Integrated Math 2,near,editorial,,,,,triangle proportionality theorem
angle-bisector-theorem,角の二等分線と比,angle bisector theorem,,noun,jp-chuugaku-3-souji,geometry,中3,Geometry|Integrated Math 2,exact,editorial,,,,,
ratio-of-areas-of-similar-figures,相似な図形の面積比,ratio of areas of similar figures,,noun,jp-chuugaku-3-souji,geometry,中3,Geometry|Integrated Math 2,exact,editorial,,,,,
ratio-of-volumes-of-similar-solids,相似な立体の体積比,ratio of volumes of similar solids,,noun,jp-chuugaku-3-souji,geometry,中3,Geometry|Integrated Math 2,exact,editorial,,,,,
ratio-of-areas,面積比,ratio of areas,,noun,jp-chuugaku-3-souji,geometry,中3,Geometry|Integrated Math 2,exact,editorial,,,,,
ratio-of-volumes,体積比,ratio of volumes,,noun,jp-chuugaku-3-souji,geometry,中3,Geometry|Integrated Math 2,exact,editorial,,,,,
ratio-of-corresponding-sides,対応する辺の比,ratio of corresponding sides,,noun,jp-chuugaku-3-souji,geometry,中3,Geometry|Integrated Math 2,exact,editorial,,,,,
set-up-a-proportion,比例式を作る,set up a proportion,,phrase,jp-chuugaku-3-souji,geometry,中3,Geometry|Integrated Math 2,exact,editorial,,,,,
is-similar-to,相似である,is similar to,,phrase,jp-chuugaku-3-souji,geometry,中3,Geometry|Integrated Math 2,exact,editorial,,,,wiki-disambig,
use-similar-triangles,相似を利用する,use similar triangles,,phrase,jp-chuugaku-3-souji,geometry,中3,Geometry|Integrated Math 2,exact,editorial,,,,,
enlarge,拡大する,enlarge,,verb,jp-chuugaku-3-souji,geometry,中3,Geometry|Integrated Math 2,near,editorial,,,,wiki-disambig,dilate / scale up
shrink,縮小する,shrink,,verb,jp-chuugaku-3-souji,geometry,中3,Geometry|Integrated Math 2,near,editorial,,,,,dilate / scale down
the-ratios-are-equal,比が等しい,the ratios are equal,,phrase,jp-chuugaku-3-souji,geometry,中3,Geometry|Integrated Math 2,exact,editorial,,,,,
measure-the-height,高さを測る,measure the height,,phrase,jp-chuugaku-3-souji,geometry,中3,Geometry|Integrated Math 2,exact,editorial,,,,,
scale,縮尺,scale,,noun,jp-chuugaku-3-souji,geometry,中3,Geometry|Integrated Math 2,exact,wikipedia-langlink,縮尺,Scale (map),Q193642,,
inscribed-angle,円周角,inscribed angle,,noun,jp-chuugaku-3-en,geometry,中3,Geometry|Integrated Math 2,exact,wikipedia-langlink,円周角,Inscribed angle,Q915985,,
inscribed-angle-theorem,円周角の定理,inscribed angle theorem,,noun,jp-chuugaku-3-en,geometry,中3,Geometry|Integrated Math 2,exact,wikipedia-langlink,円周角,Inscribed angle,Q915985,,
inscribed-angle-subtending-an-arc,弧に対する円周角,inscribed angle subtending an arc,,noun,jp-chuugaku-3-en,geometry,中3,Geometry|Integrated Math 2,near,editorial,,,,,angle that intercepts the arc
converse-of-the-inscribed-angle-theorem,円周角の定理の逆,converse of the inscribed angle theorem,,noun,jp-chuugaku-3-en,geometry,中3,Geometry|Integrated Math 2,exact,editorial,,,,,
tangent-and-chord,接線と弦,tangent and chord,,noun,jp-chuugaku-3-en,geometry,中3,Geometry|Integrated Math 2,exact,editorial,,,,,
angle-inscribed-in-a-semicircle,直径に対する円周角,angle inscribed in a semicircle,,noun,jp-chuugaku-3-en,geometry,中3,Geometry|Integrated Math 2,near,editorial,,,,,Thales' theorem
length-of-a-tangent,接線の長さ,length of a tangent,,noun,jp-chuugaku-3-en,geometry,中3,Geometry|Integrated Math 2,exact,editorial,,,,,
cyclic-quadrilateral,円に内接する四角形,cyclic quadrilateral,,noun,jp-chuugaku-3-en,geometry,中3,Geometry|Integrated Math 2,near,wikipedia-langlink,円に内接する四角形,Cyclic quadrilateral,Q692086,,inscribed quadrilateral。日本は数A
arc-length,弧の長さ,arc length,,noun,jp-chuugaku-3-en,geometry,中3,Geometry|Integrated Math 2,exact,editorial,,,,,
semicircle,半円,semicircle,,noun,jp-chuugaku-3-en,geometry,中3,Geometry|Integrated Math 2,exact,wikipedia-langlink,半円,Semicircle,Q1133242,,
circle-and-line,円と直線,circle and line,,noun,jp-chuugaku-3-en,geometry,中3,Geometry|Integrated Math 2,exact,editorial,,,,,
perpendicular-to-the-radius,半径に垂直,perpendicular to the radius,,phrase,jp-chuugaku-3-en,geometry,中3,Geometry|Integrated Math 2,exact,editorial,,,,,
congruent-arcs,等しい弧,congruent arcs,,noun,jp-chuugaku-3-en,geometry,中3,Geometry|Integrated Math 2,exact,editorial,,,,,
lie-on-the-circle,円周上にある,lie on the circle,,phrase,jp-chuugaku-3-en,geometry,中3,Geometry|Integrated Math 2,exact,editorial,,,,,
four-points-are-concyclic,4 点が同一円周上にある,four points are concyclic,,phrase,jp-chuugaku-3-en,geometry,中3,Geometry|Integrated Math 2,near,editorial,,,,,lie on the same circle
the-inscribed-angle-is-half-the-central-angle,円周角は中心角の半分,the inscribed angle is half the central angle,,phrase,jp-chuugaku-3-en,geometry,中3,Geometry|Integrated Math 2,exact,editorial,,,,,
subtended-by,弧に対する,subtended by,,phrase,jp-chuugaku-3-en,geometry,中3,Geometry|Integrated Math 2,near,editorial,,,,,intercepted by
draw-a-tangent,接線を引く,draw a tangent,draw the tangent line [suugaku-2-bibun-no-kangae],phrase,jp-chuugaku-3-en,geometry,中3,Geometry|Integrated Math 2,exact,editorial,,,,ja-merged,
draw-a-circle,円を描く,draw a circle,,phrase,jp-chuugaku-3-en,geometry,中3,Geometry|Integrated Math 2,exact,editorial,意外にマンゴー,Igai ni Mango,Q30302567,wiki-redirect wiki-nonmath,
pythagorean-theorem,三平方の定理,Pythagorean theorem,,noun,jp-chuugaku-3-sanpeihou,geometry,中3,Geometry|Integrated Math 2,exact,wikipedia-langlink,ピタゴラスの定理,Pythagorean theorem,Q11518,,
pythagorean-theorem-alt,ピタゴラスの定理,Pythagorean theorem,,noun,jp-chuugaku-3-sanpeihou,geometry,中3,Geometry|Integrated Math 2,exact,wikipedia-langlink,ピタゴラスの定理,Pythagorean theorem,Q11518,,同じ語。ja.alt へ
converse-of-the-pythagorean-theorem,三平方の定理の逆,converse of the Pythagorean theorem,,noun,jp-chuugaku-3-sanpeihou,geometry,中3,Geometry|Integrated Math 2,exact,editorial,,,,,
legs,直角をはさむ辺,legs,,noun,jp-chuugaku-3-sanpeihou,geometry,中3,Geometry|Integrated Math 2,near,editorial,,,,,leg は「直角をはさむ 2 辺」
special-right-triangles,特別な直角三角形,special right triangles,,noun,jp-chuugaku-3-sanpeihou,geometry,中3,Geometry|Integrated Math 2,exact,editorial,,,,,
45-45-90-triangle,45-45-90 の三角形,45-45-90 triangle,,noun,jp-chuugaku-3-sanpeihou,geometry,中3,Geometry|Integrated Math 2,exact,editorial,,,,,
30-60-90-triangle,30-60-90 の三角形,30-60-90 triangle,,noun,jp-chuugaku-3-sanpeihou,geometry,中3,Geometry|Integrated Math 2,exact,editorial,,,,,
distance-between-two-points,2 点間の距離,distance between two points,,noun,jp-chuugaku-3-sanpeihou,geometry,中3,Geometry|Integrated Math 2,exact,editorial,,,,,
distance-formula,距離の公式,distance formula,,noun,jp-chuugaku-3-sanpeihou,geometry,中3,Geometry|Integrated Math 2,exact,editorial,,,,,
length-of-a-diagonal,対角線の長さ,length of a diagonal,,noun,jp-chuugaku-3-sanpeihou,geometry,中3,Geometry|Integrated Math 2,exact,editorial,,,,,
distance-in-three-dimensions,空間内の 2 点間の距離,distance in three dimensions,,noun,jp-chuugaku-3-sanpeihou,geometry,中3,Geometry|Integrated Math 2,exact,editorial,,,,,
use-the-pythagorean-theorem,三平方の定理を使う,use the Pythagorean theorem,,phrase,jp-chuugaku-3-sanpeihou,geometry,中3,Geometry|Integrated Math 2,exact,editorial,,,,,
find-the-length-of-the-side,辺の長さを求める,find the length of the side,,phrase,jp-chuugaku-3-sanpeihou,geometry,中3,Geometry|Integrated Math 2,exact,editorial,,,,,
pythagorean-triple,ピタゴラス数,Pythagorean triple,,noun,jp-chuugaku-3-sanpeihou,geometry,中3,Geometry|Integrated Math 2,exact,wikipedia-langlink,ピタゴラス数,Pythagorean triple,Q208225,,
forms-a-right-triangle,直角三角形になる,forms a right triangle,,phrase,jp-chuugaku-3-sanpeihou,geometry,中3,Geometry|Integrated Math 2,exact,editorial,,,,,
square-and-add,平方して足す,square and add,,phrase,jp-chuugaku-3-sanpeihou,geometry,中3,Geometry|Integrated Math 2,exact,editorial,,,,,
shortest-distance,最短距離,shortest distance,,noun,jp-chuugaku-3-sanpeihou,geometry,中3,Geometry|Integrated Math 2,exact,editorial,,,,,
space-diagonal,立体の対角線,space diagonal,,noun,jp-chuugaku-3-sanpeihou,geometry,中3,Geometry|Integrated Math 2,exact,editorial,,,,,
find-the-height,高さを求める,find the height,,phrase,jp-chuugaku-3-sanpeihou,geometry,中3,Geometry|Integrated Math 2,exact,editorial,,,,,
sample-survey,標本調査,sample survey,,noun,jp-chuugaku-3-hyouhon-chousa,statistics,中3,Algebra 1,near,wikidata,標本調査,,Q49908,,sampling
census,全数調査,census,,noun,jp-chuugaku-3-hyouhon-chousa,statistics,中3,Algebra 1,exact,editorial,標本調査,,Q49908,wiki-redirect,
population,母集団,population,,noun,jp-chuugaku-3-hyouhon-chousa,statistics,中3,Algebra 1,exact,wikipedia-langlink,母集団,Statistical population,Q49918,,
sample,標本,sample,,noun,jp-chuugaku-3-hyouhon-chousa,statistics,中3,Algebra 1,exact,wikipedia-langlink,標本 (統計学),Sample (statistics),Q49906,,
sample-size,標本の大きさ,sample size,,noun,jp-chuugaku-3-hyouhon-chousa,statistics,中3,Algebra 1,exact,editorial,,,,,
select-at-random,無作為に抽出する,select at random,,phrase,jp-chuugaku-3-hyouhon-chousa,statistics,中3,Algebra 1,near,editorial,,,,,random sampling
random-number,乱数,random number,,noun,jp-chuugaku-3-hyouhon-chousa,statistics,中3,Algebra 1,exact,wikipedia-langlink,乱数列,Random number,Q1823781,,
random-number-table,乱数表,random number table,,noun,jp-chuugaku-3-hyouhon-chousa,statistics,中3,Algebra 1,exact,wikidata,乱数表,,Q2835012,,
estimate-chousa,推定する,estimate,,verb,jp-chuugaku-3-hyouhon-chousa,statistics,中3,Algebra 1,exact,editorial,推定,,Q132382,id-dedup,
sample-mean,標本平均,sample mean,,noun,jp-chuugaku-3-hyouhon-chousa,statistics,中3,Algebra 1,exact,wikidata,標本平均・標本共分散,,Q2348165,,
population-mean,母集団の平均,population mean,,noun,jp-chuugaku-3-hyouhon-chousa,statistics,中3,Algebra 1,exact,editorial,,,,,
unbiased,かたよりのない,unbiased,,adjective,jp-chuugaku-3-hyouhon-chousa,statistics,中3,Algebra 1,exact,editorial,,,,,
sampling,標本抽出,sampling,,noun,jp-chuugaku-3-hyouhon-chousa,statistics,中3,Algebra 1,exact,editorial,,,,,
random-sampling,無作為抽出,random sampling,,noun,jp-chuugaku-3-hyouhon-chousa,statistics,中3,Algebra 1,exact,wikipedia-langlink,無作為抽出,Simple random sample,Q1056998,,
survey,調査する,survey,,verb,jp-chuugaku-3-hyouhon-chousa,statistics,中3,Algebra 1,exact,editorial,調査,,Q814232,,
polynomial-shiki,整式,polynomial,,noun,jp-suugaku-1-kazu-to-shiki,algebra,数I,Algebra 1|Algebra 2,exact,editorial,,,,id-dedup wiki-disambig,STYLE: 「多項式」と区別しない
write-in-descending-order,降べきの順に整理する,write in descending order,,phrase,jp-suugaku-1-kazu-to-shiki,algebra,数I,Algebra 1|Algebra 2,near,editorial,,,,,in standard form
substitution-shiki,置き換え,substitution,,noun,jp-suugaku-1-kazu-to-shiki,algebra,数I,Algebra 1|Algebra 2,near,wikipedia-langlink,置換 (数学),Permutation,Q161519,id-dedup,「x²=t とおく」は let t = x²
real-number,実数,real number,,noun,jp-suugaku-1-kazu-to-shiki,algebra,数I,Algebra 1|Algebra 2,exact,wikipedia-langlink,実数,Real number,Q12916,,
nested-radical,二重根号,nested radical,,noun,jp-suugaku-1-kazu-to-shiki,algebra,数I,Algebra 1|Algebra 2,near,editorial,,,,,米国の高校ではまず扱わない。denesting
symmetric-expression,対称式,symmetric expression,,noun,jp-suugaku-1-kazu-to-shiki,algebra,数I,Algebra 1|Algebra 2,near,wikidata,対称式,,Q930499,,米国の高校では名前を付けない。symmetric polynomial
elementary-symmetric-polynomial,基本対称式,elementary symmetric polynomial,,noun,jp-suugaku-1-kazu-to-shiki,algebra,数I,Algebra 1|Algebra 2,near,wikidata,対称式,,Q930499,,同上
alternating-expression,交代式,alternating expression,,noun,jp-suugaku-1-kazu-to-shiki,algebra,数I,Algebra 1|Algebra 2,none,wikidata,交代式,,Q4736415,,米国の高校では扱わない
linear-inequality,一次不等式,linear inequality,,noun,jp-suugaku-1-kazu-to-shiki,algebra,数I,Algebra 1|Algebra 2,exact,wikipedia-langlink,不等式,Inequality (mathematics),Q28113351,,
properties-of-inequalities,不等式の性質,properties of inequalities,,noun,jp-suugaku-1-kazu-to-shiki,algebra,数I,Algebra 1|Algebra 2,exact,editorial,,,,,
system-of-inequalities,連立不等式,system of inequalities,,noun,jp-suugaku-1-kazu-to-shiki,algebra,数I,Algebra 1|Algebra 2,near,editorial,,,,,compound inequality（and / or）とも
absolute-value-equation,絶対値を含む方程式,absolute value equation,,noun,jp-suugaku-1-kazu-to-shiki,algebra,数I,Algebra 1|Algebra 2,exact,editorial,,,,,
absolute-value-inequality,絶対値を含む不等式,absolute value inequality,,noun,jp-suugaku-1-kazu-to-shiki,algebra,数I,Algebra 1|Algebra 2,exact,editorial,,,,,
the-inequality-sign-flips,不等号の向きが変わる,the inequality sign flips,,phrase,jp-suugaku-1-kazu-to-shiki,algebra,数I,Algebra 1|Algebra 2,near,editorial,,,,,reverse the inequality
solution-set,解の範囲,solution set,,noun,jp-suugaku-1-kazu-to-shiki,algebra,数I,Algebra 1|Algebra 2,exact,editorial,,,,,
graph-on-a-number-line,数直線上に図示する,graph on a number line,,phrase,jp-suugaku-1-kazu-to-shiki,algebra,数I,Algebra 1|Algebra 2,exact,editorial,,,,,
intersection-of-the-solution-sets,共通範囲,intersection of the solution sets,,noun,jp-suugaku-1-kazu-to-shiki,algebra,数I,Algebra 1|Algebra 2,near,editorial,,,,,the overlap / where both are true
case-analysis,場合分け,case analysis,,noun,jp-suugaku-1-kazu-to-shiki,algebra,数I,Algebra 1|Algebra 2,near,editorial,,,,,「場合分けする」は split into cases / consider cases
split-into-cases,場合分けする,split into cases,,phrase,jp-suugaku-1-kazu-to-shiki,algebra,数I,Algebra 1|Algebra 2,near,editorial,,,,,consider two cases
integer-part,整数部分,integer part,,noun,jp-suugaku-1-kazu-to-shiki,algebra,数I,Algebra 1|Algebra 2,near,editorial,床関数と天井関数,Floor and ceiling functions,Q215193,wiki-redirect,floor / greatest integer
fractional-part,小数部分,fractional part,,noun,jp-suugaku-1-kazu-to-shiki,algebra,数I,Algebra 1|Algebra 2,exact,wikidata,小数部分,,Q2366982,,
floor-function,ガウス記号,floor function,,noun,jp-suugaku-1-kazu-to-shiki,algebra,数I,Algebra 1|Algebra 2,near,editorial,床関数と天井関数,Floor and ceiling functions,Q215193,wiki-redirect,米国では [x] より ⌊x⌋ を使う
expand-and-simplify,展開して整理する,expand and simplify,,phrase,jp-suugaku-1-kazu-to-shiki,algebra,数I,Algebra 1|Algebra 2,exact,editorial,,,,,
factor-out-the-common-factor-shiki,共通因数でくくる,factor out the common factor,,phrase,jp-suugaku-1-kazu-to-shiki,algebra,数I,Algebra 1|Algebra 2,exact,editorial,,,,id-dedup,
arrange-by-the-variable-of-lowest-degree,最低次の文字について整理する,arrange by the variable of lowest degree,,phrase,jp-suugaku-1-kazu-to-shiki,algebra,数I,Algebra 1|Algebra 2,near,editorial,,,,,日本の因数分解の技法。米国では factor by grouping
evaluate-the-expression,式の値を求める,evaluate the expression,,phrase,jp-suugaku-1-kazu-to-shiki,algebra,数I,Algebra 1|Algebra 2,exact,editorial,,,,,
simplify-the-radical-expression,平方根を含む式を簡単にする,simplify the radical expression,,phrase,jp-suugaku-1-kazu-to-shiki,algebra,数I,Algebra 1|Algebra 2,exact,editorial,,,,,
solve-the-inequality,不等式を解く,solve the inequality,,phrase,jp-suugaku-1-kazu-to-shiki,algebra,数I,Algebra 1|Algebra 2,exact,editorial,,,,,
divide-both-sides-by-a-negative-number,両辺を負の数で割る,divide both sides by a negative number,,phrase,jp-suugaku-1-kazu-to-shiki,algebra,数I,Algebra 1|Algebra 2,exact,editorial,,,,,
the-values-of-x-that-satisfy,〜を満たす x の範囲,the values of x that satisfy,,phrase,jp-suugaku-1-kazu-to-shiki,algebra,数I,Algebra 1|Algebra 2,exact,editorial,,,,,
any,任意の,any,,adjective,jp-suugaku-1-kazu-to-shiki,algebra,数I,Algebra 1|Algebra 2,near,editorial,任意,,Q629962,wiki-nonmath,for any / for all / arbitrary
at-least-one,少なくとも 1 つ,at least one,,phrase,jp-suugaku-1-kazu-to-shiki,algebra,数I,Algebra 1|Algebra 2,exact,editorial,,,,,
exist,存在する,exist,,verb,jp-suugaku-1-kazu-to-shiki,algebra,数I,Algebra 1|Algebra 2,near,editorial,存在,Existence,Q468777,,there exists / there is
all,すべての,all,,adjective,jp-suugaku-1-kazu-to-shiki,algebra,数I,Algebra 1|Algebra 2,near,editorial,,,,,for all / every
where,ただし,where,,phrase,jp-suugaku-1-kazu-to-shiki,algebra,数I,Algebra 1|Algebra 2,near,editorial,,,,,「ただし a>0」は where a > 0
and,かつ,and,,phrase,jp-suugaku-1-kazu-to-shiki,algebra,数I,Algebra 1|Algebra 2,exact,editorial,,,,wiki-disambig,
or,または,or,,phrase,jp-suugaku-1-kazu-to-shiki,algebra,数I,Algebra 1|Algebra 2,exact,editorial,論理和,Logical disjunction,Q1651704,wiki-redirect,
set,集合,set,,noun,jp-suugaku-1-shuugou-to-meidai,logic,数I,Geometry|Discrete Math,exact,wikipedia-langlink,集合,Set (mathematics),Q36161,,
element,要素,element,,noun,jp-suugaku-1-shuugou-to-meidai,logic,数I,Geometry|Discrete Math,exact,editorial,,,,wiki-disambig,
element-alt,元,element,,noun,jp-suugaku-1-shuugou-to-meidai,logic,数I,Geometry|Discrete Math,exact,wikipedia-langlink,元 (数学),Element of a set,Q379825,,同じ語
subset,部分集合,subset,,noun,jp-suugaku-1-shuugou-to-meidai,logic,数I,Geometry|Discrete Math,exact,wikipedia-langlink,部分集合,Subset,Q177646,,
empty-set,空集合,empty set,,noun,jp-suugaku-1-shuugou-to-meidai,logic,数I,Geometry|Discrete Math,exact,wikidata,空集合,,Q226183,,
universal-set,全体集合,universal set,,noun,jp-suugaku-1-shuugou-to-meidai,logic,数I,Geometry|Discrete Math,exact,editorial,集合,Set (mathematics),Q36161,wiki-redirect,
complement,補集合,complement,,noun,jp-suugaku-1-shuugou-to-meidai,logic,数I,Geometry|Discrete Math,exact,editorial,差集合,Complement (set theory),Q242767,wiki-redirect,
intersection-meidai,共通部分,intersection,,noun,jp-suugaku-1-shuugou-to-meidai,logic,数I,Geometry|Discrete Math,exact,wikipedia-langlink,共通部分 (数学),Intersection (set theory),Q185837,id-dedup,
union,和集合,union,,noun,jp-suugaku-1-shuugou-to-meidai,logic,数I,Geometry|Discrete Math,exact,wikipedia-langlink,和集合,Union (set theory),Q185359,,
de-morgans-laws,ド・モルガンの法則,De Morgan's laws,,noun,jp-suugaku-1-shuugou-to-meidai,logic,数I,Geometry|Discrete Math,exact,wikipedia-langlink,ド・モルガンの法則,De Morgan's laws,Q173300,,
belong-to,属する,belong to,,phrase,jp-suugaku-1-shuugou-to-meidai,logic,数I,Geometry|Discrete Math,near,editorial,,,,,is an element of / is in
contain,含む,contain,,verb,jp-suugaku-1-shuugou-to-meidai,logic,数I,Geometry|Discrete Math,exact,editorial,,,,,
proposition,命題,proposition,,noun,jp-suugaku-1-shuugou-to-meidai,logic,数I,Geometry|Discrete Math,near,wikipedia-langlink,命題,Proposition,Q108163,,米国の高校では statement。proposition は大学の論理学
true,真,true,,adjective,jp-suugaku-1-shuugou-to-meidai,logic,数I,Geometry|Discrete Math,exact,editorial,,,,wiki-disambig,
false,偽,false,,adjective,jp-suugaku-1-shuugou-to-meidai,logic,数I,Geometry|Discrete Math,exact,editorial,真理値,,Q185521,wiki-redirect,
truth-value,真偽,truth value,,noun,jp-suugaku-1-shuugou-to-meidai,logic,数I,Geometry|Discrete Math,exact,editorial,真偽,,,wiki-nonmath,
condition,条件,condition,,noun,jp-suugaku-1-shuugou-to-meidai,logic,数I,Geometry|Discrete Math,exact,editorial,条件,,Q11270894,wiki-nonmath,
inverse,裏,inverse,,noun,jp-suugaku-1-shuugou-to-meidai,logic,数I,Geometry|Discrete Math,exact,wikipedia-langlink,裏 (論理学),Inverse (logic),Q4385666,,
contrapositive,対偶,contrapositive,,noun,jp-suugaku-1-shuugou-to-meidai,logic,数I,Geometry|Discrete Math,exact,wikipedia-langlink,対偶 (論理学),Contraposition,Q1077442,,
negation,否定,negation,,noun,jp-suugaku-1-shuugou-to-meidai,logic,数I,Geometry|Discrete Math,exact,wikipedia-langlink,否定,Negation,Q190558,,
necessary-condition,必要条件,necessary condition,,noun,jp-suugaku-1-shuugou-to-meidai,logic,数I,Geometry|Discrete Math,exact,wikidata,必要条件と十分条件,,Q875267,,
sufficient-condition,十分条件,sufficient condition,,noun,jp-suugaku-1-shuugou-to-meidai,logic,数I,Geometry|Discrete Math,exact,wikidata,必要条件と十分条件,,Q875267,,
necessary-and-sufficient-condition,必要十分条件,necessary and sufficient condition,,noun,jp-suugaku-1-shuugou-to-meidai,logic,数I,Geometry|Discrete Math,near,editorial,必要条件と十分条件,,Q875267,wiki-redirect,教室では if and only if / iff
equivalent,同値,equivalent,,adjective,jp-suugaku-1-shuugou-to-meidai,logic,数I,Geometry|Discrete Math,exact,editorial,同値,If and only if,Q949972,,
proof-by-contradiction,背理法,proof by contradiction,,noun,jp-suugaku-1-shuugou-to-meidai,logic,数I,Geometry|Discrete Math,exact,wikipedia-langlink,背理法,Proof by contradiction,Q184899,,
proof-by-contrapositive,対偶を利用した証明,proof by contrapositive,,noun,jp-suugaku-1-shuugou-to-meidai,logic,数I,Geometry|Discrete Math,exact,editorial,,,,,
direct-proof,直接証明,direct proof,,noun,jp-suugaku-1-shuugou-to-meidai,logic,数I,Geometry|Discrete Math,exact,editorial,,,,,
axiom,公理,axiom,,noun,jp-suugaku-1-shuugou-to-meidai,logic,数I,Geometry|Discrete Math,exact,wikipedia-langlink,公理,Axiom,Q17736,,
lemma,補題,lemma,,noun,jp-suugaku-1-shuugou-to-meidai,logic,数I,Geometry|Discrete Math,exact,wikidata,補題,,Q207505,,
corollary,系,corollary,,noun,jp-suugaku-1-shuugou-to-meidai,logic,数I,Geometry|Discrete Math,exact,wikipedia-langlink,系 (数学),Corollary,Q1343870,,
contradiction,矛盾,contradiction,,noun,jp-suugaku-1-shuugou-to-meidai,logic,数I,Geometry|Discrete Math,exact,wikipedia-langlink,矛盾,Contradiction,Q363948,,
lead-to-a-contradiction,矛盾する,lead to a contradiction,,phrase,jp-suugaku-1-shuugou-to-meidai,logic,数I,Geometry|Discrete Math,exact,editorial,矛盾,Contradiction,Q363948,,
if-then,〜ならば,if ... then,,phrase,jp-suugaku-1-shuugou-to-meidai,logic,数I,Geometry|Discrete Math,near,editorial,,,,,implies
if-and-only-if,〜であることの必要十分条件は,if and only if,,phrase,jp-suugaku-1-shuugou-to-meidai,logic,数I,Geometry|Discrete Math,exact,editorial,,,,,
at-least-one-of,少なくとも一方,at least one of,,phrase,jp-suugaku-1-shuugou-to-meidai,logic,数I,Geometry|Discrete Math,exact,editorial,,,,,
for-all-x,すべての x について,for all x,,phrase,jp-suugaku-1-shuugou-to-meidai,logic,数I,Geometry|Discrete Math,exact,editorial,,,,,
there-exists-x-such-that,ある x が存在して,there exists x such that,,phrase,jp-suugaku-1-shuugou-to-meidai,logic,数I,Geometry|Discrete Math,exact,editorial,,,,,
give-a-counterexample,反例を挙げる,give a counterexample,,phrase,jp-suugaku-1-shuugou-to-meidai,logic,数I,Geometry|Discrete Math,exact,editorial,,,,,
negate,否定をとる,negate,,verb,jp-suugaku-1-shuugou-to-meidai,logic,数I,Geometry|Discrete Math,exact,editorial,,,,,
assume,仮定する,assume,,verb,jp-suugaku-1-shuugou-to-meidai,logic,数I,Geometry|Discrete Math,exact,editorial,仮説,,Q41719,wiki-redirect wiki-nonmath,
assuming-leads-to-a-contradiction,〜と仮定すると矛盾,assuming ... leads to a contradiction,,phrase,jp-suugaku-1-shuugou-to-meidai,logic,数I,Geometry|Discrete Math,exact,editorial,,,,,
end-of-proof,証明終わり,end of proof,,noun,jp-suugaku-1-shuugou-to-meidai,logic,数I,Geometry|Discrete Math,near,editorial,,,,,Q.E.D. / ∎ / which completes the proof
is-true,真である,is true,,phrase,jp-suugaku-1-shuugou-to-meidai,logic,数I,Geometry|Discrete Math,exact,editorial,,,,,
does-not-hold,成り立たない,does not hold,,phrase,jp-suugaku-1-shuugou-to-meidai,logic,数I,Geometry|Discrete Math,near,editorial,,,,,fails / is false
in-general,一般に,in general,,phrase,jp-suugaku-1-shuugou-to-meidai,logic,数I,Geometry|Discrete Math,exact,editorial,,,,,
clearly,明らかに,clearly,,phrase,jp-suugaku-1-shuugou-to-meidai,logic,数I,Geometry|Discrete Math,near,editorial,,,,,答案では obviously より clearly / it is clear that
venn-diagram,ベン図,Venn diagram,,noun,jp-suugaku-1-shuugou-to-meidai,logic,数I,Geometry|Discrete Math,exact,wikipedia-langlink,ベン図,Venn diagram,Q190763,,
number-of-elements,要素の個数,number of elements,,noun,jp-suugaku-1-shuugou-to-meidai,logic,数I,Geometry|Discrete Math,near,editorial,,,,,cardinality（大学）
vertex-form,標準形,vertex form,,noun,jp-suugaku-1-niji-kansuu,functions,数I,Algebra 1|Algebra 2,near,editorial,,,,,日本の「標準形 y=a(x-p)²+q」は米国の vertex form。米国の standard form は y=ax²+bx+c
standard-form,一般形,standard form,,noun,jp-suugaku-1-niji-kansuu,functions,数I,Algebra 1|Algebra 2,near,editorial,一般形車両 (鉄道),,Q3616085,wiki-nonmath,y=ax²+bx+c。日本の「一般形」が米国の standard form
factored-form,因数分解形,factored form,,noun,jp-suugaku-1-niji-kansuu,functions,数I,Algebra 1|Algebra 2,exact,editorial,,,,,
shape-of-the-graph,グラフの概形,shape of the graph,curve sketching [suugaku-3-bibun],noun,jp-suugaku-1-niji-kansuu,functions,数I,Algebra 1|Algebra 2,near,editorial,,,,ja-merged,sketch
opens-upward,下に凸,opens upward,concave up [suugaku-3-bibun],phrase,jp-suugaku-1-niji-kansuu,functions,数I,Algebra 1|Algebra 2,near,editorial,,,,ja-merged,concave up は微積で
opens-downward,上に凸,opens downward,concave down [suugaku-3-bibun],phrase,jp-suugaku-1-niji-kansuu,functions,数I,Algebra 1|Algebra 2,near,editorial,,,,ja-merged,concave down は微積で ／ STYLE: convex upward は通じにくい
discriminant,判別式,discriminant,,noun,jp-suugaku-1-niji-kansuu,functions,数I,Algebra 1|Algebra 2,exact,wikipedia-langlink,判別式,Discriminant,Q192487,,
real-solution,実数解,real solution,,noun,jp-suugaku-1-niji-kansuu,functions,数I,Algebra 1|Algebra 2,near,editorial,,,,,real root
two-distinct-real-solutions,異なる 2 つの実数解,two distinct real solutions,,noun,jp-suugaku-1-niji-kansuu,functions,数I,Algebra 1|Algebra 2,exact,editorial,,,,,
has-no-real-solutions,実数解をもたない,has no real solutions,,phrase,jp-suugaku-1-niji-kansuu,functions,数I,Algebra 1|Algebra 2,exact,editorial,,,,,
common-point,共有点,common point,,noun,jp-suugaku-1-niji-kansuu,functions,数I,Algebra 1|Algebra 2,near,editorial,,,,,米国では point of intersection。「共有点の個数」は number of intersections
x-intercept-kansuu,x 軸との共有点,x-intercept,,noun,jp-suugaku-1-niji-kansuu,functions,数I,Algebra 1|Algebra 2,exact,editorial,,,,id-dedup,
quadratic-inequality,二次不等式,quadratic inequality,,noun,jp-suugaku-1-niji-kansuu,functions,数I,Algebra 1|Algebra 2,exact,wikipedia-langlink,不等式,Inequality (mathematics),Q28113351,,
finding-the-quadratic-function,二次関数の決定,finding the quadratic function,,noun,jp-suugaku-1-niji-kansuu,functions,数I,Algebra 1|Algebra 2,near,editorial,,,,,write the equation of the parabola
split-into-cases-by-the-position-of-the-axis,軸の位置で場合分けする,split into cases by the position of the axis,,phrase,jp-suugaku-1-niji-kansuu,functions,数I,Algebra 1|Algebra 2,near,editorial,,,,,日本の定番。米国では vertex が区間内かどうか
the-x-that-gives-the-maximum,最大値をとる x,the x that gives the maximum,,phrase,jp-suugaku-1-niji-kansuu,functions,数I,Algebra 1|Algebra 2,near,editorial,,,,,maximizer
endpoint,端点,endpoint,,noun,jp-suugaku-1-niji-kansuu,functions,数I,Algebra 1|Algebra 2,exact,wikidata,端点,,Q5375784,,
interval,区間,interval,,noun,jp-suugaku-1-niji-kansuu,functions,数I,Algebra 1|Algebra 2,exact,wikipedia-langlink,区間 (数学),Interval (mathematics),Q185148,,
closed-interval,閉区間,closed interval,,noun,jp-suugaku-1-niji-kansuu,functions,数I,Algebra 1|Algebra 2,exact,editorial,区間 (数学),Interval (mathematics),Q185148,wiki-redirect,
open-interval,開区間,open interval,,noun,jp-suugaku-1-niji-kansuu,functions,数I,Algebra 1|Algebra 2,exact,editorial,区間 (数学),Interval (mathematics),Q185148,wiki-redirect,
endpoint-of-the-interval,区間の端,endpoint of the interval,,noun,jp-suugaku-1-niji-kansuu,functions,数I,Algebra 1|Algebra 2,exact,editorial,,,,,
value-of-the-function,関数の値,value of the function,,noun,jp-suugaku-1-niji-kansuu,functions,数I,Algebra 1|Algebra 2,exact,editorial,,,,,
function-notation,関数記号,function notation,,noun,jp-suugaku-1-niji-kansuu,functions,数I,Algebra 1|Algebra 2,exact,wikidata,関数記号,,Q5508846,,
f-of-x,f(x),f of x,,noun,jp-suugaku-1-niji-kansuu,functions,数I,Algebra 1|Algebra 2,exact,editorial,F(x),,Q344286,wiki-redirect wiki-nonmath,読み方。symbols へ
shift-the-parabola,放物線を平行移動する,shift the parabola,,phrase,jp-suugaku-1-niji-kansuu,functions,数I,Algebra 1|Algebra 2,near,editorial,,,,,translate
find-the-vertex,頂点の座標を求める,find the vertex,,phrase,jp-suugaku-1-niji-kansuu,functions,数I,Algebra 1|Algebra 2,exact,editorial,,,,,
equation-of-the-axis-of-symmetry,軸の方程式,equation of the axis of symmetry,,noun,jp-suugaku-1-niji-kansuu,functions,数I,Algebra 1|Algebra 2,exact,editorial,,,,,
compute-the-discriminant,判別式を計算する,compute the discriminant,,phrase,jp-suugaku-1-niji-kansuu,functions,数I,Algebra 1|Algebra 2,exact,editorial,,,,,
check-the-sign,符号を調べる,check the sign,,phrase,jp-suugaku-1-niji-kansuu,functions,数I,Algebra 1|Algebra 2,exact,editorial,,,,,
take-positive-values,正の値をとる,take positive values,,phrase,jp-suugaku-1-niji-kansuu,functions,数I,Algebra 1|Algebra 2,near,editorial,,,,,is positive
always-positive,つねに正,always positive,,phrase,jp-suugaku-1-niji-kansuu,functions,数I,Algebra 1|Algebra 2,exact,editorial,,,,,
find-the-maximum,最大値を求める,find the maximum,maximize [suugaku-2-zukei-to-houteishiki],phrase,jp-suugaku-1-niji-kansuu,functions,数I,Algebra 1|Algebra 2,exact,editorial,,,,ja-merged,領域内での最大値
restrict-the-domain,定義域を制限する,restrict the domain,,phrase,jp-suugaku-1-niji-kansuu,functions,数I,Algebra 1|Algebra 2,exact,editorial,,,,,
determine-the-coefficients,係数を決定する,determine the coefficients,,phrase,jp-suugaku-1-niji-kansuu,functions,数I,Algebra 1|Algebra 2,exact,editorial,,,,,
three-points-on-the-graph,通る 3 点,three points on the graph,,noun,jp-suugaku-1-niji-kansuu,functions,数I,Algebra 1|Algebra 2,exact,editorial,,,,,
position-of-the-graph-relative-to-the-x-axis,グラフと x 軸の位置関係,position of the graph relative to the x-axis,,noun,jp-suugaku-1-niji-kansuu,functions,数I,Algebra 1|Algebra 2,near,editorial,,,,,米国では how many x-intercepts
trigonometric-ratio,三角比,trigonometric ratio,,noun,jp-suugaku-1-zukei-to-keiryou,trigonometry,数I,Geometry|Precalculus,exact,editorial,三角関数,Trigonometric functions,Q93344,wiki-redirect,
sine,正弦,sine,,noun,jp-suugaku-1-zukei-to-keiryou,trigonometry,数I,Geometry|Precalculus,exact,editorial,三角関数,Trigonometric functions,Q93344,wiki-redirect,
cosine,余弦,cosine,,noun,jp-suugaku-1-zukei-to-keiryou,trigonometry,数I,Geometry|Precalculus,exact,editorial,三角関数,Trigonometric functions,Q93344,wiki-redirect,
tangent,正接,tangent,,noun,jp-suugaku-1-zukei-to-keiryou,trigonometry,数I,Geometry|Precalculus,exact,editorial,三角関数,Trigonometric functions,Q93344,wiki-redirect,
sine-katakana,サイン,sine,,noun,jp-suugaku-1-zukei-to-keiryou,trigonometry,数I,Geometry|Precalculus,exact,editorial,,,,wiki-disambig,カタカナ。ja.alt へ
cosine-katakana,コサイン,cosine,,noun,jp-suugaku-1-zukei-to-keiryou,trigonometry,数I,Geometry|Precalculus,exact,editorial,三角関数,Trigonometric functions,Q93344,wiki-redirect,カタカナ。ja.alt へ
tangent-katakana,タンジェント,tangent,,noun,jp-suugaku-1-zukei-to-keiryou,trigonometry,数I,Geometry|Precalculus,exact,editorial,三角関数,Trigonometric functions,Q93344,wiki-redirect,カタカナ。ja.alt へ
adjacent-side,隣辺,adjacent side,,noun,jp-suugaku-1-zukei-to-keiryou,trigonometry,数I,Geometry|Precalculus,exact,wikidata,隣辺,,Q110812,,
trigonometric-identities,三角比の相互関係,trigonometric identities,,noun,jp-suugaku-1-zukei-to-keiryou,trigonometry,数I,Geometry|Precalculus,near,editorial,,,,,Pythagorean identity / quotient identity
value-of-the-trigonometric-ratio,三角比の値,value of the trigonometric ratio,,noun,jp-suugaku-1-zukei-to-keiryou,trigonometry,数I,Geometry|Precalculus,exact,editorial,,,,,
table-of-trigonometric-ratios,三角比の表,table of trigonometric ratios,,noun,jp-suugaku-1-zukei-to-keiryou,trigonometry,数I,Geometry|Precalculus,near,editorial,,,,,米国では電卓
trigonometric-ratios-of-obtuse-angles,鈍角の三角比,trigonometric ratios of obtuse angles,,noun,jp-suugaku-1-zukei-to-keiryou,trigonometry,数I,Geometry|Precalculus,near,editorial,,,,,米国では unit circle で拡張
unit-circle,単位円,unit circle,,noun,jp-suugaku-1-zukei-to-keiryou,trigonometry,数I,Geometry|Precalculus,exact,wikipedia-langlink,単位円,Unit circle,Q203425,,
law-of-sines,正弦定理,law of sines,,noun,jp-suugaku-1-zukei-to-keiryou,trigonometry,数I,Geometry|Precalculus,exact,wikipedia-langlink,正弦定理,Law of sines,Q170181,,
law-of-cosines,余弦定理,law of cosines,,noun,jp-suugaku-1-zukei-to-keiryou,trigonometry,数I,Geometry|Precalculus,exact,wikipedia-langlink,余弦定理,Law of cosines,Q164321,,
circumscribed-circle,外接円,circumscribed circle,,noun,jp-suugaku-1-zukei-to-keiryou,trigonometry,数I,Geometry|Precalculus,near,wikipedia-langlink,外接円,Circumscribed circle,Q110176,,circumcircle
circumradius,外接円の半径,circumradius,,noun,jp-suugaku-1-zukei-to-keiryou,trigonometry,数I,Geometry|Precalculus,near,editorial,,,,,radius of the circumscribed circle
area-of-a-triangle,三角形の面積,area of a triangle,,noun,jp-suugaku-1-zukei-to-keiryou,trigonometry,数I,Geometry|Precalculus,exact,editorial,,,,,
area-formula,面積の公式,area formula,area formulas [geometry-area-and-volume],noun,jp-suugaku-1-zukei-to-keiryou,trigonometry,数I,Geometry|Precalculus,exact,editorial,,,,ja-merged,
herons-formula,ヘロンの公式,Heron's formula,,noun,jp-suugaku-1-zukei-to-keiryou,trigonometry,数I,Geometry|Precalculus,exact,wikipedia-langlink,ヘロンの公式,Heron's formula,Q182714,,
inscribed-circle,内接円,inscribed circle,,noun,jp-suugaku-1-zukei-to-keiryou,trigonometry,数I,Geometry|Precalculus,near,wikipedia-langlink,内接円,Inscribed circle,Q354337,,incircle
inradius,内接円の半径,inradius,,noun,jp-suugaku-1-zukei-to-keiryou,trigonometry,数I,Geometry|Precalculus,exact,editorial,,,,,
applications-to-solid-geometry,空間図形への応用,applications to solid geometry,,noun,jp-suugaku-1-zukei-to-keiryou,trigonometry,数I,Geometry|Precalculus,exact,editorial,,,,,
surveying,測量,surveying,,noun,jp-suugaku-1-zukei-to-keiryou,trigonometry,数I,Geometry|Precalculus,exact,wikipedia-langlink,測量,Surveying,Q816425,,
angle-of-elevation,仰角,angle of elevation,,noun,jp-suugaku-1-zukei-to-keiryou,trigonometry,数I,Geometry|Precalculus,exact,editorial,仰俯角,,Q2726568,wiki-redirect wiki-nonmath,
angle-of-depression,俯角,angle of depression,,noun,jp-suugaku-1-zukei-to-keiryou,trigonometry,数I,Geometry|Precalculus,exact,editorial,仰俯角,,Q2726568,wiki-nonmath,
bearing,方位,bearing,,noun,jp-suugaku-1-zukei-to-keiryou,trigonometry,数I,Geometry|Precalculus,exact,wikipedia-langlink,方位,Cardinal direction,Q23718,,
similar-triangles,相似な三角形,similar triangles,,noun,jp-suugaku-1-zukei-to-keiryou,trigonometry,数I,Geometry|Precalculus,exact,editorial,,,,,
side-ratios-of-a-right-triangle,直角三角形の辺の比,side ratios of a right triangle,,noun,jp-suugaku-1-zukei-to-keiryou,trigonometry,数I,Geometry|Precalculus,near,editorial,,,,,SOHCAHTOA
find-sin,sin の値を求める,find sin θ,,phrase,jp-suugaku-1-zukei-to-keiryou,trigonometry,数I,Geometry|Precalculus,near,editorial,,,,,find the sine of theta
express-using-trigonometric-ratios,三角比を用いて表す,express using trigonometric ratios,,phrase,jp-suugaku-1-zukei-to-keiryou,trigonometry,数I,Geometry|Precalculus,exact,editorial,,,,,
find-the-angle-keiryou,角の大きさを求める,find the angle,,phrase,jp-suugaku-1-zukei-to-keiryou,trigonometry,数I,Geometry|Precalculus,exact,editorial,,,,id-dedup,
apply-the-law-of-sines,正弦定理を適用する,apply the law of sines,,phrase,jp-suugaku-1-zukei-to-keiryou,trigonometry,数I,Geometry|Precalculus,exact,editorial,,,,,
using-the-law-of-cosines,余弦定理を使って,using the law of cosines,,phrase,jp-suugaku-1-zukei-to-keiryou,trigonometry,数I,Geometry|Precalculus,exact,editorial,,,,,
find-the-area,面積を求める,find the area,,phrase,jp-suugaku-1-zukei-to-keiryou,trigonometry,数I,Geometry|Precalculus,exact,editorial,,,,,
largest-angle,最大の角,largest angle,,noun,jp-suugaku-1-zukei-to-keiryou,trigonometry,数I,Geometry|Precalculus,exact,editorial,,,,,
for-the-angle-theta,角 θ に対する,for the angle theta,,phrase,jp-suugaku-1-zukei-to-keiryou,trigonometry,数I,Geometry|Precalculus,exact,editorial,,,,,
type-of-triangle,三角形の形状,type of triangle,,noun,jp-suugaku-1-zukei-to-keiryou,trigonometry,数I,Geometry|Precalculus,near,editorial,,,,,classify the triangle
conditions-that-determine-a-triangle,三角形の決定条件,conditions that determine a triangle,,noun,jp-suugaku-1-zukei-to-keiryou,trigonometry,数I,Geometry|Precalculus,near,editorial,,,,,SSS / SAS / ASA
two-sides-and-the-included-angle,2 辺と夾角,two sides and the included angle,,noun,jp-suugaku-1-zukei-to-keiryou,trigonometry,数I,Geometry|Precalculus,exact,editorial,,,,,
tetrahedron,四面体,tetrahedron,,noun,jp-suugaku-1-zukei-to-keiryou,trigonometry,数I,Geometry|Precalculus,exact,editorial,三角錐,Tetrahedron,Q160003,wiki-redirect,
volume-of-a-regular-tetrahedron,正四面体の体積,volume of a regular tetrahedron,,noun,jp-suugaku-1-zukei-to-keiryou,trigonometry,数I,Geometry|Precalculus,exact,editorial,,,,,
foot-of-the-perpendicular,垂線の足,foot of the perpendicular,,noun,jp-suugaku-1-zukei-to-keiryou,trigonometry,数I,Geometry|Precalculus,exact,editorial,,,,,
cofunction-identity,90° − θ の三角比,cofunction identity,,noun,jp-suugaku-1-zukei-to-keiryou,trigonometry,数I,Geometry|Precalculus,near,editorial,,,,,sin(90°−θ) = cos θ
supplementary-angle-identity,180° − θ の三角比,supplementary angle identity,,noun,jp-suugaku-1-zukei-to-keiryou,trigonometry,数I,Geometry|Precalculus,near,editorial,,,,,
solve-for-theta,θ を求める,solve for theta,,phrase,jp-suugaku-1-zukei-to-keiryou,trigonometry,数I,Geometry|Precalculus,exact,editorial,,,,,
tangent-is-sine-over-cosine,tan は sin を cos で割ったもの,tangent is sine over cosine,,phrase,jp-suugaku-1-zukei-to-keiryou,trigonometry,数I,Geometry|Precalculus,exact,editorial,,,,,
theta,角を表す文字,theta,,noun,jp-suugaku-1-zukei-to-keiryou,trigonometry,数I,Geometry|Precalculus,near,editorial,,,,,角を θ で表す習慣は日米共通
data-analysis,データの分析,data analysis,,noun,jp-suugaku-1-data-no-bunseki,statistics,数I,Algebra 1|AP Statistics,exact,editorial,,,,,
quartile-deviation,四分位偏差,quartile deviation,,noun,jp-suugaku-1-data-no-bunseki,statistics,数I,Algebra 1|AP Statistics,near,editorial,分位数,Quantile,Q578714,wiki-redirect,米国ではほぼ使わない。IQR/2
variance,分散,variance,,noun,jp-suugaku-1-data-no-bunseki,statistics,数I,Algebra 1|AP Statistics,exact,wikipedia-langlink,分散 (確率論),Variance,Q175199,,
standard-deviation,標準偏差,standard deviation,,noun,jp-suugaku-1-data-no-bunseki,statistics,数I,Algebra 1|AP Statistics,exact,wikipedia-langlink,標準偏差,Standard deviation,Q159375,,
deviation,偏差,deviation,,noun,jp-suugaku-1-data-no-bunseki,statistics,数I,Algebra 1|AP Statistics,exact,wikipedia-langlink,偏差,Deviation (statistics),Q849149,,
squared-deviation,偏差の 2 乗,squared deviation,,noun,jp-suugaku-1-data-no-bunseki,statistics,数I,Algebra 1|AP Statistics,exact,editorial,,,,,
scatter-plot,散布図,scatter plot,,noun,jp-suugaku-1-data-no-bunseki,statistics,数I,Algebra 1|AP Statistics,exact,wikidata,散布図,,Q1045782,,
correlation,相関,correlation,,noun,jp-suugaku-1-data-no-bunseki,statistics,数I,Algebra 1|AP Statistics,exact,wikidata,相関,,Q186290,,
positive-correlation,正の相関,positive correlation,,noun,jp-suugaku-1-data-no-bunseki,statistics,数I,Algebra 1|AP Statistics,exact,editorial,相関係数,Correlation coefficient,Q3433612,wiki-redirect,
negative-correlation,負の相関,negative correlation,,noun,jp-suugaku-1-data-no-bunseki,statistics,数I,Algebra 1|AP Statistics,exact,editorial,相関係数,Correlation coefficient,Q3433612,wiki-redirect,
correlation-coefficient,相関係数,correlation coefficient,,noun,jp-suugaku-1-data-no-bunseki,statistics,数I,Algebra 1|AP Statistics,exact,wikipedia-langlink,相関係数,Correlation coefficient,Q3433612,,
covariance,共分散,covariance,,noun,jp-suugaku-1-data-no-bunseki,statistics,数I,Algebra 1|AP Statistics,exact,wikipedia-langlink,共分散,Covariance,Q201984,,
no-correlation,相関がない,no correlation,,phrase,jp-suugaku-1-data-no-bunseki,statistics,数I,Algebra 1|AP Statistics,exact,editorial,,,,,
strong-correlation,強い相関,strong correlation,,noun,jp-suugaku-1-data-no-bunseki,statistics,数I,Algebra 1|AP Statistics,exact,editorial,,,,,
weak-correlation,弱い相関,weak correlation,,noun,jp-suugaku-1-data-no-bunseki,statistics,数I,Algebra 1|AP Statistics,exact,editorial,,,,,
hypothesis-testing,仮説検定,hypothesis testing,hypothesis test [suugaku-b-toukei-teki-na-suisoku],noun,jp-suugaku-1-data-no-bunseki,statistics,数I,Algebra 1|AP Statistics,exact,wikipedia-langlink,仮説検定,Statistical hypothesis test,Q210832,ja-merged,
hypothesis-bunseki,仮説,hypothesis,,noun,jp-suugaku-1-data-no-bunseki,statistics,数I,Algebra 1|AP Statistics,exact,wikipedia-langlink,仮説,Hypothesis,Q41719,id-dedup,
null-hypothesis,帰無仮説,null hypothesis,,noun,jp-suugaku-1-data-no-bunseki,statistics,数I,Algebra 1|AP Statistics,exact,wikipedia-langlink,帰無仮説,Null hypothesis,Q628374,,
alternative-hypothesis,対立仮説,alternative hypothesis,,noun,jp-suugaku-1-data-no-bunseki,statistics,数I,Algebra 1|AP Statistics,exact,editorial,仮説検定,Statistical hypothesis test,Q210832,wiki-redirect,
reject,棄却する,reject,,verb,jp-suugaku-1-data-no-bunseki,statistics,数I,Algebra 1|AP Statistics,exact,editorial,棄却,,Q11538940,wiki-nonmath,
significance-level,有意水準,significance level,,noun,jp-suugaku-1-data-no-bunseki,statistics,数I,Algebra 1|AP Statistics,exact,editorial,有意,Statistical significance,Q425265,wiki-redirect,
variable-bunseki,変量,variable,,noun,jp-suugaku-1-data-no-bunseki,statistics,数I,Algebra 1|AP Statistics,near,editorial,,,,id-dedup,統計の「変量」は variable
transformation-of-a-variable,変量の変換,transformation of a variable,,noun,jp-suugaku-1-data-no-bunseki,statistics,数I,Algebra 1|AP Statistics,near,editorial,,,,,linear transformation of data
deviation-from-the-mean,平均からの偏差,deviation from the mean,,noun,jp-suugaku-1-data-no-bunseki,statistics,数I,Algebra 1|AP Statistics,exact,editorial,,,,,
measure-of-center-bunseki,データの代表値,measure of center,,noun,jp-suugaku-1-data-no-bunseki,statistics,数I,Algebra 1|AP Statistics,near,editorial,,,,id-dedup,
remove-the-outliers,データの外れ値を除く,remove the outliers,,phrase,jp-suugaku-1-data-no-bunseki,statistics,数I,Algebra 1|AP Statistics,exact,editorial,,,,,
compute-the-variance,分散を計算する,compute the variance,,phrase,jp-suugaku-1-data-no-bunseki,statistics,数I,Algebra 1|AP Statistics,exact,editorial,,,,,
large-standard-deviation,標準偏差が大きい,large standard deviation,,phrase,jp-suugaku-1-data-no-bunseki,statistics,数I,Algebra 1|AP Statistics,near,editorial,,,,,more spread out
find-the-correlation-coefficient,相関係数を求める,find the correlation coefficient,,phrase,jp-suugaku-1-data-no-bunseki,statistics,数I,Algebra 1|AP Statistics,exact,editorial,,,,,
make-a-scatter-plot,散布図をかく,make a scatter plot,,phrase,jp-suugaku-1-data-no-bunseki,statistics,数I,Algebra 1|AP Statistics,exact,editorial,,,,,
identify-the-trend,傾向を読み取る,identify the trend,,phrase,jp-suugaku-1-data-no-bunseki,statistics,数I,Algebra 1|AP Statistics,exact,editorial,,,,,
less-spread-out,ばらつきが小さい,less spread out,,phrase,jp-suugaku-1-data-no-bunseki,statistics,数I,Algebra 1|AP Statistics,exact,editorial,,,,,
organize-the-data,データを整理する,organize the data,,phrase,jp-suugaku-1-data-no-bunseki,statistics,数I,Algebra 1|AP Statistics,exact,editorial,,,,,
is-biased,偏りがある,is biased,,phrase,jp-suugaku-1-data-no-bunseki,statistics,数I,Algebra 1|AP Statistics,near,editorial,,,,,skewed とは別
causation,因果関係,causation,,noun,jp-suugaku-1-data-no-bunseki,statistics,数I,Algebra 1|AP Statistics,near,editorial,因果性,,Q179289,wiki-redirect wiki-nonmath,correlation does not imply causation
counting,場合の数,counting,,noun,jp-suugaku-a-baai-no-kazu-to-kakuritsu,combinatorics,数A,Algebra 2|Discrete Math,near,wikidata,場合の数,,Q16182051,,STYLE: 分野名は counting。個数は the number of ways
enumeration,数え上げ,enumeration,,noun,jp-suugaku-a-baai-no-kazu-to-kakuritsu,combinatorics,数A,Algebra 2|Discrete Math,near,wikipedia-langlink,数え上げ,Enumeration,Q2704791,,listing / counting
addition-rule,和の法則,addition rule,sum rule [discrete-math-counting],noun,jp-suugaku-a-baai-no-kazu-to-kakuritsu,combinatorics,数A,Algebra 2|Discrete Math,near,editorial,,,,ja-merged wiki-disambig,sum rule ／ 同上
multiplication-rule,積の法則,multiplication rule,product rule [discrete-math-counting],noun,jp-suugaku-a-baai-no-kazu-to-kakuritsu,combinatorics,数A,Algebra 2|Discrete Math,near,editorial,,,,ja-merged wiki-disambig,product rule / fundamental counting principle ／ 同上
permutation,順列,permutation,permutations [discrete-math-counting],noun,jp-suugaku-a-baai-no-kazu-to-kakuritsu,combinatorics,数A,Algebra 2|Discrete Math,exact,wikipedia-langlink,順列,Partial permutation,Q1401935,ja-merged,
circular-permutation,円順列,circular permutation,,noun,jp-suugaku-a-baai-no-kazu-to-kakuritsu,combinatorics,数A,Algebra 2|Discrete Math,exact,editorial,,,,,
permutation-with-repetition,重複順列,permutation with repetition,,noun,jp-suugaku-a-baai-no-kazu-to-kakuritsu,combinatorics,数A,Algebra 2|Discrete Math,near,editorial,重複順列,,Q787569,wiki-nonmath,米国では単に nᵏ として教える
combination,組合せ,combination,combinations [discrete-math-counting],noun,jp-suugaku-a-baai-no-kazu-to-kakuritsu,combinatorics,数A,Algebra 2|Discrete Math,exact,wikipedia-langlink,組合せ (数学),Combination,Q202805,ja-merged,
combination-with-repetition,重複組合せ,combination with repetition,combinations with repetition [discrete-math-counting],noun,jp-suugaku-a-baai-no-kazu-to-kakuritsu,combinatorics,数A,Algebra 2|Discrete Math,near,editorial,重複組合せ,,Q2985052,ja-merged wiki-nonmath,stars and bars（大学）
factorial,階乗,factorial,,noun,jp-suugaku-a-baai-no-kazu-to-kakuritsu,combinatorics,数A,Algebra 2|Discrete Math,exact,wikipedia-langlink,階乗,Factorial,Q120976,,
n-p-r,nPr,n P r,,noun,jp-suugaku-a-baai-no-kazu-to-kakuritsu,combinatorics,数A,Algebra 2|Discrete Math,near,editorial,,,,,"米国では P(n, r)"
n-choose-r,nCr,n choose r,,noun,jp-suugaku-a-baai-no-kazu-to-kakuritsu,combinatorics,数A,Algebra 2|Discrete Math,near,editorial,,,,,"米国では C(n, r)、(n r) 縦書き。読みは n choose r"
binomial-theorem,二項定理,binomial theorem,,noun,jp-suugaku-a-baai-no-kazu-to-kakuritsu,combinatorics,数A,Algebra 2|Discrete Math,exact,wikipedia-langlink,二項定理,Binomial theorem,Q26708,,
binomial-coefficient,二項係数,binomial coefficient,,noun,jp-suugaku-a-baai-no-kazu-to-kakuritsu,combinatorics,数A,Algebra 2|Discrete Math,exact,wikipedia-langlink,二項係数,Binomial coefficient,Q209875,,
pascals-triangle,パスカルの三角形,Pascal's triangle,,noun,jp-suugaku-a-baai-no-kazu-to-kakuritsu,combinatorics,数A,Algebra 2|Discrete Math,exact,wikipedia-langlink,パスカルの三角形,Pascal's triangle,Q177051,,
shortest-path,最短経路,shortest path,,noun,jp-suugaku-a-baai-no-kazu-to-kakuritsu,combinatorics,数A,Algebra 2|Discrete Math,near,editorial,,,,,lattice paths
permutation-of-a-multiset,同じものを含む順列,permutation of a multiset,,noun,jp-suugaku-a-baai-no-kazu-to-kakuritsu,combinatorics,数A,Algebra 2|Discrete Math,near,editorial,,,,,arrangements with repeated letters
lexicographic-order,辞書式順序,lexicographic order,,noun,jp-suugaku-a-baai-no-kazu-to-kakuritsu,combinatorics,数A,Algebra 2|Discrete Math,near,editorial,辞書式順序,,Q1144915,wiki-nonmath,alphabetical order
partitioning-into-groups,組分け,partitioning into groups,,noun,jp-suugaku-a-baai-no-kazu-to-kakuritsu,combinatorics,数A,Algebra 2|Discrete Math,near,editorial,,,,,dividing into groups
trial,試行,trial,,noun,jp-suugaku-a-baai-no-kazu-to-kakuritsu,combinatorics,数A,Algebra 2|Discrete Math,exact,editorial,試行,,,wiki-nonmath,
sample-space,全事象,sample space,,noun,jp-suugaku-a-baai-no-kazu-to-kakuritsu,combinatorics,数A,Algebra 2|Discrete Math,exact,editorial,標本空間,,Q467440,wiki-redirect,
elementary-event,根元事象,elementary event,,noun,jp-suugaku-a-baai-no-kazu-to-kakuritsu,combinatorics,数A,Algebra 2|Discrete Math,near,editorial,根元事象,,Q1350385,wiki-nonmath,outcome
complement-kakuritsu,余事象,complement,,noun,jp-suugaku-a-baai-no-kazu-to-kakuritsu,combinatorics,数A,Algebra 2|Discrete Math,near,editorial,事象 (確率論),,Q10290214,id-dedup wiki-redirect,complementary event
mutually-exclusive-events,排反事象,mutually exclusive events,,noun,jp-suugaku-a-baai-no-kazu-to-kakuritsu,combinatorics,数A,Algebra 2|Discrete Math,exact,editorial,排反,,Q2625281,wiki-redirect,
union-of-events,和事象,union of events,,noun,jp-suugaku-a-baai-no-kazu-to-kakuritsu,combinatorics,数A,Algebra 2|Discrete Math,exact,editorial,,,,,
intersection-of-events,積事象,intersection of events,,noun,jp-suugaku-a-baai-no-kazu-to-kakuritsu,combinatorics,数A,Algebra 2|Discrete Math,exact,editorial,,,,,
addition-rule-kakuritsu,確率の加法定理,addition rule,,noun,jp-suugaku-a-baai-no-kazu-to-kakuritsu,combinatorics,数A,Algebra 2|Discrete Math,near,editorial,,,,id-dedup,P(A∪B)=P(A)+P(B)−P(A∩B)
multiplication-rule-kakuritsu,確率の乗法定理,multiplication rule,,noun,jp-suugaku-a-baai-no-kazu-to-kakuritsu,combinatorics,数A,Algebra 2|Discrete Math,exact,editorial,,,,id-dedup,
independent,独立,independent,,adjective,jp-suugaku-a-baai-no-kazu-to-kakuritsu,combinatorics,数A,Algebra 2|Discrete Math,exact,editorial,独立,Independence,Q37055,,
dependent,従属,dependent,,adjective,jp-suugaku-a-baai-no-kazu-to-kakuritsu,combinatorics,数A,Algebra 2|Discrete Math,exact,editorial,従属,,Q1456974,,
independent-trials,独立な試行,independent trials,,noun,jp-suugaku-a-baai-no-kazu-to-kakuritsu,combinatorics,数A,Algebra 2|Discrete Math,exact,editorial,,,,,
repeated-trials,反復試行,repeated trials,,noun,jp-suugaku-a-baai-no-kazu-to-kakuritsu,combinatorics,数A,Algebra 2|Discrete Math,near,editorial,,,,,米国では binomial setting / Bernoulli trials
binomial-probability,反復試行の確率,binomial probability,,noun,jp-suugaku-a-baai-no-kazu-to-kakuritsu,combinatorics,数A,Algebra 2|Discrete Math,exact,editorial,,,,,
conditional-probability,条件付き確率,conditional probability,,noun,jp-suugaku-a-baai-no-kazu-to-kakuritsu,combinatorics,数A,Algebra 2|Discrete Math,exact,wikidata,条件付き確率,,Q327069,,
expected-value,期待値,expected value,,noun,jp-suugaku-a-baai-no-kazu-to-kakuritsu,combinatorics,数A,Algebra 2|Discrete Math,exact,wikipedia-langlink,期待値,Expected value,Q200125,,
basic-properties-of-probability,確率の基本性質,basic properties of probability,,noun,jp-suugaku-a-baai-no-kazu-to-kakuritsu,combinatorics,数A,Algebra 2|Discrete Math,exact,editorial,,,,,
drawing-lots,くじ引き,drawing lots,,noun,jp-suugaku-a-baai-no-kazu-to-kakuritsu,combinatorics,数A,Algebra 2|Discrete Math,exact,editorial,くじ,Demarchy,Q5433694,wiki-redirect,
sampling-with-replacement,復元抽出,sampling with replacement,,noun,jp-suugaku-a-baai-no-kazu-to-kakuritsu,combinatorics,数A,Algebra 2|Discrete Math,exact,editorial,,,,,
sampling-without-replacement,非復元抽出,sampling without replacement,,noun,jp-suugaku-a-baai-no-kazu-to-kakuritsu,combinatorics,数A,Algebra 2|Discrete Math,exact,editorial,,,,,
arrange,並べる,arrange,,verb,jp-suugaku-a-baai-no-kazu-to-kakuritsu,combinatorics,数A,Algebra 2|Discrete Math,exact,editorial,,,,,
choose,選ぶ,choose,,verb,jp-suugaku-a-baai-no-kazu-to-kakuritsu,combinatorics,数A,Algebra 2|Discrete Math,exact,editorial,,,,,
distinguish,区別する,distinguish,,verb,jp-suugaku-a-baai-no-kazu-to-kakuritsu,combinatorics,数A,Algebra 2|Discrete Math,near,editorial,区別,,,wiki-nonmath,「区別しない」は identical / indistinguishable
are-identical,区別しない,are identical,,phrase,jp-suugaku-a-baai-no-kazu-to-kakuritsu,combinatorics,数A,Algebra 2|Discrete Math,exact,editorial,,,,,
at-least-once,少なくとも 1 回,at least once,,phrase,jp-suugaku-a-baai-no-kazu-to-kakuritsu,combinatorics,数A,Algebra 2|Discrete Math,exact,editorial,,,,,
use-the-complement,余事象を考える,use the complement,,phrase,jp-suugaku-a-baai-no-kazu-to-kakuritsu,combinatorics,数A,Algebra 2|Discrete Math,exact,editorial,,,,,
count-by-cases,場合分けして数える,count by cases,,phrase,jp-suugaku-a-baai-no-kazu-to-kakuritsu,combinatorics,数A,Algebra 2|Discrete Math,exact,editorial,,,,,
double-count,重複して数える,double count,,phrase,jp-suugaku-a-baai-no-kazu-to-kakuritsu,combinatorics,数A,Algebra 2|Discrete Math,near,editorial,,,,,overcount
undercount,数え落とす,undercount,,verb,jp-suugaku-a-baai-no-kazu-to-kakuritsu,combinatorics,数A,Algebra 2|Discrete Math,near,editorial,,,,,miss a case
order-matters,順序を考える,order matters,,phrase,jp-suugaku-a-baai-no-kazu-to-kakuritsu,combinatorics,数A,Algebra 2|Discrete Math,exact,editorial,,,,,
order-doesnt-matter,順序を考えない,order doesn't matter,,phrase,jp-suugaku-a-baai-no-kazu-to-kakuritsu,combinatorics,数A,Algebra 2|Discrete Math,exact,editorial,,,,,
mutually-exclusive,互いに排反,mutually exclusive,,adjective,jp-suugaku-a-baai-no-kazu-to-kakuritsu,combinatorics,数A,Algebra 2|Discrete Math,exact,editorial,,,,,
occur,起こる,occur,,verb,jp-suugaku-a-baai-no-kazu-to-kakuritsu,combinatorics,数A,Algebra 2|Discrete Math,exact,editorial,,,,,
exactly-k-times,ちょうど k 回,exactly k times,,phrase,jp-suugaku-a-baai-no-kazu-to-kakuritsu,combinatorics,数A,Algebra 2|Discrete Math,exact,editorial,,,,,
multiply-the-probabilities,確率を掛ける,multiply the probabilities,,phrase,jp-suugaku-a-baai-no-kazu-to-kakuritsu,combinatorics,数A,Algebra 2|Discrete Math,exact,editorial,,,,,
subtract-from-1,1 から引く,subtract from 1,,phrase,jp-suugaku-a-baai-no-kazu-to-kakuritsu,combinatorics,数A,Algebra 2|Discrete Math,exact,editorial,,,,,
overlap,ダブり,overlap,,noun,jp-suugaku-a-baai-no-kazu-to-kakuritsu,combinatorics,数A,Algebra 2|Discrete Math,exact,editorial,ダブり,,,wiki-nonmath,
properties-of-triangles,三角形の性質,properties of triangles,,noun,jp-suugaku-a-zukei-no-seishitsu,geometry,数A,Geometry,exact,editorial,,,,,
internal-division,内分,internal division,,noun,jp-suugaku-a-zukei-no-seishitsu,geometry,数A,Geometry,near,editorial,,,,,STYLE: divides the segment internally in the ratio m:n
external-division,外分,external division,,noun,jp-suugaku-a-zukei-no-seishitsu,geometry,数A,Geometry,near,editorial,,,,,divides externally
point-of-internal-division,内分点,point of internal division,,noun,jp-suugaku-a-zukei-no-seishitsu,geometry,数A,Geometry,near,editorial,,,,,STYLE
point-of-external-division,外分点,point of external division,,noun,jp-suugaku-a-zukei-no-seishitsu,geometry,数A,Geometry,near,editorial,,,,,
angle-bisector-theorem-seishitsu,角の二等分線の定理,angle bisector theorem,,noun,jp-suugaku-a-zukei-no-seishitsu,geometry,数A,Geometry,exact,wikidata,角の二等分線の定理,,Q925854,id-dedup,
exterior-angle-bisector,外角の二等分線,exterior angle bisector,,noun,jp-suugaku-a-zukei-no-seishitsu,geometry,数A,Geometry,exact,editorial,,,,,
centroid,重心,centroid,,noun,jp-suugaku-a-zukei-no-seishitsu,geometry,数A,Geometry,exact,wikipedia-langlink,重心,Center of mass,Q2945123,,
circumcenter,外心,circumcenter,,noun,jp-suugaku-a-zukei-no-seishitsu,geometry,数A,Geometry,exact,editorial,外接円,Circumscribed circle,Q110176,wiki-redirect,
incenter,内心,incenter,,noun,jp-suugaku-a-zukei-no-seishitsu,geometry,数A,Geometry,exact,editorial,内接円,Inscribed circle,Q354337,wiki-redirect,
orthocenter,垂心,orthocenter,,noun,jp-suugaku-a-zukei-no-seishitsu,geometry,数A,Geometry,exact,wikipedia-langlink,垂心,Orthocenter,Q10621500,,
excenter,傍心,excenter,,noun,jp-suugaku-a-zukei-no-seishitsu,geometry,数A,Geometry,exact,editorial,三角形の内接円と傍接円,Incircle and excircles,Q10615255,wiki-redirect,
the-five-centers-of-a-triangle,五心,the five centers of a triangle,,noun,jp-suugaku-a-zukei-no-seishitsu,geometry,数A,Geometry,none,editorial,五心,,Q135236444,wiki-nonmath,米国ではまとめて呼ばない。points of concurrency
median-seishitsu,中線,median,,noun,jp-suugaku-a-zukei-no-seishitsu,geometry,数A,Geometry,exact,wikipedia-langlink,中線,Median (geometry),Q235001,id-dedup,
cevas-theorem,チェバの定理,Ceva's theorem,,noun,jp-suugaku-a-zukei-no-seishitsu,geometry,数A,Geometry,exact,wikipedia-langlink,チェバの定理,Ceva's theorem,Q213603,,
menelauss-theorem,メネラウスの定理,Menelaus's theorem,,noun,jp-suugaku-a-zukei-no-seishitsu,geometry,数A,Geometry,exact,wikipedia-langlink,メネラウスの定理,Menelaus's theorem,Q193882,,
side-angle-inequality,三角形の辺と角の大小,side-angle inequality,,noun,jp-suugaku-a-zukei-no-seishitsu,geometry,数A,Geometry,near,editorial,,,,,larger angle is opposite the longer side
triangle-inequality,三角形の成立条件,triangle inequality,,noun,jp-suugaku-a-zukei-no-seishitsu,geometry,数A,Geometry,exact,editorial,,,,,
properties-of-cyclic-quadrilaterals,内接四角形の性質,properties of cyclic quadrilaterals,,noun,jp-suugaku-a-zukei-no-seishitsu,geometry,数A,Geometry,near,editorial,,,,,opposite angles are supplementary
conditions-for-a-cyclic-quadrilateral,四角形が円に内接する条件,conditions for a cyclic quadrilateral,,noun,jp-suugaku-a-zukei-no-seishitsu,geometry,数A,Geometry,exact,editorial,,,,,
tangent-chord-angle,接線と弦のなす角,tangent-chord angle,,noun,jp-suugaku-a-zukei-no-seishitsu,geometry,数A,Geometry,near,editorial,,,,,接弦定理
tangent-chord-theorem,接弦定理,tangent-chord theorem,,noun,jp-suugaku-a-zukei-no-seishitsu,geometry,数A,Geometry,near,editorial,円 (数学),Circle,Q17278,wiki-redirect,米国では the angle between a tangent and a chord is half the intercepted arc
power-of-a-point,方べきの定理,power of a point,,noun,jp-suugaku-a-zukei-no-seishitsu,geometry,数A,Geometry,near,wikipedia-langlink,方べきの定理,Power of a point,Q898575,,intersecting chords theorem / secant-tangent theorem
relative-positions-of-two-circles,2 円の位置関係,relative positions of two circles,position of two circles [suugaku-2-zukei-to-houteishiki],noun,jp-suugaku-a-zukei-no-seishitsu,geometry,数A,Geometry,exact,editorial,,,,ja-merged,
common-tangent,共通接線,common tangent,,noun,jp-suugaku-a-zukei-no-seishitsu,geometry,数A,Geometry,exact,editorial,,,,,
be-inscribed-in,内接する,be inscribed in,,phrase,jp-suugaku-a-zukei-no-seishitsu,geometry,数A,Geometry,exact,editorial,,,,wiki-disambig,
be-circumscribed-about,外接する,be circumscribed about,,phrase,jp-suugaku-a-zukei-no-seishitsu,geometry,数A,Geometry,near,editorial,,,,wiki-disambig,2 円が外接: externally tangent
the-circles-are-externally-tangent,2 円が外接する,the circles are externally tangent,,phrase,jp-suugaku-a-zukei-no-seishitsu,geometry,数A,Geometry,exact,editorial,,,,,
the-circles-are-internally-tangent,2 円が内接する,the circles are internally tangent,,phrase,jp-suugaku-a-zukei-no-seishitsu,geometry,数A,Geometry,exact,editorial,,,,,
distance-between-the-centers,中心間の距離,distance between the centers,,noun,jp-suugaku-a-zukei-no-seishitsu,geometry,数A,Geometry,exact,editorial,,,,,
relative-positions-of-two-lines,2 直線の位置関係,relative positions of two lines,,noun,jp-suugaku-a-zukei-no-seishitsu,geometry,数A,Geometry,exact,editorial,,,,,
line-perpendicular-to-a-plane,直線と平面の垂直,line perpendicular to a plane,,noun,jp-suugaku-a-zukei-no-seishitsu,geometry,数A,Geometry,exact,editorial,,,,,
three-perpendiculars-theorem,三垂線の定理,three perpendiculars theorem,,noun,jp-suugaku-a-zukei-no-seishitsu,geometry,数A,Geometry,none,editorial,,,,,米国の高校では扱わない
dihedral-angle,二面角,dihedral angle,,noun,jp-suugaku-a-zukei-no-seishitsu,geometry,数A,Geometry,exact,wikidata,二面角,,Q911907,,
eulers-formula-for-polyhedra,オイラーの多面体定理,Euler's formula for polyhedra,,noun,jp-suugaku-a-zukei-no-seishitsu,geometry,数A,Geometry,near,wikipedia-langlink,多面体,Polyhedron,Q172937,,V − E + F = 2
number-of-vertices,頂点の数,number of vertices,,noun,jp-suugaku-a-zukei-no-seishitsu,geometry,数A,Geometry,exact,editorial,,,,,
number-of-edges,辺の数,number of edges,,noun,jp-suugaku-a-zukei-no-seishitsu,geometry,数A,Geometry,exact,editorial,,,,,
number-of-faces,面の数,number of faces,,noun,jp-suugaku-a-zukei-no-seishitsu,geometry,数A,Geometry,exact,editorial,,,,,
divide-internally,内分する,divide internally,,verb,jp-suugaku-a-zukei-no-seishitsu,geometry,数A,Geometry,exact,editorial,,,,,
divide-externally,外分する,divide externally,,verb,jp-suugaku-a-zukei-no-seishitsu,geometry,数A,Geometry,exact,editorial,,,,,
are-concurrent,1 点で交わる,are concurrent,,phrase,jp-suugaku-a-zukei-no-seishitsu,geometry,数A,Geometry,near,editorial,,,,,meet at a single point
collinear,共線,collinear,,adjective,jp-suugaku-a-zukei-no-seishitsu,geometry,数A,Geometry,exact,editorial,共線,,Q1419761,,
concurrent,共点,concurrent,,adjective,jp-suugaku-a-zukei-no-seishitsu,geometry,数A,Geometry,exact,editorial,共点,,Q2191117,,
are-coplanar,同一平面上にある,are coplanar,,phrase,jp-suugaku-a-zukei-no-seishitsu,geometry,数A,Geometry,exact,editorial,共面,,Q543533,wiki-redirect,
equal-angles,等しい角,equal angles,,noun,jp-suugaku-a-zukei-no-seishitsu,geometry,数A,Geometry,near,editorial,,,,,congruent angles
supplementary-angle,補角,supplementary angle,,noun,jp-suugaku-a-zukei-no-seishitsu,geometry,数A,Geometry,exact,editorial,角度,Angle,Q11352,wiki-redirect,
complementary-angle,余角,complementary angle,,noun,jp-suugaku-a-zukei-no-seishitsu,geometry,数A,Geometry,exact,editorial,角度,Angle,Q11352,wiki-redirect,
chord-length,弦の長さ,chord length,,noun,jp-suugaku-a-zukei-no-seishitsu,geometry,数A,Geometry,exact,editorial,,,,,
point-outside-the-circle,円の外部の点,point outside the circle,,noun,jp-suugaku-a-zukei-no-seishitsu,geometry,数A,Geometry,exact,editorial,,,,,
tangent-segments-are-equal,接線の長さは等しい,tangent segments are equal,,phrase,jp-suugaku-a-zukei-no-seishitsu,geometry,数A,Geometry,exact,editorial,,,,,
find-the-angle-seishitsu,角を求める,find the angle,,phrase,jp-suugaku-a-zukei-no-seishitsu,geometry,数A,Geometry,exact,editorial,,,,id-dedup,
apply-the-theorem,定理を適用する,apply the theorem,,phrase,jp-suugaku-a-zukei-no-seishitsu,geometry,数A,Geometry,exact,editorial,,,,,
properties-of-integers,整数の性質,properties of integers,,noun,jp-suugaku-a-suugaku-to-ningen-no-katsudou,number-theory,数A,Discrete Math,near,editorial,,,,,number theory
composite-number,合成数,composite number,,noun,jp-suugaku-a-suugaku-to-ningen-no-katsudou,number-theory,数A,Discrete Math,exact,wikipedia-langlink,合成数,Composite number,Q50707,,
greatest-common-divisor,最大公約数,greatest common divisor,,noun,jp-suugaku-a-suugaku-to-ningen-no-katsudou,number-theory,数A,Discrete Math,near,wikipedia-langlink,最大公約数,Greatest common divisor,Q131752,,米国の高校では GCF（greatest common factor）
least-common-multiple,最小公倍数,least common multiple,,noun,jp-suugaku-a-suugaku-to-ningen-no-katsudou,number-theory,数A,Discrete Math,exact,wikipedia-langlink,最小公倍数,Least common multiple,Q102761,,
relatively-prime,互いに素,relatively prime,,adjective,jp-suugaku-a-suugaku-to-ningen-no-katsudou,number-theory,数A,Discrete Math,near,editorial,,,,wiki-disambig,coprime とも
number-of-divisors,約数の個数,number of divisors,,noun,jp-suugaku-a-suugaku-to-ningen-no-katsudou,number-theory,数A,Discrete Math,exact,editorial,,,,,
divisibility-rules,倍数の判定法,divisibility rules,,noun,jp-suugaku-a-suugaku-to-ningen-no-katsudou,number-theory,数A,Discrete Math,exact,editorial,倍数,Multiple (mathematics),Q1055293,wiki-redirect,
classification-by-remainder,余りによる分類,classification by remainder,,noun,jp-suugaku-a-suugaku-to-ningen-no-katsudou,number-theory,数A,Discrete Math,near,editorial,,,,,residue classes
congruence-katsudou,合同式,congruence,,noun,jp-suugaku-a-suugaku-to-ningen-no-katsudou,number-theory,数A,Discrete Math,near,editorial,整数の合同,,Q3773677,id-dedup wiki-redirect,modular arithmetic。a ≡ b (mod m)
modulus,法,modulus,,noun,jp-suugaku-a-suugaku-to-ningen-no-katsudou,number-theory,数A,Discrete Math,exact,wikipedia-langlink,除法,Division (mathematics),Q1226939,,
residue,剰余,residue,,noun,jp-suugaku-a-suugaku-to-ningen-no-katsudou,number-theory,数A,Discrete Math,near,wikipedia-langlink,剰余,Remainder,Q846677,,remainder
euclidean-algorithm,ユークリッドの互除法,Euclidean algorithm,,noun,jp-suugaku-a-suugaku-to-ningen-no-katsudou,number-theory,数A,Discrete Math,exact,wikipedia-langlink,ユークリッドの互除法,Euclidean algorithm,Q230848,,
linear-diophantine-equation,一次不定方程式,linear Diophantine equation,,noun,jp-suugaku-a-suugaku-to-ningen-no-katsudou,number-theory,数A,Discrete Math,exact,editorial,,,,,
diophantine-equation,不定方程式,Diophantine equation,,noun,jp-suugaku-a-suugaku-to-ningen-no-katsudou,number-theory,数A,Discrete Math,exact,editorial,ディオファントス方程式,,Q905896,wiki-redirect,
integer-solution,整数解,integer solution,,noun,jp-suugaku-a-suugaku-to-ningen-no-katsudou,number-theory,数A,Discrete Math,exact,editorial,,,,,
base-n,n 進法,base n,,noun,jp-suugaku-a-suugaku-to-ningen-no-katsudou,number-theory,数A,Discrete Math,near,editorial,,,,,base-n numeral system
binary,2 進法,binary,,noun,jp-suugaku-a-suugaku-to-ningen-no-katsudou,number-theory,数A,Discrete Math,exact,editorial,,,,,
decimal-katsudou,10 進法,decimal,,noun,jp-suugaku-a-suugaku-to-ningen-no-katsudou,number-theory,数A,Discrete Math,near,editorial,,,,id-dedup,base ten
hexadecimal,16 進法,hexadecimal,,noun,jp-suugaku-a-suugaku-to-ningen-no-katsudou,number-theory,数A,Discrete Math,exact,editorial,,,,,
numeral-system,記数法,numeral system,,noun,jp-suugaku-a-suugaku-to-ningen-no-katsudou,number-theory,数A,Discrete Math,exact,editorial,,,,wiki-disambig,
fractions-and-decimals,分数と小数,fractions and decimals,,noun,jp-suugaku-a-suugaku-to-ningen-no-katsudou,number-theory,数A,Discrete Math,exact,editorial,,,,,
coordinates-katsudou,座標の考え方,coordinates,,noun,jp-suugaku-a-suugaku-to-ningen-no-katsudou,number-theory,数A,Discrete Math,exact,editorial,,,,id-dedup,
path,経路,path,,noun,jp-suugaku-a-suugaku-to-ningen-no-katsudou,number-theory,数A,Discrete Math,exact,editorial,,,,,
game,ゲーム,game,,noun,jp-suugaku-a-suugaku-to-ningen-no-katsudou,number-theory,数A,Discrete Math,exact,editorial,ゲーム,Game,Q11410,wiki-nonmath,
puzzle,パズル,puzzle,,noun,jp-suugaku-a-suugaku-to-ningen-no-katsudou,number-theory,数A,Discrete Math,exact,editorial,パズル,Puzzle,Q13698,wiki-nonmath,
does-not-divide,割り切れない,does not divide,,phrase,jp-suugaku-a-suugaku-to-ningen-no-katsudou,number-theory,数A,Discrete Math,exact,editorial,,,,,
leaves-a-remainder-of-1,余りが 1,leaves a remainder of 1,,phrase,jp-suugaku-a-suugaku-to-ningen-no-katsudou,number-theory,数A,Discrete Math,exact,editorial,,,,,
when-divided-by,〜で割ると,when divided by,,phrase,jp-suugaku-a-suugaku-to-ningen-no-katsudou,number-theory,数A,Discrete Math,exact,editorial,,,,,
is-a-multiple-of,〜の倍数である,is a multiple of,,phrase,jp-suugaku-a-suugaku-to-ningen-no-katsudou,number-theory,数A,Discrete Math,exact,editorial,,,,,
congruent-modulo,〜を法として合同,congruent modulo,,phrase,jp-suugaku-a-suugaku-to-ningen-no-katsudou,number-theory,数A,Discrete Math,exact,editorial,,,,,
factor-into-primes,素因数分解する,factor into primes,,phrase,jp-suugaku-a-suugaku-to-ningen-no-katsudou,number-theory,数A,Discrete Math,exact,editorial,素因数分解,,Q4846249,,
use-the-euclidean-algorithm,互除法を用いる,use the Euclidean algorithm,,phrase,jp-suugaku-a-suugaku-to-ningen-no-katsudou,number-theory,数A,Discrete Math,exact,editorial,,,,,
find-the-integer-solutions,整数解を求める,find the integer solutions,,phrase,jp-suugaku-a-suugaku-to-ningen-no-katsudou,number-theory,数A,Discrete Math,exact,editorial,,,,,
write-in-base-n,n 進法で表す,write in base n,,phrase,jp-suugaku-a-suugaku-to-ningen-no-katsudou,number-theory,数A,Discrete Math,exact,editorial,,,,,
digit,桁,digit,,noun,jp-suugaku-a-suugaku-to-ningen-no-katsudou,number-theory,数A,Discrete Math,exact,editorial,位取り記数法,Positional notation,Q1747853,wiki-redirect,
place,位,place,,noun,jp-suugaku-a-suugaku-to-ningen-no-katsudou,number-theory,数A,Discrete Math,near,editorial,,,,wiki-disambig,place value
parity,偶奇,parity,,noun,jp-suugaku-a-suugaku-to-ningen-no-katsudou,number-theory,数A,Discrete Math,exact,editorial,,,,,
prove-by-contradiction,背理法で示す,prove by contradiction,,phrase,jp-suugaku-a-suugaku-to-ningen-no-katsudou,number-theory,数A,Discrete Math,exact,editorial,,,,,
there-are-infinitely-many,無限に存在する,there are infinitely many,,phrase,jp-suugaku-a-suugaku-to-ningen-no-katsudou,number-theory,数A,Discrete Math,exact,editorial,,,,,
find-the-gcd,最大公約数を求める,find the GCD,,phrase,jp-suugaku-a-suugaku-to-ningen-no-katsudou,number-theory,数A,Discrete Math,exact,editorial,,,,,
polynomial-division,整式の除法,polynomial division,,noun,jp-suugaku-2-shiki-to-shoumei,algebra,数II,Algebra 2|Precalculus,exact,editorial,,,,,
division-algorithm,割り算の原理,division algorithm,,noun,jp-suugaku-2-shiki-to-shoumei,algebra,数II,Algebra 2|Precalculus,exact,editorial,,,,,
long-division,筆算,long division,,noun,jp-suugaku-2-shiki-to-shoumei,algebra,数II,Algebra 2|Precalculus,exact,editorial,筆算,,Q11307059,wiki-nonmath,
synthetic-division,組立除法,synthetic division,,noun,jp-suugaku-2-shiki-to-shoumei,algebra,数II,Algebra 2|Precalculus,exact,wikipedia-langlink,組立除法,Synthetic division,Q7662748,,
rational-expression,分数式,rational expression,,noun,jp-suugaku-2-shiki-to-shoumei,algebra,数II,Algebra 2|Precalculus,exact,editorial,,,,,
operations-with-rational-expressions,分数式の計算,operations with rational expressions,,noun,jp-suugaku-2-shiki-to-shoumei,algebra,数II,Algebra 2|Precalculus,exact,editorial,,,,,
reducing-a-fraction,約分,reducing a fraction,,noun,jp-suugaku-2-shiki-to-shoumei,algebra,数II,Algebra 2|Precalculus,near,editorial,分数,Fraction,Q66055,wiki-redirect,STYLE: reduce / cancel
finding-a-common-denominator,通分,finding a common denominator,,noun,jp-suugaku-2-shiki-to-shoumei,algebra,数II,Algebra 2|Precalculus,near,editorial,,,,,STYLE
complex-fraction,繁分数,complex fraction,,noun,jp-suugaku-2-shiki-to-shoumei,algebra,数II,Algebra 2|Precalculus,exact,editorial,分数,Fraction,Q66055,wiki-redirect,
partial-fractions,部分分数,partial fractions,,noun,jp-suugaku-2-shiki-to-shoumei,algebra,数II,Algebra 2|Precalculus,exact,wikipedia-langlink,部分分数分解,Partial fraction decomposition,Q431617,,
identity,恒等式,identity,,noun,jp-suugaku-2-shiki-to-shoumei,algebra,数II,Algebra 2|Precalculus,exact,wikipedia-langlink,恒等式,Identity (mathematics),Q609647,,
comparing-coefficients,係数比較,comparing coefficients,,noun,jp-suugaku-2-shiki-to-shoumei,algebra,数II,Algebra 2|Precalculus,near,editorial,,,,,equate coefficients
substituting-values,数値代入法,substituting values,,noun,jp-suugaku-2-shiki-to-shoumei,algebra,数II,Algebra 2|Precalculus,near,editorial,,,,,plug in convenient values
proving-an-identity,等式の証明,proving an identity,,noun,jp-suugaku-2-shiki-to-shoumei,algebra,数II,Algebra 2|Precalculus,exact,editorial,,,,,
proving-an-inequality,不等式の証明,proving an inequality,,noun,jp-suugaku-2-shiki-to-shoumei,algebra,数II,Algebra 2|Precalculus,exact,editorial,,,,,
arithmetic-mean,相加平均,arithmetic mean,,noun,jp-suugaku-2-shiki-to-shoumei,algebra,数II,Algebra 2|Precalculus,exact,editorial,算術平均,Arithmetic mean,Q19033,wiki-redirect,
geometric-mean,相乗平均,geometric mean,,noun,jp-suugaku-2-shiki-to-shoumei,algebra,数II,Algebra 2|Precalculus,exact,editorial,幾何平均,Geometric mean,Q185049,wiki-redirect,
am-gm-inequality,相加相乗平均,AM-GM inequality,,noun,jp-suugaku-2-shiki-to-shoumei,algebra,数II,Algebra 2|Precalculus,exact,editorial,,,,,
equality-holds,等号成立,equality holds,,phrase,jp-suugaku-2-shiki-to-shoumei,algebra,数II,Algebra 2|Precalculus,near,editorial,,,,,equality holds when
squares-are-nonnegative,実数の平方は 0 以上,squares are nonnegative,,phrase,jp-suugaku-2-shiki-to-shoumei,algebra,数II,Algebra 2|Precalculus,exact,editorial,,,,,
multinomial-theorem,多項定理,multinomial theorem,,noun,jp-suugaku-2-shiki-to-shoumei,algebra,数II,Algebra 2|Precalculus,exact,wikipedia-langlink,多項定理,Multinomial theorem,Q619985,,
general-term,一般項,general term,,noun,jp-suugaku-2-shiki-to-shoumei,algebra,数II,Algebra 2|Precalculus,exact,editorial,,,,,
expansion-shoumei,展開式,expansion,,noun,jp-suugaku-2-shiki-to-shoumei,algebra,数II,Algebra 2|Precalculus,exact,editorial,,,,id-dedup,
absolute-value-and-inequalities,絶対値と不等式,absolute value and inequalities,,noun,jp-suugaku-2-shiki-to-shoumei,algebra,数II,Algebra 2|Precalculus,exact,editorial,,,,,
cauchy-schwarz-inequality,コーシー・シュワルツの不等式,Cauchy-Schwarz inequality,,noun,jp-suugaku-2-shiki-to-shoumei,algebra,数II,Algebra 2|Precalculus,exact,editorial,コーシー＝シュワルツの不等式,Cauchy–Schwarz inequality,Q190546,wiki-redirect,
find-the-remainder,余りを求める,find the remainder,,phrase,jp-suugaku-2-shiki-to-shoumei,algebra,数II,Algebra 2|Precalculus,exact,editorial,,,,,
reduce,約分する,reduce,,verb,jp-suugaku-2-shiki-to-shoumei,algebra,数II,Algebra 2|Precalculus,near,editorial,分数,Fraction,Q66055,wiki-redirect,cancel the common factor
find-a-common-denominator,通分する,find a common denominator,,phrase,jp-suugaku-2-shiki-to-shoumei,algebra,数II,Algebra 2|Precalculus,exact,editorial,,,,,
is-an-identity,恒等式である,is an identity,,phrase,jp-suugaku-2-shiki-to-shoumei,algebra,数II,Algebra 2|Precalculus,exact,editorial,恒等式,Identity (mathematics),Q609647,,
take-the-difference-of-the-two-sides,両辺の差をとる,take the difference of the two sides,,phrase,jp-suugaku-2-shiki-to-shoumei,algebra,数II,Algebra 2|Precalculus,near,editorial,,,,,subtract the right side from the left
left-side-minus-right-side,左辺 − 右辺,left side minus right side,,phrase,jp-suugaku-2-shiki-to-shoumei,algebra,数II,Algebra 2|Precalculus,exact,editorial,,,,,
write-as-a-square,平方の形にする,write as a square,,phrase,jp-suugaku-2-shiki-to-shoumei,algebra,数II,Algebra 2|Precalculus,near,editorial,,,,,complete the square
equality-holds-if-and-only-if,等号が成り立つのは,equality holds if and only if,,phrase,jp-suugaku-2-shiki-to-shoumei,algebra,数II,Algebra 2|Precalculus,exact,editorial,,,,,
compare-shoumei,大小を比較する,compare,,verb,jp-suugaku-2-shiki-to-shoumei,algebra,数II,Algebra 2|Precalculus,exact,editorial,,,,id-dedup,
form-the-difference,差を作る,form the difference,,phrase,jp-suugaku-2-shiki-to-shoumei,algebra,数II,Algebra 2|Precalculus,exact,editorial,,,,,
compare-coefficients-shoumei,係数を比較する,compare coefficients,,phrase,jp-suugaku-2-shiki-to-shoumei,algebra,数II,Algebra 2|Precalculus,exact,editorial,,,,id-dedup,
numerator,分子,numerator,,noun,jp-suugaku-2-shiki-to-shoumei,algebra,数II,Algebra 2|Precalculus,exact,editorial,分子,Molecule,Q11369,wiki-nonmath,
denominator,分母,denominator,,noun,jp-suugaku-2-shiki-to-shoumei,algebra,数II,Algebra 2|Precalculus,exact,editorial,分数,Fraction,Q66055,wiki-redirect,
rational-expression-in-lowest-terms,既約分数式,rational expression in lowest terms,,noun,jp-suugaku-2-shiki-to-shoumei,algebra,数II,Algebra 2|Precalculus,exact,editorial,,,,,
general-term-of-the-expansion,展開の一般項,general term of the expansion,,noun,jp-suugaku-2-shiki-to-shoumei,algebra,数II,Algebra 2|Precalculus,exact,editorial,,,,,
the-equation-holds,式が成り立つ,the equation holds,,phrase,jp-suugaku-2-shiki-to-shoumei,algebra,数II,Algebra 2|Precalculus,exact,editorial,,,,,
what-we-want-to-show,示すべき式,what we want to show,,phrase,jp-suugaku-2-shiki-to-shoumei,algebra,数II,Algebra 2|Precalculus,near,editorial,,,,,"答案の書き出し ""We want to show that"""
complex-number,複素数,complex number,,noun,jp-suugaku-2-fukusosuu-to-houteishiki,algebra,数II,Algebra 2|Integrated Math 3,exact,wikipedia-langlink,複素数,Complex number,Q11567,,
imaginary-number,虚数,imaginary number,,noun,jp-suugaku-2-fukusosuu-to-houteishiki,algebra,数II,Algebra 2|Integrated Math 3,exact,wikipedia-langlink,虚数,Imaginary number,Q9165172,,
imaginary-unit,虚数単位,imaginary unit,,noun,jp-suugaku-2-fukusosuu-to-houteishiki,algebra,数II,Algebra 2|Integrated Math 3,exact,wikipedia-langlink,虚数単位,Imaginary unit,Q193796,,
real-part,実部,real part,,noun,jp-suugaku-2-fukusosuu-to-houteishiki,algebra,数II,Algebra 2|Integrated Math 3,exact,editorial,複素数,Complex number,Q11567,wiki-redirect,
imaginary-part,虚部,imaginary part,,noun,jp-suugaku-2-fukusosuu-to-houteishiki,algebra,数II,Algebra 2|Integrated Math 3,exact,editorial,複素数,Complex number,Q11567,wiki-redirect,
pure-imaginary-number,純虚数,pure imaginary number,,noun,jp-suugaku-2-fukusosuu-to-houteishiki,algebra,数II,Algebra 2|Integrated Math 3,exact,editorial,虚数,Imaginary number,Q9165172,wiki-redirect,
complex-conjugate,共役複素数,complex conjugate,,noun,jp-suugaku-2-fukusosuu-to-houteishiki,algebra,数II,Algebra 2|Integrated Math 3,exact,editorial,複素共役,Complex conjugate,Q381040,wiki-redirect,
equality-of-complex-numbers,複素数の相等,equality of complex numbers,,noun,jp-suugaku-2-fukusosuu-to-houteishiki,algebra,数II,Algebra 2|Integrated Math 3,exact,editorial,,,,,
arithmetic-of-complex-numbers,複素数の四則,arithmetic of complex numbers,,noun,jp-suugaku-2-fukusosuu-to-houteishiki,algebra,数II,Algebra 2|Integrated Math 3,exact,editorial,,,,,
square-root-of-a-negative-number,負の数の平方根,square root of a negative number,,noun,jp-suugaku-2-fukusosuu-to-houteishiki,algebra,数II,Algebra 2|Integrated Math 3,exact,editorial,,,,,
solutions-of-a-quadratic-equation,二次方程式の解,solutions of a quadratic equation,,noun,jp-suugaku-2-fukusosuu-to-houteishiki,algebra,数II,Algebra 2|Integrated Math 3,exact,editorial,,,,,
imaginary-solution,虚数解,imaginary solution,,noun,jp-suugaku-2-fukusosuu-to-houteishiki,algebra,数II,Algebra 2|Integrated Math 3,near,editorial,,,,,complex solution / nonreal solution
relationship-between-roots-and-coefficients,解と係数の関係,relationship between roots and coefficients,,noun,jp-suugaku-2-fukusosuu-to-houteishiki,algebra,数II,Algebra 2|Integrated Math 3,near,editorial,根と係数の関係,Vieta's formulas,Q570779,wiki-redirect,STYLE: Vieta's formulas（大学）
sum-of-the-roots,2 解の和,sum of the roots,,noun,jp-suugaku-2-fukusosuu-to-houteishiki,algebra,数II,Algebra 2|Integrated Math 3,exact,editorial,,,,,
product-of-the-roots,2 解の積,product of the roots,,noun,jp-suugaku-2-fukusosuu-to-houteishiki,algebra,数II,Algebra 2|Integrated Math 3,exact,editorial,,,,,
factoring-over-the-complex-numbers,二次式の因数分解,factoring over the complex numbers,,noun,jp-suugaku-2-fukusosuu-to-houteishiki,algebra,数II,Algebra 2|Integrated Math 3,exact,editorial,,,,,
remainder-theorem,剰余の定理,remainder theorem,,noun,jp-suugaku-2-fukusosuu-to-houteishiki,algebra,数II,Algebra 2|Integrated Math 3,exact,wikidata,剰余の定理,,Q1071948,,
factor-theorem,因数定理,factor theorem,,noun,jp-suugaku-2-fukusosuu-to-houteishiki,algebra,数II,Algebra 2|Integrated Math 3,exact,wikidata,因数定理,,Q1108687,,
polynomial-equation-of-higher-degree,高次方程式,polynomial equation of higher degree,,noun,jp-suugaku-2-fukusosuu-to-houteishiki,algebra,数II,Algebra 2|Integrated Math 3,near,editorial,代数方程式,Algebraic equation,Q50698,wiki-redirect,米国では単に polynomial equation
cubic-equation,三次方程式,cubic equation,,noun,jp-suugaku-2-fukusosuu-to-houteishiki,algebra,数II,Algebra 2|Integrated Math 3,exact,wikipedia-langlink,三次方程式,Cubic equation,Q203565,,
quartic-equation,四次方程式,quartic equation,,noun,jp-suugaku-2-fukusosuu-to-houteishiki,algebra,数II,Algebra 2|Integrated Math 3,exact,wikidata,四次方程式,,Q476776,,
cube-roots-of-unity,1 の三乗根,cube roots of unity,,noun,jp-suugaku-2-fukusosuu-to-houteishiki,algebra,数II,Algebra 2|Integrated Math 3,exact,editorial,,,,,
omega,オメガ,omega,,noun,jp-suugaku-2-fukusosuu-to-houteishiki,algebra,数II,Algebra 2|Integrated Math 3,near,editorial,オメガ,,Q659224,wiki-nonmath,1 の虚数立方根 ω。米国では名前をつけない
fundamental-theorem-of-algebra,代数学の基本定理,fundamental theorem of algebra,,noun,jp-suugaku-2-fukusosuu-to-houteishiki,algebra,数II,Algebra 2|Integrated Math 3,exact,wikipedia-langlink,代数学の基本定理,Fundamental theorem of algebra,Q192760,,
polynomial-equation-of-degree-n,n 次方程式,polynomial equation of degree n,,noun,jp-suugaku-2-fukusosuu-to-houteishiki,algebra,数II,Algebra 2|Integrated Math 3,exact,editorial,,,,,
rational-root,有理数解,rational root,,noun,jp-suugaku-2-fukusosuu-to-houteishiki,algebra,数II,Algebra 2|Integrated Math 3,exact,editorial,,,,,
rational-root-theorem,有理根定理,rational root theorem,,noun,jp-suugaku-2-fukusosuu-to-houteishiki,algebra,数II,Algebra 2|Integrated Math 3,exact,wikidata,有理根定理,,Q180345,,
real-coefficients,実数係数,real coefficients,,noun,jp-suugaku-2-fukusosuu-to-houteishiki,algebra,数II,Algebra 2|Integrated Math 3,exact,editorial,,,,,
conjugate-roots,共役な解,conjugate roots,,noun,jp-suugaku-2-fukusosuu-to-houteishiki,algebra,数II,Algebra 2|Integrated Math 3,near,editorial,,,,,conjugate root theorem
involves-imaginary-numbers,虚数を含む,involves imaginary numbers,,phrase,jp-suugaku-2-fukusosuu-to-houteishiki,algebra,数II,Algebra 2|Integrated Math 3,exact,editorial,,,,,
i-squared-equals-negative-one,i の 2 乗は −1,i squared equals negative one,,phrase,jp-suugaku-2-fukusosuu-to-houteishiki,algebra,数II,Algebra 2|Integrated Math 3,exact,editorial,,,,,
take-the-conjugate,共役をとる,take the conjugate,,phrase,jp-suugaku-2-fukusosuu-to-houteishiki,algebra,数II,Algebra 2|Integrated Math 3,exact,editorial,,,,,
compare-real-and-imaginary-parts,実部と虚部を比較する,compare real and imaginary parts,,phrase,jp-suugaku-2-fukusosuu-to-houteishiki,algebra,数II,Algebra 2|Integrated Math 3,exact,editorial,,,,,
has-a-solution,解をもつ,has a solution,,phrase,jp-suugaku-2-fukusosuu-to-houteishiki,algebra,数II,Algebra 2|Integrated Math 3,exact,editorial,,,,,
two-distinct-imaginary-solutions,異なる 2 つの虚数解,two distinct imaginary solutions,,noun,jp-suugaku-2-fukusosuu-to-houteishiki,algebra,数II,Algebra 2|Integrated Math 3,exact,editorial,,,,,
use-the-factor-theorem,因数定理を使う,use the factor theorem,,phrase,jp-suugaku-2-fukusosuu-to-houteishiki,algebra,数II,Algebra 2|Integrated Math 3,exact,editorial,,,,,
divide-using-synthetic-division,組立除法で割る,divide using synthetic division,,phrase,jp-suugaku-2-fukusosuu-to-houteishiki,algebra,数II,Algebra 2|Integrated Math 3,exact,editorial,,,,,
one-of-the-solutions-is,解の 1 つが,one of the solutions is,,phrase,jp-suugaku-2-fukusosuu-to-houteishiki,algebra,数II,Algebra 2|Integrated Math 3,exact,editorial,,,,,
the-other-solutions,残りの解,the other solutions,,phrase,jp-suugaku-2-fukusosuu-to-houteishiki,algebra,数II,Algebra 2|Integrated Math 3,exact,editorial,,,,,
real-and-nonreal-solutions,実数解と虚数解,real and nonreal solutions,,noun,jp-suugaku-2-fukusosuu-to-houteishiki,algebra,数II,Algebra 2|Integrated Math 3,exact,editorial,,,,,
classify-the-solutions,解を判別する,classify the solutions,,phrase,jp-suugaku-2-fukusosuu-to-houteishiki,algebra,数II,Algebra 2|Integrated Math 3,near,editorial,,,,,determine the nature of the roots
coordinates-of-the-point-dividing-the-segment,内分点の座標,coordinates of the point dividing the segment,,noun,jp-suugaku-2-zukei-to-houteishiki,geometry,数II,Geometry|Precalculus,near,editorial,,,,,section formula（英国・インド）
midpoint-houteishiki,中点の座標,midpoint,,noun,jp-suugaku-2-zukei-to-houteishiki,geometry,数II,Geometry|Precalculus,exact,editorial,,,,id-dedup,
centroid-houteishiki,重心の座標,centroid,,noun,jp-suugaku-2-zukei-to-houteishiki,geometry,数II,Geometry|Precalculus,exact,editorial,,,,id-dedup,
equation-of-a-line-houteishiki,直線の方程式,equation of a line,,noun,jp-suugaku-2-zukei-to-houteishiki,geometry,数II,Geometry|Precalculus,exact,editorial,平面における直線の標準形,,Q1509757,id-dedup wiki-redirect,
distance-from-a-point-to-a-line,点と直線の距離,distance from a point to a line,,noun,jp-suugaku-2-zukei-to-houteishiki,geometry,数II,Geometry|Precalculus,exact,wikipedia-langlink,点と直線の距離,Distance from a point to a line,Q2485106,,
parallel-lines-houteishiki,2 直線の平行,parallel lines,,noun,jp-suugaku-2-zukei-to-houteishiki,geometry,数II,Geometry|Precalculus,exact,editorial,,,,id-dedup,
perpendicular-lines,2 直線の垂直,perpendicular lines,,noun,jp-suugaku-2-zukei-to-houteishiki,geometry,数II,Geometry|Precalculus,exact,editorial,,,,,
slopes-multiply-to-negative-one,傾きの積が −1,slopes multiply to negative one,,phrase,jp-suugaku-2-zukei-to-houteishiki,geometry,数II,Geometry|Precalculus,near,editorial,,,,,negative reciprocal slopes
equation-of-a-circle,円の方程式,equation of a circle,,noun,jp-suugaku-2-zukei-to-houteishiki,geometry,数II,Geometry|Precalculus,exact,editorial,円 (数学),Circle,Q17278,wiki-redirect,
standard-form-of-a-circle,円の標準形,standard form of a circle,,noun,jp-suugaku-2-zukei-to-houteishiki,geometry,数II,Geometry|Precalculus,near,editorial,,,,,(x−a)²+(y−b)²=r²
general-form-of-a-circle,円の一般形,general form of a circle,,noun,jp-suugaku-2-zukei-to-houteishiki,geometry,数II,Geometry|Precalculus,exact,editorial,,,,,
position-of-a-line-relative-to-a-circle,円と直線の位置関係,position of a line relative to a circle,,noun,jp-suugaku-2-zukei-to-houteishiki,geometry,数II,Geometry|Precalculus,near,editorial,,,,,how many times the line meets the circle
tangent-to-a-circle,円の接線,tangent to a circle,,noun,jp-suugaku-2-zukei-to-houteishiki,geometry,数II,Geometry|Precalculus,exact,editorial,,,,,
equation-of-the-tangent-line,接線の方程式,equation of the tangent line,equation of the tangent [suugaku-c-kyokusen-to-fukuso-heimen],noun,jp-suugaku-2-zukei-to-houteishiki,geometry,数II,Geometry|Precalculus,exact,editorial,,,,ja-merged,
circle-through-the-intersections-of-two-circles,2 円の交点を通る円,circle through the intersections of two circles,,noun,jp-suugaku-2-zukei-to-houteishiki,geometry,数II,Geometry|Precalculus,none,editorial,,,,,米国の高校では扱わない（束の考え方）
locus,軌跡,locus,,noun,jp-suugaku-2-zukei-to-houteishiki,geometry,数II,Geometry|Precalculus,exact,wikipedia-langlink,軌跡 (数学),Locus (mathematics),Q211548,,
equation-of-the-locus,軌跡の方程式,equation of the locus,,noun,jp-suugaku-2-zukei-to-houteishiki,geometry,数II,Geometry|Precalculus,exact,editorial,,,,,
region,領域,region,,noun,jp-suugaku-2-zukei-to-houteishiki,geometry,数II,Geometry|Precalculus,exact,wikipedia-langlink,領域 (解析学),Domain (mathematical analysis),Q11235244,,
region-defined-by-an-inequality,不等式の表す領域,region defined by an inequality,,noun,jp-suugaku-2-zukei-to-houteishiki,geometry,数II,Geometry|Precalculus,exact,editorial,,,,,
region-defined-by-a-system-of-inequalities,連立不等式の表す領域,region defined by a system of inequalities,,noun,jp-suugaku-2-zukei-to-houteishiki,geometry,数II,Geometry|Precalculus,near,editorial,,,,,feasible region（線形計画）
linear-programming,線形計画法,linear programming,,noun,jp-suugaku-2-zukei-to-houteishiki,geometry,数II,Geometry|Precalculus,exact,wikipedia-langlink,線形計画法,Linear programming,Q202843,,
boundary,境界線,boundary,,noun,jp-suugaku-2-zukei-to-houteishiki,geometry,数II,Geometry|Precalculus,exact,editorial,,,,wiki-disambig,
including-the-boundary,境界を含む,including the boundary,,phrase,jp-suugaku-2-zukei-to-houteishiki,geometry,数II,Geometry|Precalculus,exact,editorial,,,,,
not-including-the-boundary,境界を含まない,not including the boundary,,phrase,jp-suugaku-2-zukei-to-houteishiki,geometry,数II,Geometry|Precalculus,exact,editorial,,,,,
apollonian-circle,アポロニウスの円,Apollonian circle,,noun,jp-suugaku-2-zukei-to-houteishiki,geometry,数II,Geometry|Precalculus,near,wikipedia-langlink,アポロニウスの円,Circles of Apollonius,Q20781897,,米国の高校では扱わない
coordinates-of-the-intersection,交点の座標,coordinates of the intersection,,noun,jp-suugaku-2-zukei-to-houteishiki,geometry,数II,Geometry|Precalculus,exact,editorial,,,,,
equation-of-the-perpendicular-bisector,垂直二等分線の方程式,equation of the perpendicular bisector,,noun,jp-suugaku-2-zukei-to-houteishiki,geometry,数II,Geometry|Precalculus,exact,editorial,,,,,
reflection-of-a-point,対称な点,reflection of a point,,noun,jp-suugaku-2-zukei-to-houteishiki,geometry,数II,Geometry|Precalculus,near,editorial,,,,,the point symmetric to P about the line
symmetric-about-the-line,直線に関して対称,symmetric about the line,,phrase,jp-suugaku-2-zukei-to-houteishiki,geometry,数II,Geometry|Precalculus,exact,editorial,,,,,
find-the-distance,距離を求める,find the distance,,phrase,jp-suugaku-2-zukei-to-houteishiki,geometry,数II,Geometry|Precalculus,exact,editorial,,,,,
find-the-equation-houteishiki,方程式を求める,find the equation,,phrase,jp-suugaku-2-zukei-to-houteishiki,geometry,数II,Geometry|Precalculus,exact,editorial,,,,id-dedup,
sketch-houteishiki,図示する,sketch,,verb,jp-suugaku-2-zukei-to-houteishiki,geometry,数II,Geometry|Precalculus,near,editorial,,,,id-dedup,問題文の指示語「図示せよ」は Sketch / Graph the region
shade-the-region,領域を図示する,shade the region,,phrase,jp-suugaku-2-zukei-to-houteishiki,geometry,数II,Geometry|Precalculus,exact,editorial,,,,,
intersect-houteishiki,共有点をもつ,intersect,,verb,jp-suugaku-2-zukei-to-houteishiki,geometry,数II,Geometry|Precalculus,exact,editorial,,,,id-dedup,
set-of-points-satisfying-the-condition,条件を満たす点の集合,set of points satisfying the condition,,noun,jp-suugaku-2-zukei-to-houteishiki,geometry,数II,Geometry|Precalculus,exact,editorial,,,,,
as-p-moves,点 P が動く,as P moves,,phrase,jp-suugaku-2-zukei-to-houteishiki,geometry,数II,Geometry|Precalculus,near,editorial,,,,,as P varies
find-the-locus,軌跡を求める,find the locus,,phrase,jp-suugaku-2-zukei-to-houteishiki,geometry,数II,Geometry|Precalculus,exact,editorial,,,,,
conversely,逆に,conversely,,phrase,jp-suugaku-2-zukei-to-houteishiki,geometry,数II,Geometry|Precalculus,exact,editorial,,,,,
relation-between-x-and-y,"x, y の関係式",relation between x and y,,noun,jp-suugaku-2-zukei-to-houteishiki,geometry,数II,Geometry|Precalculus,exact,editorial,,,,,
parameter,パラメータ,parameter,,noun,jp-suugaku-2-zukei-to-houteishiki,geometry,数II,Geometry|Precalculus,exact,editorial,,,,wiki-disambig,
eliminate-the-parameter,媒介変数を消去する,eliminate the parameter,,phrase,jp-suugaku-2-zukei-to-houteishiki,geometry,数II,Geometry|Precalculus,exact,editorial,,,,,
general-angle,一般角,general angle,,noun,jp-suugaku-2-sankaku-kansuu,trigonometry,数II,Algebra 2|Precalculus,near,editorial,一般角,,,wiki-nonmath,angles beyond 0°–360°。米国では coterminal angles
radian-measure,弧度法,radian measure,radian [geometry-circles],noun,jp-suugaku-2-sankaku-kansuu,trigonometry,数II,Algebra 2|Precalculus,exact,editorial,ラジアン,Radian,Q33680,ja-merged wiki-redirect,
radian,ラジアン,radian,,noun,jp-suugaku-2-sankaku-kansuu,trigonometry,数II,Algebra 2|Precalculus,exact,wikipedia-langlink,ラジアン,Radian,Q33680,,
degree-measure,度数法,degree measure,,noun,jp-suugaku-2-sankaku-kansuu,trigonometry,数II,Algebra 2|Precalculus,exact,editorial,度 (角度),Degree (angle),Q28390,wiki-redirect,
terminal-side,動径,terminal side,,noun,jp-suugaku-2-sankaku-kansuu,trigonometry,数II,Algebra 2|Precalculus,near,editorial,半径,Radius,Q173817,wiki-redirect,日本の「動径」は米国では terminal side of the angle
initial-side,始線,initial side,,noun,jp-suugaku-2-sankaku-kansuu,trigonometry,数II,Algebra 2|Precalculus,exact,editorial,,,,,
trigonometric-function,三角関数,trigonometric function,,noun,jp-suugaku-2-sankaku-kansuu,trigonometry,数II,Algebra 2|Precalculus,exact,wikipedia-langlink,三角関数,Trigonometric functions,Q93344,,
period,周期,period,,noun,jp-suugaku-2-sankaku-kansuu,trigonometry,数II,Algebra 2|Precalculus,exact,editorial,周期,,Q119890532,wiki-nonmath,
periodic-function,周期関数,periodic function,,noun,jp-suugaku-2-sankaku-kansuu,trigonometry,数II,Algebra 2|Precalculus,exact,wikipedia-langlink,周期関数,Periodic function,Q184743,,
amplitude,振幅,amplitude,,noun,jp-suugaku-2-sankaku-kansuu,trigonometry,数II,Algebra 2|Precalculus,exact,wikipedia-langlink,振幅,Amplitude,Q159190,,
graphs-of-trigonometric-functions,三角関数のグラフ,graphs of trigonometric functions,,noun,jp-suugaku-2-sankaku-kansuu,trigonometry,数II,Algebra 2|Precalculus,exact,editorial,,,,,
even-function,偶関数,even function,,noun,jp-suugaku-2-sankaku-kansuu,trigonometry,数II,Algebra 2|Precalculus,exact,wikipedia-langlink,偶関数と奇関数,Even and odd functions,Q126592,,
odd-function,奇関数,odd function,,noun,jp-suugaku-2-sankaku-kansuu,trigonometry,数II,Algebra 2|Precalculus,exact,wikipedia-langlink,偶関数と奇関数,Even and odd functions,Q126592,,
trigonometric-identities-kansuu,三角関数の相互関係,trigonometric identities,,noun,jp-suugaku-2-sankaku-kansuu,trigonometry,数II,Algebra 2|Precalculus,near,editorial,,,,id-dedup,Pythagorean identities
angle-addition-formulas,加法定理,angle addition formulas,,noun,jp-suugaku-2-sankaku-kansuu,trigonometry,数II,Algebra 2|Precalculus,near,wikipedia-langlink,加法定理,Addition theorem,Q282331,,sum and difference formulas
double-angle-formulas,2 倍角の公式,double-angle formulas,,noun,jp-suugaku-2-sankaku-kansuu,trigonometry,数II,Algebra 2|Precalculus,exact,editorial,,,,,
half-angle-formulas,半角の公式,half-angle formulas,,noun,jp-suugaku-2-sankaku-kansuu,trigonometry,数II,Algebra 2|Precalculus,exact,editorial,,,,,
triple-angle-formulas,3 倍角の公式,triple-angle formulas,,noun,jp-suugaku-2-sankaku-kansuu,trigonometry,数II,Algebra 2|Precalculus,exact,editorial,,,,,
product-to-sum-formulas,積和公式,product-to-sum formulas,,noun,jp-suugaku-2-sankaku-kansuu,trigonometry,数II,Algebra 2|Precalculus,exact,editorial,三角関数の公式の一覧,,Q273008,wiki-redirect wiki-nonmath,
sum-to-product-formulas,和積公式,sum-to-product formulas,,noun,jp-suugaku-2-sankaku-kansuu,trigonometry,数II,Algebra 2|Precalculus,exact,editorial,三角関数の公式の一覧,,Q273008,wiki-redirect wiki-nonmath,
auxiliary-angle-form,三角関数の合成,auxiliary-angle form,,noun,jp-suugaku-2-sankaku-kansuu,trigonometry,数II,Algebra 2|Precalculus,near,editorial,,,,,STYLE: writing a sin θ + b cos θ as R sin(θ+α)
trigonometric-equation,三角方程式,trigonometric equation,,noun,jp-suugaku-2-sankaku-kansuu,trigonometry,数II,Algebra 2|Precalculus,exact,editorial,,,,,
trigonometric-inequality,三角不等式,trigonometric inequality,,noun,jp-suugaku-2-sankaku-kansuu,trigonometry,数II,Algebra 2|Precalculus,exact,wikipedia-langlink,三角不等式,Triangle inequality,Q208216,,
maximum-and-minimum-of-trigonometric-functions,三角関数の最大・最小,maximum and minimum of trigonometric functions,,noun,jp-suugaku-2-sankaku-kansuu,trigonometry,数II,Algebra 2|Precalculus,exact,editorial,,,,,
area-of-a-sector,扇形の面積,area of a sector,,noun,jp-suugaku-2-sankaku-kansuu,trigonometry,数II,Algebra 2|Precalculus,exact,editorial,,,,,
reference-angle,基準角,reference angle,,noun,jp-suugaku-2-sankaku-kansuu,trigonometry,数II,Algebra 2|Precalculus,near,editorial,,,,,米国の必須語。日本では名前がない
quadrantal-angle,座標軸上の角,quadrantal angle,,noun,jp-suugaku-2-sankaku-kansuu,trigonometry,数II,Algebra 2|Precalculus,near,editorial,,,,,日本では名前がない
inverse-trigonometric-function,逆三角関数,inverse trigonometric function,inverse trig functions [algebra-2-trigonometry],noun,jp-suugaku-2-sankaku-kansuu,trigonometry,数II,Algebra 2|Precalculus,near,wikidata,逆三角関数,,Q674533,ja-merged,日本の高校では扱わない
express-in-radians,弧度法で表す,express in radians,,phrase,jp-suugaku-2-sankaku-kansuu,trigonometry,数II,Algebra 2|Precalculus,exact,editorial,,,,,
convert-to-degrees,度に直す,convert to degrees,,phrase,jp-suugaku-2-sankaku-kansuu,trigonometry,数II,Algebra 2|Precalculus,exact,editorial,,,,,
find-the-period,周期を求める,find the period,,phrase,jp-suugaku-2-sankaku-kansuu,trigonometry,数II,Algebra 2|Precalculus,exact,editorial,,,,,
rewrite-the-expression,式を変形する,rewrite the expression,,phrase,jp-suugaku-2-sankaku-kansuu,trigonometry,数II,Algebra 2|Precalculus,exact,editorial,,,,,
combine-into-a-single-sine,三角関数を合成する,combine into a single sine,,phrase,jp-suugaku-2-sankaku-kansuu,trigonometry,数II,Algebra 2|Precalculus,near,editorial,,,,,write as a single trig function
use-the-addition-formula,加法定理を使う,use the addition formula,,phrase,jp-suugaku-2-sankaku-kansuu,trigonometry,数II,Algebra 2|Precalculus,exact,editorial,,,,,
use-the-double-angle-formula,2 倍角の公式を使う,use the double-angle formula,,phrase,jp-suugaku-2-sankaku-kansuu,trigonometry,数II,Algebra 2|Precalculus,exact,editorial,,,,,
solve-the-equation,方程式を解く,solve the equation,,phrase,jp-suugaku-2-sankaku-kansuu,trigonometry,数II,Algebra 2|Precalculus,exact,editorial,,,,,
on-the-interval-from-0-to-2,0 ≦ θ < 2π の範囲で,on the interval from 0 to 2π,,phrase,jp-suugaku-2-sankaku-kansuu,trigonometry,数II,Algebra 2|Precalculus,exact,editorial,0 ≦ θ < 2π の範囲で,,,wiki-nonmath,
general-solution,一般解,general solution,,noun,jp-suugaku-2-sankaku-kansuu,trigonometry,数II,Algebra 2|Precalculus,exact,editorial,方程式,Equation,Q11345,wiki-redirect,
double-the-angle,角を 2 倍にする,double the angle,,phrase,jp-suugaku-2-sankaku-kansuu,trigonometry,数II,Algebra 2|Precalculus,exact,editorial,,,,,
the-value-of-sine-theta,sin θ の値が,the value of sine theta,,phrase,jp-suugaku-2-sankaku-kansuu,trigonometry,数II,Algebra 2|Precalculus,exact,editorial,,,,,
find-tan-theta,tan θ を求める,find tan theta,,phrase,jp-suugaku-2-sankaku-kansuu,trigonometry,数II,Algebra 2|Precalculus,exact,editorial,,,,,
solve-for-theta-kansuu,θ の値を求める,solve for theta,,phrase,jp-suugaku-2-sankaku-kansuu,trigonometry,数II,Algebra 2|Precalculus,exact,editorial,,,,id-dedup,
shift-the-graph-horizontally,グラフを x 軸方向に平行移動,shift the graph horizontally,,phrase,jp-suugaku-2-sankaku-kansuu,trigonometry,数II,Algebra 2|Precalculus,near,editorial,,,,,phase shift
phase,位相,phase,,noun,jp-suugaku-2-sankaku-kansuu,trigonometry,数II,Algebra 2|Precalculus,exact,wikipedia-langlink,位相,Phase (waves),Q185553,,
phase-shift,位相のずれ,phase shift,,noun,jp-suugaku-2-sankaku-kansuu,trigonometry,数II,Algebra 2|Precalculus,exact,wikidata,位相のずれ,,Q7180940,,
stretch-vertically,縦に伸縮する,stretch vertically,,phrase,jp-suugaku-2-sankaku-kansuu,trigonometry,数II,Algebra 2|Precalculus,exact,editorial,,,,,
compress-horizontally,横に縮める,compress horizontally,,phrase,jp-suugaku-2-sankaku-kansuu,trigonometry,数II,Algebra 2|Precalculus,exact,editorial,,,,,
counterclockwise,正の向き,counterclockwise,,adjective,jp-suugaku-2-sankaku-kansuu,trigonometry,数II,Algebra 2|Precalculus,near,editorial,,,,,角の正の向き
clockwise,負の向き,clockwise,,adjective,jp-suugaku-2-sankaku-kansuu,trigonometry,数II,Algebra 2|Precalculus,exact,editorial,,,,,
nth-root,累乗根,nth root,,noun,jp-suugaku-2-shisuu-taisuu,functions,数II,Algebra 2|Precalculus,near,editorial,冪根,Nth root,Q601053,wiki-redirect,radical
laws-of-exponents,指数法則,laws of exponents,exponent rules [algebra-1-exponents-and-exponential-functions],noun,jp-suugaku-2-shisuu-taisuu,functions,数II,Algebra 2|Precalculus,near,editorial,冪乗,Exponentiation,Q33456,ja-merged wiki-redirect,exponent rules / properties of exponents
extending-the-exponent,指数の拡張,extending the exponent,,noun,jp-suugaku-2-shisuu-taisuu,functions,数II,Algebra 2|Precalculus,near,editorial,,,,,"zero and negative exponents, rational exponents"
negative-exponent,負の指数,negative exponent,,noun,jp-suugaku-2-shisuu-taisuu,functions,数II,Algebra 2|Precalculus,exact,editorial,,,,,
rational-exponent,分数の指数,rational exponent,,noun,jp-suugaku-2-shisuu-taisuu,functions,数II,Algebra 2|Precalculus,near,editorial,,,,,fractional exponent
zero-exponent,0 乗,zero exponent,,noun,jp-suugaku-2-shisuu-taisuu,functions,数II,Algebra 2|Precalculus,exact,editorial,,,,,
exponential-function,指数関数,exponential function,,noun,jp-suugaku-2-shisuu-taisuu,functions,数II,Algebra 2|Precalculus,exact,wikipedia-langlink,指数関数,Natural exponential function,Q47306354,,
graph-of-an-exponential-function,指数関数のグラフ,graph of an exponential function,,noun,jp-suugaku-2-shisuu-taisuu,functions,数II,Algebra 2|Precalculus,exact,editorial,,,,,
exponential-equation,指数方程式,exponential equation,,noun,jp-suugaku-2-shisuu-taisuu,functions,数II,Algebra 2|Precalculus,exact,editorial,,,,,
exponential-inequality,指数不等式,exponential inequality,,noun,jp-suugaku-2-shisuu-taisuu,functions,数II,Algebra 2|Precalculus,exact,editorial,,,,,
logarithm,対数,logarithm,,noun,jp-suugaku-2-shisuu-taisuu,functions,数II,Algebra 2|Precalculus,exact,wikipedia-langlink,対数,Logarithm,Q11197,,
definition-of-a-logarithm,対数の定義,definition of a logarithm,,noun,jp-suugaku-2-shisuu-taisuu,functions,数II,Algebra 2|Precalculus,exact,editorial,,,,,
argument,真数,argument,,noun,jp-suugaku-2-shisuu-taisuu,functions,数II,Algebra 2|Precalculus,near,editorial,対数,Logarithm,Q11197,wiki-redirect,米国では argument of the log。真数条件は「the argument must be positive」
the-argument-must-be-positive,真数条件,the argument must be positive,,phrase,jp-suugaku-2-shisuu-taisuu,functions,数II,Algebra 2|Precalculus,none,editorial,,,,,名前はない
properties-of-logarithms,対数の性質,properties of logarithms,properties of logs [algebra-2-exponential-and-logarithmic],noun,jp-suugaku-2-shisuu-taisuu,functions,数II,Algebra 2|Precalculus,near,editorial,対数,Logarithm,Q11197,ja-merged wiki-redirect,log rules
change-of-base-formula,底の変換公式,change of base formula,,noun,jp-suugaku-2-shisuu-taisuu,functions,数II,Algebra 2|Precalculus,exact,editorial,,,,,
common-logarithm,常用対数,common logarithm,common log [algebra-2-exponential-and-logarithmic],noun,jp-suugaku-2-shisuu-taisuu,functions,数II,Algebra 2|Precalculus,exact,wikipedia-langlink,常用対数,Common logarithm,Q966582,ja-merged,
natural-logarithm,自然対数,natural logarithm,natural log [algebra-2-exponential-and-logarithmic],noun,jp-suugaku-2-shisuu-taisuu,functions,数II,Algebra 2|Precalculus,exact,wikipedia-langlink,自然対数,Natural logarithm,Q204037,ja-merged,
logarithmic-function,対数関数,logarithmic function,,noun,jp-suugaku-2-shisuu-taisuu,functions,数II,Algebra 2|Precalculus,exact,editorial,対数,Logarithm,Q11197,wiki-redirect,
graph-of-a-logarithmic-function,対数関数のグラフ,graph of a logarithmic function,,noun,jp-suugaku-2-shisuu-taisuu,functions,数II,Algebra 2|Precalculus,exact,editorial,,,,,
logarithmic-equation,対数方程式,logarithmic equation,,noun,jp-suugaku-2-shisuu-taisuu,functions,数II,Algebra 2|Precalculus,exact,editorial,,,,,
logarithmic-inequality,対数不等式,logarithmic inequality,,noun,jp-suugaku-2-shisuu-taisuu,functions,数II,Algebra 2|Precalculus,exact,editorial,,,,,
number-of-digits,桁数,number of digits,,noun,jp-suugaku-2-shisuu-taisuu,functions,数II,Algebra 2|Precalculus,exact,editorial,,,,,
grow-exponentially,指数関数的に増加する,grow exponentially,,phrase,jp-suugaku-2-shisuu-taisuu,functions,数II,Algebra 2|Precalculus,exact,editorial,,,,,
exponential-growth,指数関数的増加,exponential growth,,noun,jp-suugaku-2-shisuu-taisuu,functions,数II,Algebra 2|Precalculus,exact,editorial,指数関数的成長,,Q582659,wiki-redirect,
exponential-decay,指数関数的減少,exponential decay,,noun,jp-suugaku-2-shisuu-taisuu,functions,数II,Algebra 2|Precalculus,exact,editorial,,,,,
write-with-the-same-base,底をそろえる,write with the same base,,phrase,jp-suugaku-2-shisuu-taisuu,functions,数II,Algebra 2|Precalculus,near,editorial,,,,,rewrite with a common base
compare-the-exponents,指数を比較する,compare the exponents,,phrase,jp-suugaku-2-shisuu-taisuu,functions,数II,Algebra 2|Precalculus,exact,editorial,,,,,
take-the-log-of-both-sides,対数をとる,take the log of both sides,,phrase,jp-suugaku-2-shisuu-taisuu,functions,数II,Algebra 2|Precalculus,exact,editorial,,,,,
the-base-is-greater-than-1,底が 1 より大きい,the base is greater than 1,,phrase,jp-suugaku-2-shisuu-taisuu,functions,数II,Algebra 2|Precalculus,exact,editorial,,,,,
increasing-taisuu,単調増加,increasing,,adjective,jp-suugaku-2-shisuu-taisuu,functions,数II,Algebra 2|Precalculus,exact,editorial,単調写像,Monotonic function,Q194404,id-dedup wiki-redirect,
decreasing-taisuu,単調減少,decreasing,,adjective,jp-suugaku-2-shisuu-taisuu,functions,数II,Algebra 2|Precalculus,exact,editorial,単調写像,Monotonic function,Q194404,id-dedup wiki-redirect,
compare-the-arguments,真数を比較する,compare the arguments,,phrase,jp-suugaku-2-shisuu-taisuu,functions,数II,Algebra 2|Precalculus,exact,editorial,,,,,
find-the-number-of-digits,桁数を求める,find the number of digits,,phrase,jp-suugaku-2-shisuu-taisuu,functions,数II,Algebra 2|Precalculus,exact,editorial,,,,,
leading-digit,最高位の数字,leading digit,,noun,jp-suugaku-2-shisuu-taisuu,functions,数II,Algebra 2|Precalculus,exact,editorial,,,,,
evaluate-the-logarithm,対数を計算する,evaluate the logarithm,,phrase,jp-suugaku-2-shisuu-taisuu,functions,数II,Algebra 2|Precalculus,exact,editorial,,,,,
undo-the-log,log を外す,undo the log,,phrase,jp-suugaku-2-shisuu-taisuu,functions,数II,Algebra 2|Precalculus,near,editorial,,,,,exponentiate both sides
rewrite-in-exponential-form,指数の形に直す,rewrite in exponential form,,phrase,jp-suugaku-2-shisuu-taisuu,functions,数II,Algebra 2|Precalculus,exact,editorial,,,,,
rewrite-in-logarithmic-form,対数の形に直す,rewrite in logarithmic form,,phrase,jp-suugaku-2-shisuu-taisuu,functions,数II,Algebra 2|Precalculus,exact,editorial,,,,,
inverse-function,逆関数,inverse function,,noun,jp-suugaku-2-shisuu-taisuu,functions,数II,Algebra 2|Precalculus,exact,editorial,逆写像,,Q191884,wiki-redirect,
asymptote,漸近線,asymptote,,noun,jp-suugaku-2-shisuu-taisuu,functions,数II,Algebra 2|Precalculus,exact,wikipedia-langlink,漸近線,Asymptote,Q179436,,
the-domain-is-the-positive-reals,定義域は正の実数,the domain is the positive reals,,phrase,jp-suugaku-2-shisuu-taisuu,functions,数II,Algebra 2|Precalculus,exact,editorial,,,,,
derivative-at-a-point,微分係数,derivative at a point,,noun,jp-suugaku-2-bibun-no-kangae,calculus,数II,AP Calculus AB|Calculus I,near,editorial,微分,Derivative,Q29175,wiki-redirect,STYLE
average-rate-of-change,平均変化率,average rate of change,,noun,jp-suugaku-2-bibun-no-kangae,calculus,数II,AP Calculus AB|Calculus I,exact,editorial,,,,,
limit,極限値,limit,,noun,jp-suugaku-2-bibun-no-kangae,calculus,数II,AP Calculus AB|Calculus I,exact,editorial,極限,Limit (mathematics),Q177239,wiki-redirect,
limit-kangae,極限,limit,,noun,jp-suugaku-2-bibun-no-kangae,calculus,数II,AP Calculus AB|Calculus I,exact,wikipedia-langlink,極限,Limit (mathematics),Q177239,id-dedup,
derivative,導関数,derivative,,noun,jp-suugaku-2-bibun-no-kangae,calculus,数II,AP Calculus AB|Calculus I,exact,editorial,微分,Derivative,Q29175,wiki-redirect,
differentiation,微分,differentiation,,noun,jp-suugaku-2-bibun-no-kangae,calculus,数II,AP Calculus AB|Calculus I,exact,wikipedia-langlink,微分,Derivative,Q29175,,
differentiate,微分する,differentiate,,verb,jp-suugaku-2-bibun-no-kangae,calculus,数II,AP Calculus AB|Calculus I,near,editorial,微分,Derivative,Q29175,,教室では take the derivative
slope-of-the-tangent-line,接線の傾き,slope of the tangent line,,noun,jp-suugaku-2-bibun-no-kangae,calculus,数II,AP Calculus AB|Calculus I,exact,editorial,,,,,
normal-line,法線,normal line,,noun,jp-suugaku-2-bibun-no-kangae,calculus,数II,AP Calculus AB|Calculus I,exact,wikipedia-langlink,法線ベクトル,Normal vector,Q56353263,,
increasing-and-decreasing,関数の増減,increasing and decreasing,,noun,jp-suugaku-2-bibun-no-kangae,calculus,数II,AP Calculus AB|Calculus I,exact,editorial,,,,,
sign-chart,増減表,sign chart,,noun,jp-suugaku-2-bibun-no-kangae,calculus,数II,AP Calculus AB|Calculus I,none,editorial,,,,,STYLE: sign chart / first-derivative test の表
local-extremum,極値,local extremum,extrema [precalculus-functions],noun,jp-suugaku-2-bibun-no-kangae,calculus,数II,AP Calculus AB|Calculus I,near,wikipedia-langlink,極値,Maximum and minimum,Q845060,ja-merged,local max / local min
local-maximum,極大値,local maximum,,noun,jp-suugaku-2-bibun-no-kangae,calculus,数II,AP Calculus AB|Calculus I,exact,editorial,極値,Maximum and minimum,Q845060,wiki-redirect,
local-minimum,極小値,local minimum,,noun,jp-suugaku-2-bibun-no-kangae,calculus,数II,AP Calculus AB|Calculus I,exact,editorial,極値,Maximum and minimum,Q845060,wiki-redirect,
local-maximum-alt,極大,local maximum,,noun,jp-suugaku-2-bibun-no-kangae,calculus,数II,AP Calculus AB|Calculus I,exact,editorial,順序集合,Ordered set,Q7994926,wiki-redirect,同じ語
local-minimum-alt,極小,local minimum,,noun,jp-suugaku-2-bibun-no-kangae,calculus,数II,AP Calculus AB|Calculus I,exact,editorial,順序集合,Ordered set,Q7994926,wiki-redirect,同じ語
first-derivative-test,関数の増減と極値,first derivative test,,noun,jp-suugaku-2-bibun-no-kangae,calculus,数II,AP Calculus AB|Calculus I,near,editorial,,,,,手法名
graph-of-a-cubic-function,三次関数のグラフ,graph of a cubic function,,noun,jp-suugaku-2-bibun-no-kangae,calculus,数II,AP Calculus AB|Calculus I,exact,editorial,,,,,
number-of-real-solutions,方程式の実数解の個数,number of real solutions,,noun,jp-suugaku-2-bibun-no-kangae,calculus,数II,AP Calculus AB|Calculus I,exact,editorial,,,,,
using-derivatives-to-prove-inequalities,不等式の証明への応用,using derivatives to prove inequalities,,noun,jp-suugaku-2-bibun-no-kangae,calculus,数II,AP Calculus AB|Calculus I,exact,editorial,,,,,
optimization,最大・最小の応用,optimization,,noun,jp-suugaku-2-bibun-no-kangae,calculus,数II,AP Calculus AB|Calculus I,near,editorial,,,,,米国では optimization problems
instantaneous-velocity,瞬間の速さ,instantaneous velocity,,noun,jp-suugaku-2-bibun-no-kangae,calculus,数II,AP Calculus AB|Calculus I,exact,editorial,,,,,
rate-of-change-kangae,変化率,rate of change,,noun,jp-suugaku-2-bibun-no-kangae,calculus,数II,AP Calculus AB|Calculus I,exact,editorial,変化,Change (philosophy),Q1150070,id-dedup wiki-redirect wiki-nonmath,
let-h-go-to-zero,h を 0 に近づける,let h go to zero,,phrase,jp-suugaku-2-bibun-no-kangae,calculus,数II,AP Calculus AB|Calculus I,near,editorial,,,,,as h approaches 0
take-the-limit,極限をとる,take the limit,,phrase,jp-suugaku-2-bibun-no-kangae,calculus,数II,AP Calculus AB|Calculus I,exact,editorial,,,,,
find-the-derivative-at,微分係数を求める,find the derivative at,,phrase,jp-suugaku-2-bibun-no-kangae,calculus,数II,AP Calculus AB|Calculus I,exact,editorial,,,,,
find-the-derivative,導関数を求める,find the derivative,,phrase,jp-suugaku-2-bibun-no-kangae,calculus,数II,AP Calculus AB|Calculus I,exact,editorial,,,,,
find-the-equation-of-the-tangent-line,接線の方程式を求める,find the equation of the tangent line,find the tangent line [suugaku-3-bibun],phrase,jp-suugaku-2-bibun-no-kangae,calculus,数II,AP Calculus AB|Calculus I,exact,editorial,,,,ja-merged,
determine-where-the-function-is-increasing-and-decreasing,増減を調べる,determine where the function is increasing and decreasing,,phrase,jp-suugaku-2-bibun-no-kangae,calculus,数II,AP Calculus AB|Calculus I,near,editorial,,,,,check the sign of f prime
find-the-local-extrema,極値を求める,find the local extrema,,phrase,jp-suugaku-2-bibun-no-kangae,calculus,数II,AP Calculus AB|Calculus I,exact,editorial,,,,,
make-a-sign-chart,増減表をかく,make a sign chart,,phrase,jp-suugaku-2-bibun-no-kangae,calculus,数II,AP Calculus AB|Calculus I,exact,editorial,,,,,
sketch-the-graph,グラフの概形をかく,sketch the graph,,phrase,jp-suugaku-2-bibun-no-kangae,calculus,数II,AP Calculus AB|Calculus I,exact,editorial,,,,,
has-a-local-maximum-at,極大値をとる,has a local maximum at,,phrase,jp-suugaku-2-bibun-no-kangae,calculus,数II,AP Calculus AB|Calculus I,exact,editorial,,,,,
critical-point,f'(x)=0 となる x,critical point,,noun,jp-suugaku-2-bibun-no-kangae,calculus,数II,AP Calculus AB|Calculus I,near,editorial,,,,,米国の必須語。日本では名前をつけない
differentiable,微分可能,differentiable,,adjective,jp-suugaku-2-bibun-no-kangae,calculus,数II,AP Calculus AB|Calculus I,exact,editorial,,,,wiki-disambig,
the-limit-exists,極限が存在する,the limit exists,,phrase,jp-suugaku-2-bibun-no-kangae,calculus,数II,AP Calculus AB|Calculus I,exact,editorial,,,,,
approach-zero,0 に近づく,approach zero,,phrase,jp-suugaku-2-bibun-no-kangae,calculus,数II,AP Calculus AB|Calculus I,exact,editorial,,,,,
constant-multiple,定数倍,constant multiple,,noun,jp-suugaku-2-bibun-no-kangae,calculus,数II,AP Calculus AB|Calculus I,exact,editorial,,,,,
derivative-of-a-sum,和の微分,derivative of a sum,,noun,jp-suugaku-2-bibun-no-kangae,calculus,数II,AP Calculus AB|Calculus I,exact,editorial,,,,,
power-rule,xⁿ の微分,power rule,,noun,jp-suugaku-2-bibun-no-kangae,calculus,数II,AP Calculus AB|Calculus I,near,editorial,,,,,米国では rule に名前がある
point-of-tangency-kangae,接点の座標,point of tangency,,noun,jp-suugaku-2-bibun-no-kangae,calculus,数II,AP Calculus AB|Calculus I,exact,editorial,,,,id-dedup,
the-tangent-line-passes-through,接線が通る,the tangent line passes through,,phrase,jp-suugaku-2-bibun-no-kangae,calculus,数II,AP Calculus AB|Calculus I,exact,editorial,,,,,
changes-sign,符号が変わる,changes sign,,phrase,jp-suugaku-2-bibun-no-kangae,calculus,数II,AP Calculus AB|Calculus I,exact,editorial,,,,,
is-monotonically-increasing,単調に増加する,is monotonically increasing,,phrase,jp-suugaku-2-bibun-no-kangae,calculus,数II,AP Calculus AB|Calculus I,near,editorial,,,,,教室では is increasing
increasing-on-all-reals,すべての実数で増加,increasing on all reals,,phrase,jp-suugaku-2-bibun-no-kangae,calculus,数II,AP Calculus AB|Calculus I,exact,editorial,,,,,
indefinite-integral,不定積分,indefinite integral,,noun,jp-suugaku-2-sekibun-no-kangae,calculus,数II,AP Calculus AB|Calculus I,near,wikipedia-langlink,不定積分,Indefinite integral,Q8437543,,antiderivative とも
antiderivative,原始関数,antiderivative,,noun,jp-suugaku-2-sekibun-no-kangae,calculus,数II,AP Calculus AB|Calculus I,exact,editorial,不定積分,Indefinite integral,Q8437543,wiki-redirect,
constant-of-integration,積分定数,constant of integration,,noun,jp-suugaku-2-sekibun-no-kangae,calculus,数II,AP Calculus AB|Calculus I,exact,editorial,不定積分,Indefinite integral,Q8437543,wiki-redirect,
definite-integral,定積分,definite integral,,noun,jp-suugaku-2-sekibun-no-kangae,calculus,数II,AP Calculus AB|Calculus I,exact,editorial,積分法,Integral calculus,Q150008,wiki-redirect,
integration,積分,integration,,noun,jp-suugaku-2-sekibun-no-kangae,calculus,数II,AP Calculus AB|Calculus I,exact,wikipedia-langlink,積分法,Integral calculus,Q150008,,
integrate,積分する,integrate,take the integral [suugaku-2-sekibun-no-kangae],verb,jp-suugaku-2-sekibun-no-kangae,calculus,数II,AP Calculus AB|Calculus I,exact,editorial,積分法,Integral calculus,Q150008,ja-merged,動詞の別表現
integrand,被積分関数,integrand,,noun,jp-suugaku-2-sekibun-no-kangae,calculus,数II,AP Calculus AB|Calculus I,exact,editorial,,,,,
interval-of-integration,積分区間,interval of integration,limits of integration [suugaku-3-sekibun],noun,jp-suugaku-2-sekibun-no-kangae,calculus,数II,AP Calculus AB|Calculus I,exact,editorial,,,,ja-merged,
upper-limit,上端,upper limit,,noun,jp-suugaku-2-sekibun-no-kangae,calculus,数II,AP Calculus AB|Calculus I,near,editorial,,,,,upper limit of integration
lower-limit,下端,lower limit,,noun,jp-suugaku-2-sekibun-no-kangae,calculus,数II,AP Calculus AB|Calculus I,exact,editorial,,,,,
area-under-the-curve,曲線と x 軸の間の面積,area under the curve,,noun,jp-suugaku-2-sekibun-no-kangae,calculus,数II,AP Calculus AB|Calculus I,exact,editorial,,,,,
area-between-two-curves,2 曲線間の面積,area between two curves,,noun,jp-suugaku-2-sekibun-no-kangae,calculus,数II,AP Calculus AB|Calculus I,exact,editorial,,,,,
definite-integrals-and-area,定積分と面積,definite integrals and area,,noun,jp-suugaku-2-sekibun-no-kangae,calculus,数II,AP Calculus AB|Calculus I,exact,editorial,,,,,
fundamental-theorem-of-calculus,微分と積分の関係,fundamental theorem of calculus,,noun,jp-suugaku-2-sekibun-no-kangae,calculus,数II,AP Calculus AB|Calculus I,near,editorial,,,,,名前は米国の方が使う
properties-of-integrals,積分の性質,properties of integrals,properties of definite integrals [ap-calculus-ab-6-integration],noun,jp-suugaku-2-sekibun-no-kangae,calculus,数II,AP Calculus AB|Calculus I,exact,editorial,,,,ja-merged,
integrals-of-even-and-odd-functions,偶関数・奇関数の積分,integrals of even and odd functions,,noun,jp-suugaku-2-sekibun-no-kangae,calculus,数II,AP Calculus AB|Calculus I,exact,editorial,,,,,
one-sixth-formula,1/6 公式,one-sixth formula,,noun,jp-suugaku-2-sekibun-no-kangae,calculus,数II,AP Calculus AB|Calculus I,none,editorial,,,,,日本の受験テクニック。米国では教えない
area-between-a-parabola-and-a-line,放物線と直線で囲まれた面積,area between a parabola and a line,,noun,jp-suugaku-2-sekibun-no-kangae,calculus,数II,AP Calculus AB|Calculus I,exact,editorial,,,,,
function-defined-by-an-integral,定積分で表された関数,function defined by an integral,,noun,jp-suugaku-2-sekibun-no-kangae,calculus,数II,AP Calculus AB|Calculus I,near,editorial,,,,,accumulation function（AP）
dont-forget-the-plus-c,積分定数を忘れない,don't forget the plus C,,phrase,jp-suugaku-2-sekibun-no-kangae,calculus,数II,AP Calculus AB|Calculus I,exact,editorial,,,,,
evaluate-the-definite-integral,定積分を計算する,evaluate the definite integral,,phrase,jp-suugaku-2-sekibun-no-kangae,calculus,数II,AP Calculus AB|Calculus I,exact,editorial,,,,,
top-minus-bottom,上の曲線から下の曲線を引く,top minus bottom,,phrase,jp-suugaku-2-sekibun-no-kangae,calculus,数II,AP Calculus AB|Calculus I,near,editorial,,,,,subtract the lower curve from the upper curve
find-the-intersections-to-get-the-limits,交点を求めて積分区間を決める,find the intersections to get the limits,,phrase,jp-suugaku-2-sekibun-no-kangae,calculus,数II,AP Calculus AB|Calculus I,exact,editorial,,,,,
inverse-operation,逆演算,inverse operation,,noun,jp-suugaku-2-sekibun-no-kangae,calculus,数II,AP Calculus AB|Calculus I,exact,editorial,逆写像,,Q191884,wiki-redirect,
reverse-of-differentiation,微分の逆,reverse of differentiation,,noun,jp-suugaku-2-sekibun-no-kangae,calculus,数II,AP Calculus AB|Calculus I,exact,editorial,,,,,
split-the-integral,積分区間を分ける,split the integral,,phrase,jp-suugaku-2-sekibun-no-kangae,calculus,数II,AP Calculus AB|Calculus I,exact,editorial,,,,,
integral-involving-absolute-value,絶対値を含む積分,integral involving absolute value,,noun,jp-suugaku-2-sekibun-no-kangae,calculus,数II,AP Calculus AB|Calculus I,exact,editorial,,,,,
area-is-never-negative,面積が負にならない,area is never negative,,phrase,jp-suugaku-2-sekibun-no-kangae,calculus,数II,AP Calculus AB|Calculus I,exact,editorial,,,,,
below-the-x-axis,x 軸より下,below the x-axis,,phrase,jp-suugaku-2-sekibun-no-kangae,calculus,数II,AP Calculus AB|Calculus I,exact,editorial,,,,,
enclosed-region,囲まれた部分,enclosed region,,noun,jp-suugaku-2-sekibun-no-kangae,calculus,数II,AP Calculus AB|Calculus I,near,editorial,,,,,the region bounded by
the-area-of-the-region-bounded-by,〜で囲まれた図形の面積,the area of the region bounded by,,phrase,jp-suugaku-2-sekibun-no-kangae,calculus,数II,AP Calculus AB|Calculus I,exact,editorial,,,,,
plus-c,プラス C,plus C,,noun,jp-suugaku-2-sekibun-no-kangae,calculus,数II,AP Calculus AB|Calculus I,near,editorial,,,,,積分定数の読み
sequence,数列,sequence,,noun,jp-suugaku-b-suuretsu,sequences,数B,Algebra 2|Precalculus,exact,wikipedia-langlink,数列,Number sequence,Q4516355,,
first-term,初項,first term,,noun,jp-suugaku-b-suuretsu,sequences,数B,Algebra 2|Precalculus,exact,editorial,,,,,
nth-term,第 n 項,nth term,,noun,jp-suugaku-b-suuretsu,sequences,数B,Algebra 2|Precalculus,exact,editorial,,,,,
last-term,末項,last term,,noun,jp-suugaku-b-suuretsu,sequences,数B,Algebra 2|Precalculus,exact,editorial,,,,,
arithmetic-sequence,等差数列,arithmetic sequence,,noun,jp-suugaku-b-suuretsu,sequences,数B,Algebra 2|Precalculus,exact,wikipedia-langlink,等差数列,Arithmetic progression,Q170008,,
common-difference,公差,common difference,,noun,jp-suugaku-b-suuretsu,sequences,数B,Algebra 2|Precalculus,exact,wikipedia-langlink,公差,Engineering tolerance,Q950292,,
geometric-sequence,等比数列,geometric sequence,,noun,jp-suugaku-b-suuretsu,sequences,数B,Algebra 2|Precalculus,exact,wikipedia-langlink,等比数列,Geometric progression,Q173523,,
common-ratio,公比,common ratio,,noun,jp-suugaku-b-suuretsu,sequences,数B,Algebra 2|Precalculus,exact,editorial,等比数列,Geometric progression,Q173523,wiki-redirect,
sum-of-an-arithmetic-sequence,等差数列の和,sum of an arithmetic sequence,,noun,jp-suugaku-b-suuretsu,sequences,数B,Algebra 2|Precalculus,near,editorial,,,,,arithmetic series
sum-of-a-geometric-sequence,等比数列の和,sum of a geometric sequence,,noun,jp-suugaku-b-suuretsu,sequences,数B,Algebra 2|Precalculus,near,editorial,,,,,geometric series
series,級数,series,,noun,jp-suugaku-b-suuretsu,sequences,数B,Algebra 2|Precalculus,exact,wikipedia-langlink,級数,Series (mathematics),Q170198,,
summation-notation,和の記号,summation notation,,noun,jp-suugaku-b-suuretsu,sequences,数B,Algebra 2|Precalculus,near,editorial,総和,Summation,Q218005,wiki-redirect,sigma notation
sigma,シグマ,sigma,,noun,jp-suugaku-b-suuretsu,sequences,数B,Algebra 2|Precalculus,exact,editorial,Σ,Sigma,Q14413,wiki-redirect,
summation-formulas,Σ の公式,summation formulas,,noun,jp-suugaku-b-suuretsu,sequences,数B,Algebra 2|Precalculus,exact,editorial,,,,,
sequence-of-differences,階差数列,sequence of differences,,noun,jp-suugaku-b-suuretsu,sequences,数B,Algebra 2|Precalculus,near,editorial,階差数列,,Q10855257,wiki-nonmath,米国では名前をつけない。first differences
grouped-sequence,群数列,grouped sequence,,noun,jp-suugaku-b-suuretsu,sequences,数B,Algebra 2|Precalculus,none,editorial,,,,,日本の受験テクニック。米国では扱わない
recurrence-relation,漸化式,recurrence relation,,noun,jp-suugaku-b-suuretsu,sequences,数B,Algebra 2|Precalculus,near,wikipedia-langlink,漸化式,Recurrence relation,Q740970,,recursive formula（高校）
recursive-definition,帰納的定義,recursive definition,,noun,jp-suugaku-b-suuretsu,sequences,数B,Algebra 2|Precalculus,exact,editorial,再帰的定義,Recursive definition,Q2466486,wiki-redirect,
characteristic-equation,特性方程式,characteristic equation,,noun,jp-suugaku-b-suuretsu,sequences,数B,Algebra 2|Precalculus,near,editorial,固有多項式,,Q849705,wiki-redirect,漸化式の特性方程式。米国の高校では扱わない
proof-by-induction,数学的帰納法,proof by induction,mathematical induction [algebra-2-sequences-and-series]; proof by mathematical induction [precalculus-sequences-and-induction],noun,jp-suugaku-b-suuretsu,sequences,数B,Algebra 2|Precalculus,exact,wikipedia-langlink,数学的帰納法,Mathematical induction,Q178377,ja-merged,
inductive-hypothesis,帰納法の仮定,inductive hypothesis,,noun,jp-suugaku-b-suuretsu,sequences,数B,Algebra 2|Precalculus,exact,editorial,,,,,
base-case,n=1 のとき,base case,,noun,jp-suugaku-b-suuretsu,sequences,数B,Algebra 2|Precalculus,near,editorial,,,,,米国では名前がある
assume-it-holds-for-n-k,n=k のとき成り立つと仮定,assume it holds for n = k,,phrase,jp-suugaku-b-suuretsu,sequences,数B,Algebra 2|Precalculus,near,editorial,,,,,inductive step
it-also-holds-for-n-k-1,n=k+1 のときも成り立つ,it also holds for n = k + 1,,phrase,jp-suugaku-b-suuretsu,sequences,数B,Algebra 2|Precalculus,exact,editorial,,,,,
arithmetic-mean-suuretsu,等差中項,arithmetic mean,,noun,jp-suugaku-b-suuretsu,sequences,数B,Algebra 2|Precalculus,near,editorial,,,,id-dedup,「b は a と c の等差中項」は米国では説明的に
geometric-mean-suuretsu,等比中項,geometric mean,,noun,jp-suugaku-b-suuretsu,sequences,数B,Algebra 2|Precalculus,exact,editorial,,,,id-dedup,
partial-sum,部分和,partial sum,,noun,jp-suugaku-b-suuretsu,sequences,数B,Algebra 2|Precalculus,exact,editorial,級数,Series (mathematics),Q170198,wiki-redirect,
infinite-geometric-series,無限等比級数,infinite geometric series,,noun,jp-suugaku-b-suuretsu,sequences,数B,Algebra 2|Precalculus,exact,editorial,,,,,
find-the-sum,和を求める,find the sum,,phrase,jp-suugaku-b-suuretsu,sequences,数B,Algebra 2|Precalculus,exact,editorial,,,,,
find-the-nth-term,一般項を求める,find the nth term,,phrase,jp-suugaku-b-suuretsu,sequences,数B,Algebra 2|Precalculus,exact,editorial,,,,,
solve-the-recurrence,漸化式を解く,solve the recurrence,,phrase,jp-suugaku-b-suuretsu,sequences,数B,Algebra 2|Precalculus,exact,editorial,,,,,
set-up-a-recurrence,漸化式を立てる,set up a recurrence,,phrase,jp-suugaku-b-suuretsu,sequences,数B,Algebra 2|Precalculus,exact,editorial,,,,,
prove-by-induction,数学的帰納法で証明する,prove by induction,,phrase,jp-suugaku-b-suuretsu,sequences,数B,Algebra 2|Precalculus,exact,editorial,,,,,
write-out-the-first-few-terms,項を書き出す,write out the first few terms,,phrase,jp-suugaku-b-suuretsu,sequences,数B,Algebra 2|Precalculus,exact,editorial,,,,,
find-the-pattern,規則性を見つける,find the pattern,,phrase,jp-suugaku-b-suuretsu,sequences,数B,Algebra 2|Precalculus,exact,editorial,,,,,
subscript,添字,subscript,,noun,jp-suugaku-b-suuretsu,sequences,数B,Algebra 2|Precalculus,near,editorial,添え字,,Q1359501,wiki-redirect,index
shift-the-index,添字をずらす,shift the index,,phrase,jp-suugaku-b-suuretsu,sequences,数B,Algebra 2|Precalculus,exact,editorial,,,,,
write-in-sigma-notation,Σ で表す,write in sigma notation,,phrase,jp-suugaku-b-suuretsu,sequences,数B,Algebra 2|Precalculus,exact,editorial,,,,,
evaluate-the-sum,Σ を計算する,evaluate the sum,,phrase,jp-suugaku-b-suuretsu,sequences,数B,Algebra 2|Precalculus,exact,editorial,,,,,
sum-of-the-first-n-terms,初項から第 n 項までの和,sum of the first n terms,,noun,jp-suugaku-b-suuretsu,sequences,数B,Algebra 2|Precalculus,exact,editorial,,,,,
form-an-arithmetic-sequence,等差数列をなす,form an arithmetic sequence,,phrase,jp-suugaku-b-suuretsu,sequences,数B,Algebra 2|Precalculus,exact,editorial,,,,,
the-common-ratio-is-less-than-1,公比が 1 より小さい,the common ratio is less than 1,,phrase,jp-suugaku-b-suuretsu,sequences,数B,Algebra 2|Precalculus,exact,editorial,,,,,
converge,収束する,converge,,verb,jp-suugaku-b-suuretsu,sequences,数B,Algebra 2|Precalculus,exact,editorial,,,,wiki-disambig,
diverge,発散する,diverge,,verb,jp-suugaku-b-suuretsu,sequences,数B,Algebra 2|Precalculus,exact,editorial,発散 (ベクトル解析),Divergence,Q189000,,
nth,n 番目,nth,,adjective,jp-suugaku-b-suuretsu,sequences,数B,Algebra 2|Precalculus,exact,editorial,,,,,
consecutive-terms,隣り合う 2 項,consecutive terms,,noun,jp-suugaku-b-suuretsu,sequences,数B,Algebra 2|Precalculus,exact,editorial,,,,,
multiply-by-r-and-subtract,両辺に r を掛けて引く,multiply by r and subtract,,phrase,jp-suugaku-b-suuretsu,sequences,数B,Algebra 2|Precalculus,exact,editorial,,,,,
limit-of-a-sequence,数列の極限,limit of a sequence,,noun,jp-suugaku-b-suuretsu,sequences,数B,Algebra 2|Precalculus,exact,wikidata,数列の極限,,Q847204,,
sum-formula,和の公式,sum formula,,noun,jp-suugaku-b-suuretsu,sequences,数B,Algebra 2|Precalculus,exact,editorial,,,,,
fibonacci-sequence,フィボナッチ数列,Fibonacci sequence,,noun,jp-suugaku-b-suuretsu,sequences,数B,Algebra 2|Precalculus,exact,wikipedia-langlink,フィボナッチ数,Fibonacci number,Q47577,,
system-of-recurrences,連立漸化式,system of recurrences,,noun,jp-suugaku-b-suuretsu,sequences,数B,Algebra 2|Precalculus,none,editorial,,,,,米国の高校では扱わない
random-variable,確率変数,random variable,,noun,jp-suugaku-b-toukei-teki-na-suisoku,statistics,数B,AP Statistics|Intro Statistics,exact,wikidata,確率変数,,Q176623,,
probability-distribution,確率分布,probability distribution,,noun,jp-suugaku-b-toukei-teki-na-suisoku,statistics,数B,AP Statistics|Intro Statistics,exact,wikipedia-langlink,確率分布,Probability distribution,Q200726,,
mean-suisoku,平均,mean,,noun,jp-suugaku-b-toukei-teki-na-suisoku,statistics,数B,AP Statistics|Intro Statistics,exact,wikipedia-langlink,平均,Mean,Q2796622,id-dedup,
binomial-distribution,二項分布,binomial distribution,,noun,jp-suugaku-b-toukei-teki-na-suisoku,statistics,数B,AP Statistics|Intro Statistics,exact,wikipedia-langlink,二項分布,Binomial distribution,Q185547,,
sum-of-random-variables,確率変数の和,sum of random variables,,noun,jp-suugaku-b-toukei-teki-na-suisoku,statistics,数B,AP Statistics|Intro Statistics,exact,editorial,,,,,
independent-random-variables,独立な確率変数,independent random variables,,noun,jp-suugaku-b-toukei-teki-na-suisoku,statistics,数B,AP Statistics|Intro Statistics,exact,editorial,,,,,
continuous-random-variable,連続型確率変数,continuous random variable,,noun,jp-suugaku-b-toukei-teki-na-suisoku,statistics,数B,AP Statistics|Intro Statistics,exact,wikidata,確率変数,,Q176623,,
discrete-random-variable,離散型確率変数,discrete random variable,,noun,jp-suugaku-b-toukei-teki-na-suisoku,statistics,数B,AP Statistics|Intro Statistics,exact,wikidata,確率変数,,Q176623,,
probability-density-function,確率密度関数,probability density function,,noun,jp-suugaku-b-toukei-teki-na-suisoku,statistics,数B,AP Statistics|Intro Statistics,exact,wikidata,確率密度関数,,Q207522,,
normal-distribution,正規分布,normal distribution,,noun,jp-suugaku-b-toukei-teki-na-suisoku,statistics,数B,AP Statistics|Intro Statistics,exact,wikipedia-langlink,正規分布,Normal distribution,Q133871,,
standard-normal-distribution,標準正規分布,standard normal distribution,,noun,jp-suugaku-b-toukei-teki-na-suisoku,statistics,数B,AP Statistics|Intro Statistics,exact,wikipedia-langlink,正規分布,Normal distribution,Q133871,,
standard-normal-table,正規分布表,standard normal table,,noun,jp-suugaku-b-toukei-teki-na-suisoku,statistics,数B,AP Statistics|Intro Statistics,near,wikipedia-langlink,正規分布,Normal distribution,Q133871,,z-table
standardization,標準化,standardization,,noun,jp-suugaku-b-toukei-teki-na-suisoku,statistics,数B,AP Statistics|Intro Statistics,near,editorial,標準化,,Q369577,wiki-nonmath,z-score
normal-approximation-to-the-binomial,二項分布の正規近似,normal approximation to the binomial,,noun,jp-suugaku-b-toukei-teki-na-suisoku,statistics,数B,AP Statistics|Intro Statistics,exact,editorial,,,,,
population-mean-suisoku,母平均,population mean,,noun,jp-suugaku-b-toukei-teki-na-suisoku,statistics,数B,AP Statistics|Intro Statistics,exact,editorial,平均,Mean,Q2796622,id-dedup wiki-redirect,
population-variance,母分散,population variance,,noun,jp-suugaku-b-toukei-teki-na-suisoku,statistics,数B,AP Statistics|Intro Statistics,exact,editorial,分散 (確率論),Variance,Q175199,wiki-redirect,
population-standard-deviation,母標準偏差,population standard deviation,,noun,jp-suugaku-b-toukei-teki-na-suisoku,statistics,数B,AP Statistics|Intro Statistics,exact,editorial,,,,,
sampling-distribution-of-the-mean,標本平均の分布,sampling distribution of the mean,,noun,jp-suugaku-b-toukei-teki-na-suisoku,statistics,数B,AP Statistics|Intro Statistics,exact,editorial,,,,,
law-of-large-numbers,大数の法則,law of large numbers,,noun,jp-suugaku-b-toukei-teki-na-suisoku,statistics,数B,AP Statistics|Intro Statistics,exact,wikipedia-langlink,大数の法則,Law of large numbers,Q207952,,
central-limit-theorem,中心極限定理,central limit theorem,,noun,jp-suugaku-b-toukei-teki-na-suisoku,statistics,数B,AP Statistics|Intro Statistics,near,wikipedia-langlink,中心極限定理,Central limit theorem,Q190391,,日本の高校では名前を出さないことが多い
estimation,推定,estimation,,noun,jp-suugaku-b-toukei-teki-na-suisoku,statistics,数B,AP Statistics|Intro Statistics,exact,wikidata,推定,,Q132382,,
point-estimate,点推定,point estimate,,noun,jp-suugaku-b-toukei-teki-na-suisoku,statistics,数B,AP Statistics|Intro Statistics,exact,wikidata,点推定,,Q1192065,,
interval-estimation,区間推定,interval estimation,,noun,jp-suugaku-b-toukei-teki-na-suisoku,statistics,数B,AP Statistics|Intro Statistics,near,editorial,推計統計学,Statistical inference,Q938438,wiki-redirect,confidence interval
confidence-interval,信頼区間,confidence interval,,noun,jp-suugaku-b-toukei-teki-na-suisoku,statistics,数B,AP Statistics|Intro Statistics,exact,wikipedia-langlink,信頼区間,Confidence interval,Q208498,,
confidence-level,信頼度,confidence level,,noun,jp-suugaku-b-toukei-teki-na-suisoku,statistics,数B,AP Statistics|Intro Statistics,exact,editorial,,,,,
population-proportion,母比率,population proportion,,noun,jp-suugaku-b-toukei-teki-na-suisoku,statistics,数B,AP Statistics|Intro Statistics,exact,editorial,,,,,
sample-proportion,標本比率,sample proportion,,noun,jp-suugaku-b-toukei-teki-na-suisoku,statistics,数B,AP Statistics|Intro Statistics,exact,editorial,,,,,
rejection-region,棄却域,rejection region,,noun,jp-suugaku-b-toukei-teki-na-suisoku,statistics,数B,AP Statistics|Intro Statistics,near,editorial,,,,,critical region
fail-to-reject,棄却されない,fail to reject,,phrase,jp-suugaku-b-toukei-teki-na-suisoku,statistics,数B,AP Statistics|Intro Statistics,near,editorial,,,,,「採択する」とは言わない
two-tailed-test,両側検定,two-tailed test,,noun,jp-suugaku-b-toukei-teki-na-suisoku,statistics,数B,AP Statistics|Intro Statistics,exact,editorial,,,,,
one-tailed-test,片側検定,one-tailed test,,noun,jp-suugaku-b-toukei-teki-na-suisoku,statistics,数B,AP Statistics|Intro Statistics,exact,editorial,,,,,
is-statistically-significant,有意である,is statistically significant,,phrase,jp-suugaku-b-toukei-teki-na-suisoku,statistics,数B,AP Statistics|Intro Statistics,exact,editorial,有意,Statistical significance,Q425265,,
standardize,標準化する,standardize,,verb,jp-suugaku-b-toukei-teki-na-suisoku,statistics,数B,AP Statistics|Intro Statistics,near,editorial,標準化,,Q369577,wiki-nonmath,convert to a z-score
compute-the-expected-value,期待値を計算する,compute the expected value,,phrase,jp-suugaku-b-toukei-teki-na-suisoku,statistics,数B,AP Statistics|Intro Statistics,exact,editorial,,,,,
follows-a-normal-distribution,正規分布に従う,follows a normal distribution,,phrase,jp-suugaku-b-toukei-teki-na-suisoku,statistics,数B,AP Statistics|Intro Statistics,near,editorial,,,,,is normally distributed
is-approximately-normal,近似的に正規分布に従う,is approximately normal,,phrase,jp-suugaku-b-toukei-teki-na-suisoku,statistics,数B,AP Statistics|Intro Statistics,exact,editorial,,,,,
construct-a-confidence-interval,信頼区間を求める,construct a confidence interval,,phrase,jp-suugaku-b-toukei-teki-na-suisoku,statistics,数B,AP Statistics|Intro Statistics,exact,editorial,,,,,
test,検定する,test,,verb,jp-suugaku-b-toukei-teki-na-suisoku,statistics,数B,AP Statistics|Intro Statistics,near,editorial,検定統計量,Test statistic,Q1461038,,run a hypothesis test
state-the-null-hypothesis,帰無仮説を立てる,state the null hypothesis,,phrase,jp-suugaku-b-toukei-teki-na-suisoku,statistics,数B,AP Statistics|Intro Statistics,exact,editorial,,,,,
z-score,z 値,z-score,,noun,jp-suugaku-b-toukei-teki-na-suisoku,statistics,数B,AP Statistics|Intro Statistics,exact,editorial,,,,,
standard-score,偏差値,standard score,,noun,jp-suugaku-b-toukei-teki-na-suisoku,statistics,数B,AP Statistics|Intro Statistics,none,editorial,偏差値,,Q61055319,wiki-nonmath,日本固有の指標（T-score に近い）。米国では percentile
linear-transformation-of-a-random-variable,確率変数の変換,linear transformation of a random variable,transforming random variables [ap-statistics-4-probability],noun,jp-suugaku-b-toukei-teki-na-suisoku,statistics,数B,AP Statistics|Intro Statistics,exact,editorial,,,,ja-merged,
probabilities-sum-to-1,確率の合計は 1,probabilities sum to 1,,phrase,jp-suugaku-b-toukei-teki-na-suisoku,statistics,数B,AP Statistics|Intro Statistics,exact,editorial,,,,,
continuity-correction,連続修正,continuity correction,,noun,jp-suugaku-b-toukei-teki-na-suisoku,statistics,数B,AP Statistics|Intro Statistics,exact,editorial,,,,,
standard-error,標準誤差,standard error,,noun,jp-suugaku-b-toukei-teki-na-suisoku,statistics,数B,AP Statistics|Intro Statistics,near,wikipedia-langlink,標準誤差,Standard error,Q620994,,日本の教科書では名前を出さないことが多い
mathematical-model,数学的モデル,mathematical model,,noun,jp-suugaku-b-suugaku-to-shakai-seikatsu,statistics,数B,Algebra 2,exact,editorial,数理モデル,,Q486902,wiki-redirect,
modeling,モデル化,modeling,,noun,jp-suugaku-b-suugaku-to-shakai-seikatsu,statistics,数B,Algebra 2,exact,editorial,,,,,
regression-line,回帰直線,regression line,,noun,jp-suugaku-b-suugaku-to-shakai-seikatsu,statistics,数B,Algebra 2,near,editorial,線形回帰,Linear regression,Q10861030,wiki-redirect,line of best fit
least-squares,最小二乗法,least squares,,noun,jp-suugaku-b-suugaku-to-shakai-seikatsu,statistics,数B,Algebra 2,exact,wikipedia-langlink,最小二乗法,Least squares,Q74304,,
moving-average,移動平均,moving average,,noun,jp-suugaku-b-suugaku-to-shakai-seikatsu,statistics,数B,Algebra 2,exact,wikidata,移動平均,,Q1130194,,
time-series,時系列,time series,,noun,jp-suugaku-b-suugaku-to-shakai-seikatsu,statistics,数B,Algebra 2,exact,wikidata,時系列,,Q186588,,
interpolation,補間,interpolation,,noun,jp-suugaku-b-suugaku-to-shakai-seikatsu,statistics,数B,Algebra 2,exact,editorial,内挿,Interpolation,Q187631,wiki-redirect,
extrapolation,外挿,extrapolation,,noun,jp-suugaku-b-suugaku-to-shakai-seikatsu,statistics,数B,Algebra 2,exact,wikipedia-langlink,外挿,Extrapolation,Q744069,,
approximation-seikatsu,近似,approximation,,noun,jp-suugaku-b-suugaku-to-shakai-seikatsu,statistics,数B,Algebra 2,exact,wikipedia-langlink,近似,Approximation,Q27058,id-dedup,
simulation,シミュレーション,simulation,,noun,jp-suugaku-b-suugaku-to-shakai-seikatsu,statistics,数B,Algebra 2,exact,wikipedia-langlink,シミュレーション,Simulation,Q45045,,
optimization-seikatsu,最適化,optimization,,noun,jp-suugaku-b-suugaku-to-shakai-seikatsu,statistics,数B,Algebra 2,exact,editorial,,,,id-dedup wiki-disambig,
fit-the-data,データに当てはめる,fit the data,,phrase,jp-suugaku-b-suugaku-to-shakai-seikatsu,statistics,数B,Algebra 2,exact,editorial,,,,,
predict,予測する,predict,,verb,jp-suugaku-b-suugaku-to-shakai-seikatsu,statistics,数B,Algebra 2,exact,editorial,予測,,,wiki-nonmath,
analyze-the-trend,傾向を分析する,analyze the trend,,phrase,jp-suugaku-b-suugaku-to-shakai-seikatsu,statistics,数B,Algebra 2,exact,editorial,,,,,
rational-function,分数関数,rational function,,noun,jp-suugaku-3-kyokugen,analysis,数III,AP Calculus AB|Calculus I,exact,editorial,,,,,
radical-function,無理関数,radical function,,noun,jp-suugaku-3-kyokugen,analysis,数III,AP Calculus AB|Calculus I,near,editorial,,,,,square root function
composite-function,合成関数,composite function,,noun,jp-suugaku-3-kyokugen,analysis,数III,AP Calculus AB|Calculus I,near,editorial,写像の合成,,Q244761,wiki-redirect,composition of functions
convergence,収束,convergence,,noun,jp-suugaku-3-kyokugen,analysis,数III,AP Calculus AB|Calculus I,exact,editorial,,,,wiki-disambig,
divergence,発散,divergence,,noun,jp-suugaku-3-kyokugen,analysis,数III,AP Calculus AB|Calculus I,exact,wikipedia-langlink,発散 (ベクトル解析),Divergence,Q189000,,
diverge-to-positive-infinity,正の無限大に発散する,diverge to positive infinity,,phrase,jp-suugaku-3-kyokugen,analysis,数III,AP Calculus AB|Calculus I,near,editorial,,,,,goes to infinity
diverge-to-negative-infinity,負の無限大に発散する,diverge to negative infinity,,phrase,jp-suugaku-3-kyokugen,analysis,数III,AP Calculus AB|Calculus I,exact,editorial,,,,,
oscillate,振動する,oscillate,,verb,jp-suugaku-3-kyokugen,analysis,数III,AP Calculus AB|Calculus I,exact,editorial,振動,Oscillation,Q170475,,
infinity,無限大,infinity,,noun,jp-suugaku-3-kyokugen,analysis,数III,AP Calculus AB|Calculus I,exact,editorial,,,,wiki-disambig,
squeeze-theorem,はさみうちの原理,squeeze theorem,,noun,jp-suugaku-3-kyokugen,analysis,数III,AP Calculus AB|Calculus I,exact,wikipedia-langlink,はさみうちの原理,Squeeze theorem,Q1065257,,
comparison-for-divergence,追い出しの原理,comparison for divergence,,noun,jp-suugaku-3-kyokugen,analysis,数III,AP Calculus AB|Calculus I,none,editorial,はさみうちの原理,Squeeze theorem,Q1065257,wiki-redirect,米国では名前がない
infinite-geometric-sequence,無限等比数列,infinite geometric sequence,,noun,jp-suugaku-3-kyokugen,analysis,数III,AP Calculus AB|Calculus I,exact,editorial,,,,,
infinite-series,無限級数,infinite series,,noun,jp-suugaku-3-kyokugen,analysis,数III,AP Calculus AB|Calculus I,exact,editorial,級数,Series (mathematics),Q170198,wiki-redirect,
sum-of-the-series,級数の和,sum of the series,,noun,jp-suugaku-3-kyokugen,analysis,数III,AP Calculus AB|Calculus I,exact,editorial,,,,,
limit-of-a-function,関数の極限,limit of a function,,noun,jp-suugaku-3-kyokugen,analysis,数III,AP Calculus AB|Calculus I,exact,wikipedia-langlink,関数の極限,Limit of a function,Q33540,,
right-hand-limit,右側極限,right-hand limit,,noun,jp-suugaku-3-kyokugen,analysis,数III,AP Calculus AB|Calculus I,exact,editorial,,,,,
left-hand-limit,左側極限,left-hand limit,,noun,jp-suugaku-3-kyokugen,analysis,数III,AP Calculus AB|Calculus I,exact,editorial,,,,,
one-sided-limit,片側極限,one-sided limit,,noun,jp-suugaku-3-kyokugen,analysis,数III,AP Calculus AB|Calculus I,exact,wikidata,片側極限,,Q2633817,,
as-x-approaches-infinity,x → ∞ のとき,as x approaches infinity,,phrase,jp-suugaku-3-kyokugen,analysis,数III,AP Calculus AB|Calculus I,exact,editorial,,,,,
as-x-approaches-a,x → a のとき,as x approaches a,,phrase,jp-suugaku-3-kyokugen,analysis,数III,AP Calculus AB|Calculus I,exact,editorial,,,,,
the-limit-does-not-exist,極限が存在しない,the limit does not exist,does not exist [ap-calculus-ab-1-limits],phrase,jp-suugaku-3-kyokugen,analysis,数III,AP Calculus AB|Calculus I,near,editorial,,,,ja-merged,DNE
indeterminate-form,不定形,indeterminate form,,noun,jp-suugaku-3-kyokugen,analysis,数III,AP Calculus AB|Calculus I,exact,wikidata,不定形,,Q115089,,
continuous,連続,continuous,,adjective,jp-suugaku-3-kyokugen,analysis,数III,AP Calculus AB|Calculus I,exact,editorial,連続 (数学),Continuity (mathematics),Q12030090,,
discontinuous,不連続,discontinuous,,adjective,jp-suugaku-3-kyokugen,analysis,数III,AP Calculus AB|Calculus I,exact,editorial,連続 (数学),Continuity (mathematics),Q12030090,wiki-redirect,
continuous-function,連続関数,continuous function,,noun,jp-suugaku-3-kyokugen,analysis,数III,AP Calculus AB|Calculus I,exact,editorial,連続写像,Continuous function,Q170058,wiki-redirect,
intermediate-value-theorem,中間値の定理,intermediate value theorem,,noun,jp-suugaku-3-kyokugen,analysis,数III,AP Calculus AB|Calculus I,exact,wikipedia-langlink,中間値の定理,Intermediate value theorem,Q245098,,
extreme-value-theorem,最大値・最小値の定理,extreme value theorem,,noun,jp-suugaku-3-kyokugen,analysis,数III,AP Calculus AB|Calculus I,exact,editorial,最大値最小値定理,,Q752375,wiki-redirect,
limit-of-sine-x-over-x,三角関数の極限,limit of sine x over x,,noun,jp-suugaku-3-kyokugen,analysis,数III,AP Calculus AB|Calculus I,near,editorial,,,,,sin x / x → 1
e,e,e,,noun,jp-suugaku-3-kyokugen,analysis,数III,AP Calculus AB|Calculus I,near,editorial,E,E,Q9907,wiki-redirect wiki-nonmath,Euler's number。読みは「イー」
base-of-the-natural-logarithm,自然対数の底,base of the natural logarithm,,noun,jp-suugaku-3-kyokugen,analysis,数III,AP Calculus AB|Calculus I,exact,editorial,ネイピア数,E (mathematical constant),Q82435,wiki-redirect,
limit-involving-exponentials,指数関数の極限,limit involving exponentials,,noun,jp-suugaku-3-kyokugen,analysis,数III,AP Calculus AB|Calculus I,exact,editorial,,,,,
find-the-limit,極限を求める,find the limit,,phrase,jp-suugaku-3-kyokugen,analysis,数III,AP Calculus AB|Calculus I,near,editorial,,,,,evaluate the limit
approaches,〜に限りなく近づく,approaches,,verb,jp-suugaku-3-kyokugen,analysis,数III,AP Calculus AB|Calculus I,near,editorial,,,,,gets arbitrarily close to
converges-to-zero,0 に収束する,converges to zero,,phrase,jp-suugaku-3-kyokugen,analysis,数III,AP Calculus AB|Calculus I,exact,editorial,,,,,
divide-numerator-and-denominator-by-n,分母と分子を n で割る,divide numerator and denominator by n,,phrase,jp-suugaku-3-kyokugen,analysis,数III,AP Calculus AB|Calculus I,exact,editorial,,,,,
rationalize-and-take-the-limit,有理化して極限を求める,rationalize and take the limit,,phrase,jp-suugaku-3-kyokugen,analysis,数III,AP Calculus AB|Calculus I,exact,editorial,,,,,
limit-laws,極限の性質,limit laws,,noun,jp-suugaku-3-kyokugen,analysis,数III,AP Calculus AB|Calculus I,exact,editorial,,,,,
find-the-domain,定義域を求める,find the domain,,phrase,jp-suugaku-3-kyokugen,analysis,数III,AP Calculus AB|Calculus I,exact,editorial,,,,,
find-the-asymptotes,グラフの漸近線を求める,find the asymptotes,,phrase,jp-suugaku-3-kyokugen,analysis,数III,AP Calculus AB|Calculus I,exact,editorial,,,,,
find-the-inverse,逆関数を求める,find the inverse,,phrase,jp-suugaku-3-kyokugen,analysis,数III,AP Calculus AB|Calculus I,exact,editorial,,,,,
compose,合成する,compose,,verb,jp-suugaku-3-kyokugen,analysis,数III,AP Calculus AB|Calculus I,exact,editorial,,,,wiki-disambig,
one-to-one,1 対 1,one-to-one,,adjective,jp-suugaku-3-kyokugen,analysis,数III,AP Calculus AB|Calculus I,exact,editorial,,,,,
the-function-is-continuous,関数が連続である,the function is continuous,,phrase,jp-suugaku-3-kyokugen,analysis,数III,AP Calculus AB|Calculus I,exact,editorial,,,,,
the-one-sided-limits-agree,極限が一致する,the one-sided limits agree,,phrase,jp-suugaku-3-kyokugen,analysis,数III,AP Calculus AB|Calculus I,exact,editorial,,,,,
diverges-to-infinity,無限大に発散する,diverges to infinity,,phrase,jp-suugaku-3-kyokugen,analysis,数III,AP Calculus AB|Calculus I,exact,editorial,,,,,
bounded,有界,bounded,,adjective,jp-suugaku-3-kyokugen,analysis,数III,AP Calculus AB|Calculus I,exact,editorial,有界,Bounded set,Q726212,,
monotonic,単調,monotonic,,adjective,jp-suugaku-3-kyokugen,analysis,数III,AP Calculus AB|Calculus I,exact,editorial,,,,wiki-disambig,
squeeze,はさむ,squeeze,,verb,jp-suugaku-3-kyokugen,analysis,数III,AP Calculus AB|Calculus I,near,editorial,,,,,bound it between
computing-limits,極限の計算,computing limits,,noun,jp-suugaku-3-kyokugen,analysis,数III,AP Calculus AB|Calculus I,exact,editorial,,,,,
zero-over-zero,0/0 の形,zero over zero,,phrase,jp-suugaku-3-kyokugen,analysis,数III,AP Calculus AB|Calculus I,exact,editorial,,,,,
infinity-over-infinity,∞/∞ の形,infinity over infinity,,phrase,jp-suugaku-3-kyokugen,analysis,数III,AP Calculus AB|Calculus I,exact,editorial,,,,,
infinity-minus-infinity,∞ − ∞,infinity minus infinity,,phrase,jp-suugaku-3-kyokugen,analysis,数III,AP Calculus AB|Calculus I,exact,editorial,,,,,
differentiability,微分可能性,differentiability,,noun,jp-suugaku-3-bibun,calculus,数III,AP Calculus AB|Calculus I,exact,editorial,,,,wiki-disambig,
product-rule,積の微分,product rule,,noun,jp-suugaku-3-bibun,calculus,数III,AP Calculus AB|Calculus I,exact,wikidata,積の微分法則,,Q466720,,
quotient-rule,商の微分,quotient rule,,noun,jp-suugaku-3-bibun,calculus,数III,AP Calculus AB|Calculus I,exact,wikidata,商の微分法則,,Q531392,,
chain-rule,合成関数の微分,chain rule,,noun,jp-suugaku-3-bibun,calculus,数III,AP Calculus AB|Calculus I,exact,editorial,,,,,
derivative-of-an-inverse-function,逆関数の微分,derivative of an inverse function,,noun,jp-suugaku-3-bibun,calculus,数III,AP Calculus AB|Calculus I,exact,editorial,,,,,
implicit-function,陰関数,implicit function,,noun,jp-suugaku-3-bibun,calculus,数III,AP Calculus AB|Calculus I,exact,wikipedia-langlink,陰関数,Implicit function,Q1196523,,
implicit-differentiation,陰関数の微分,implicit differentiation,,noun,jp-suugaku-3-bibun,calculus,数III,AP Calculus AB|Calculus I,exact,editorial,,,,,
parametric-equations,媒介変数表示,parametric equations,parametric representation [suugaku-c-kyokusen-to-fukuso-heimen],noun,jp-suugaku-3-bibun,calculus,数III,AP Calculus AB|Calculus I,exact,editorial,パラメトリック方程式,,Q35889,ja-merged wiki-redirect,
parameter-bibun,媒介変数,parameter,,noun,jp-suugaku-3-bibun,calculus,数III,AP Calculus AB|Calculus I,exact,wikipedia-langlink,媒介変数,Parameter,Q1413083,id-dedup,
derivative-of-a-parametric-curve,媒介変数表示された関数の微分,derivative of a parametric curve,,noun,jp-suugaku-3-bibun,calculus,数III,AP Calculus AB|Calculus I,exact,editorial,,,,,
derivatives-of-trigonometric-functions,三角関数の導関数,derivatives of trigonometric functions,derivatives of trig functions [ap-calculus-ab-2-differentiation-basics],noun,jp-suugaku-3-bibun,calculus,数III,AP Calculus AB|Calculus I,exact,editorial,,,,ja-merged,
derivative-of-the-exponential-function,指数関数の導関数,derivative of the exponential function,,noun,jp-suugaku-3-bibun,calculus,数III,AP Calculus AB|Calculus I,exact,editorial,,,,,
derivative-of-the-logarithm,対数関数の導関数,derivative of the logarithm,,noun,jp-suugaku-3-bibun,calculus,数III,AP Calculus AB|Calculus I,exact,editorial,,,,,
logarithmic-differentiation,対数微分法,logarithmic differentiation,,noun,jp-suugaku-3-bibun,calculus,数III,AP Calculus AB|Calculus I,exact,wikidata,対数微分法,,Q2289425,,
higher-order-derivative,高次導関数,higher-order derivative,,noun,jp-suugaku-3-bibun,calculus,数III,AP Calculus AB|Calculus I,exact,editorial,,,,,
second-derivative,第 2 次導関数,second derivative,,noun,jp-suugaku-3-bibun,calculus,数III,AP Calculus AB|Calculus I,exact,editorial,,,,,
nth-derivative,第 n 次導関数,nth derivative,,noun,jp-suugaku-3-bibun,calculus,数III,AP Calculus AB|Calculus I,exact,editorial,,,,,
mean-value-theorem,平均値の定理,mean value theorem,,noun,jp-suugaku-3-bibun,calculus,数III,AP Calculus AB|Calculus I,exact,wikipedia-langlink,平均値の定理,Mean value theorem,Q189136,,
rolles-theorem,ロルの定理,Rolle's theorem,,noun,jp-suugaku-3-bibun,calculus,数III,AP Calculus AB|Calculus I,exact,wikipedia-langlink,ロルの定理,Rolle's theorem,Q193286,,
concavity,曲線の凹凸,concavity,,noun,jp-suugaku-3-bibun,calculus,数III,AP Calculus AB|Calculus I,exact,editorial,,,,,
inflection-point,変曲点,inflection point,point of inflection [ap-calculus-ab-5-analytical-applications],noun,jp-suugaku-3-bibun,calculus,数III,AP Calculus AB|Calculus I,near,wikidata,変曲点,,Q212794,ja-merged,point of inflection
sign-of-the-second-derivative,第 2 次導関数の符号,sign of the second derivative,,noun,jp-suugaku-3-bibun,calculus,数III,AP Calculus AB|Calculus I,exact,editorial,,,,,
absolute-extrema,最大・最小,absolute extrema,,noun,jp-suugaku-3-bibun,calculus,数III,AP Calculus AB|Calculus I,exact,editorial,最大と最小,Greatest element and least element,Q1196892,wiki-redirect,
applying-derivatives-to-equations,方程式への応用,applying derivatives to equations,,noun,jp-suugaku-3-bibun,calculus,数III,AP Calculus AB|Calculus I,exact,editorial,,,,,
applying-derivatives-to-inequalities,不等式への応用,applying derivatives to inequalities,,noun,jp-suugaku-3-bibun,calculus,数III,AP Calculus AB|Calculus I,exact,editorial,,,,,
velocity,速度,velocity,,noun,jp-suugaku-3-bibun,calculus,数III,AP Calculus AB|Calculus I,exact,wikipedia-langlink,速度,Velocity,Q11465,,
acceleration,加速度,acceleration,,noun,jp-suugaku-3-bibun,calculus,数III,AP Calculus AB|Calculus I,exact,wikipedia-langlink,加速度,Acceleration,Q11376,,
linear-approximation,近似式,linear approximation,,noun,jp-suugaku-3-bibun,calculus,数III,AP Calculus AB|Calculus I,exact,editorial,近似,Approximation,Q27058,wiki-redirect,
linearization,一次近似,linearization,,noun,jp-suugaku-3-bibun,calculus,数III,AP Calculus AB|Calculus I,exact,editorial,線型近似,Linear approximation,Q2071054,wiki-redirect,
small-change,微小変化,small change,,noun,jp-suugaku-3-bibun,calculus,数III,AP Calculus AB|Calculus I,exact,editorial,,,,,
differential,微分 dy,differential,,noun,jp-suugaku-3-bibun,calculus,数III,AP Calculus AB|Calculus I,exact,editorial,,,,,
leibniz-notation,ライプニッツの記法,Leibniz notation,,noun,jp-suugaku-3-bibun,calculus,数III,AP Calculus AB|Calculus I,exact,wikidata,ライプニッツの記法,,Q1069516,,
prime-notation,ラグランジュの記法,prime notation,,noun,jp-suugaku-3-bibun,calculus,数III,AP Calculus AB|Calculus I,near,editorial,微分の記法,,Q3269411,wiki-redirect,Lagrange notation
use-the-chain-rule,合成関数の微分法を使う,use the chain rule,,phrase,jp-suugaku-3-bibun,calculus,数III,AP Calculus AB|Calculus I,exact,editorial,,,,,
use-the-product-rule,積の微分法を使う,use the product rule,,phrase,jp-suugaku-3-bibun,calculus,数III,AP Calculus AB|Calculus I,exact,editorial,,,,,
differentiate-both-sides-with-respect-to-x,両辺を x で微分する,differentiate both sides with respect to x,,phrase,jp-suugaku-3-bibun,calculus,数III,AP Calculus AB|Calculus I,exact,editorial,,,,,
take-the-log-and-differentiate,対数をとって微分する,take the log and differentiate,,phrase,jp-suugaku-3-bibun,calculus,数III,AP Calculus AB|Calculus I,exact,editorial,,,,,
differentiate-twice,2 回微分する,differentiate twice,,phrase,jp-suugaku-3-bibun,calculus,数III,AP Calculus AB|Calculus I,near,editorial,,,,,take the second derivative
check-the-concavity,凹凸を調べる,check the concavity,,phrase,jp-suugaku-3-bibun,calculus,数III,AP Calculus AB|Calculus I,exact,editorial,,,,,
find-the-inflection-points,変曲点を求める,find the inflection points,,phrase,jp-suugaku-3-bibun,calculus,数III,AP Calculus AB|Calculus I,exact,editorial,,,,,
sketch-the-curve,概形をかく,sketch the curve,,phrase,jp-suugaku-3-bibun,calculus,数III,AP Calculus AB|Calculus I,exact,editorial,,,,,
apply-the-mean-value-theorem,平均値の定理を適用する,apply the mean value theorem,,phrase,jp-suugaku-3-bibun,calculus,数III,AP Calculus AB|Calculus I,exact,editorial,,,,,
differentiate-the-outside-first,外側から微分する,differentiate the outside first,,phrase,jp-suugaku-3-bibun,calculus,数III,AP Calculus AB|Calculus I,near,editorial,,,,,outer function times inner
multiply-by-the-derivative-of-the-inside,内側の微分を掛ける,multiply by the derivative of the inside,,phrase,jp-suugaku-3-bibun,calculus,数III,AP Calculus AB|Calculus I,exact,editorial,,,,,
d-d-x,d/dx,d d x,,noun,jp-suugaku-3-bibun,calculus,数III,AP Calculus AB|Calculus I,near,editorial,,,,,読み方。symbols へ
d-y-d-x,dy/dx,d y d x,,noun,jp-suugaku-3-bibun,calculus,数III,AP Calculus AB|Calculus I,near,editorial,,,,,読み方。symbols へ
f-prime,f プライム,f prime,,noun,jp-suugaku-3-bibun,calculus,数III,AP Calculus AB|Calculus I,near,editorial,,,,,「エフダッシュ」は通じない
f-double-prime,f ダブルプライム,f double prime,,noun,jp-suugaku-3-bibun,calculus,数III,AP Calculus AB|Calculus I,exact,editorial,,,,,
has-a-local-extremum,極値をもつ,has a local extremum,,phrase,jp-suugaku-3-bibun,calculus,数III,AP Calculus AB|Calculus I,exact,editorial,,,,,
has-no-local-extrema,極値をもたない,has no local extrema,,phrase,jp-suugaku-3-bibun,calculus,数III,AP Calculus AB|Calculus I,exact,editorial,,,,,
f-double-prime-is-positive,f''(x) > 0,f double prime is positive,,phrase,jp-suugaku-3-bibun,calculus,数III,AP Calculus AB|Calculus I,exact,editorial,f''(x) > 0,,,wiki-nonmath,
changes-from-increasing-to-decreasing,増加から減少に変わる,changes from increasing to decreasing,,phrase,jp-suugaku-3-bibun,calculus,数III,AP Calculus AB|Calculus I,exact,editorial,,,,,
the-derivative-is-zero,微分係数が 0,the derivative is zero,,phrase,jp-suugaku-3-bibun,calculus,数III,AP Calculus AB|Calculus I,exact,editorial,,,,,
the-tangent-line-is-horizontal,接線が水平,the tangent line is horizontal,,phrase,jp-suugaku-3-bibun,calculus,数III,AP Calculus AB|Calculus I,exact,editorial,,,,,
not-differentiable,微分不可能,not differentiable,,adjective,jp-suugaku-3-bibun,calculus,数III,AP Calculus AB|Calculus I,exact,editorial,,,,,
cusp,尖点,cusp,,noun,jp-suugaku-3-bibun,calculus,数III,AP Calculus AB|Calculus I,exact,wikipedia-langlink,尖点,Cusp (singularity),Q655275,,
continuous-but-not-differentiable,連続だが微分不可能,continuous but not differentiable,,phrase,jp-suugaku-3-bibun,calculus,数III,AP Calculus AB|Calculus I,exact,editorial,,,,,
integration-by-substitution,置換積分法,integration by substitution,,noun,jp-suugaku-3-sekibun,calculus,数III,AP Calculus BC|Calculus II,near,editorial,,,,,教室では u-substitution / u-sub
integration-by-parts,部分積分法,integration by parts,,noun,jp-suugaku-3-sekibun,calculus,数III,AP Calculus BC|Calculus II,exact,editorial,,,,,
integrals-of-trigonometric-functions,三角関数の積分,integrals of trigonometric functions,,noun,jp-suugaku-3-sekibun,calculus,数III,AP Calculus BC|Calculus II,exact,editorial,,,,,
integral-of-the-exponential-function,指数関数の積分,integral of the exponential function,,noun,jp-suugaku-3-sekibun,calculus,数III,AP Calculus BC|Calculus II,exact,editorial,,,,,
integral-of-a-rational-function,分数関数の積分,integral of a rational function,,noun,jp-suugaku-3-sekibun,calculus,数III,AP Calculus BC|Calculus II,near,editorial,,,,,partial fractions
integral-involving-radicals,無理関数の積分,integral involving radicals,,noun,jp-suugaku-3-sekibun,calculus,数III,AP Calculus BC|Calculus II,exact,editorial,,,,,
partial-fraction-decomposition,部分分数分解,partial fraction decomposition,,noun,jp-suugaku-3-sekibun,calculus,数III,AP Calculus BC|Calculus II,exact,wikipedia-langlink,部分分数分解,Partial fraction decomposition,Q431617,,
substitution-in-a-definite-integral,定積分の置換積分,substitution in a definite integral,,noun,jp-suugaku-3-sekibun,calculus,数III,AP Calculus BC|Calculus II,near,editorial,,,,,change the limits
integral-of-an-even-function,偶関数の定積分,integral of an even function,,noun,jp-suugaku-3-sekibun,calculus,数III,AP Calculus BC|Calculus II,exact,editorial,,,,,
integral-of-an-odd-function,奇関数の定積分,integral of an odd function,,noun,jp-suugaku-3-sekibun,calculus,数III,AP Calculus BC|Calculus II,exact,editorial,,,,,
riemann-sum,区分求積法,Riemann sum,,noun,jp-suugaku-3-sekibun,calculus,数III,AP Calculus BC|Calculus II,near,editorial,積分法,Integral calculus,Q150008,wiki-redirect,STYLE
limit-of-a-riemann-sum,定積分と和の極限,limit of a Riemann sum,,noun,jp-suugaku-3-sekibun,calculus,数III,AP Calculus BC|Calculus II,exact,editorial,,,,,
inequalities-involving-integrals,定積分と不等式,inequalities involving integrals,,noun,jp-suugaku-3-sekibun,calculus,数III,AP Calculus BC|Calculus II,exact,editorial,,,,,
area-bounded-by-curves,曲線で囲まれた面積,area bounded by curves,,noun,jp-suugaku-3-sekibun,calculus,数III,AP Calculus BC|Calculus II,exact,editorial,,,,,
volume-of-a-solid-of-revolution,回転体の体積,volume of a solid of revolution,volumes of revolution [calculus-1-applications-of-integration],noun,jp-suugaku-3-sekibun,calculus,数III,AP Calculus BC|Calculus II,exact,editorial,,,,ja-merged,
cross-sectional-area,断面積,cross-sectional area,,noun,jp-suugaku-3-sekibun,calculus,数III,AP Calculus BC|Calculus II,exact,editorial,断面,Cross section (geometry),Q845080,wiki-redirect,
volume-by-cross-sections,断面積による体積,volume by cross sections,,noun,jp-suugaku-3-sekibun,calculus,数III,AP Calculus BC|Calculus II,exact,editorial,,,,,
arc-length-sekibun,曲線の長さ,arc length,,noun,jp-suugaku-3-sekibun,calculus,数III,AP Calculus BC|Calculus II,exact,editorial,,,,id-dedup,
velocity-and-position,速度と位置,velocity and position,,noun,jp-suugaku-3-sekibun,calculus,数III,AP Calculus BC|Calculus II,exact,editorial,,,,,
differential-equation,微分方程式,differential equation,,noun,jp-suugaku-3-sekibun,calculus,数III,AP Calculus BC|Calculus II,exact,wikipedia-langlink,微分方程式,Differential equation,Q11214,,
separable-differential-equation,変数分離形,separable differential equation,,noun,jp-suugaku-3-sekibun,calculus,数III,AP Calculus BC|Calculus II,exact,editorial,,,,,
variable-of-integration,積分変数,variable of integration,,noun,jp-suugaku-3-sekibun,calculus,数III,AP Calculus BC|Calculus II,exact,editorial,,,,,
substitute-sekibun,置換する,substitute,,verb,jp-suugaku-3-sekibun,calculus,数III,AP Calculus BC|Calculus II,near,editorial,置換 (数学),Permutation,Q161519,id-dedup,let u = ...
let-u-equal,u とおく,let u equal,,phrase,jp-suugaku-3-sekibun,calculus,数III,AP Calculus BC|Calculus II,exact,editorial,,,,,
write-dx-in-terms-of-du,dx を du で表す,write dx in terms of du,,phrase,jp-suugaku-3-sekibun,calculus,数III,AP Calculus BC|Calculus II,exact,editorial,,,,,
change-the-limits-of-integration,積分区間を変える,change the limits of integration,,phrase,jp-suugaku-3-sekibun,calculus,数III,AP Calculus BC|Calculus II,exact,editorial,,,,,
integrate-by-parts,部分積分する,integrate by parts,,phrase,jp-suugaku-3-sekibun,calculus,数III,AP Calculus BC|Calculus II,exact,editorial,部分積分,Integration by parts,Q273328,,
which-one-to-differentiate,どちらを微分するか,which one to differentiate,,phrase,jp-suugaku-3-sekibun,calculus,数III,AP Calculus BC|Calculus II,near,editorial,,,,,LIATE（米国の覚え方）
integrate-by-parts-repeatedly,何回か部分積分する,integrate by parts repeatedly,,phrase,jp-suugaku-3-sekibun,calculus,数III,AP Calculus BC|Calculus II,exact,editorial,,,,,
decompose-into-partial-fractions,部分分数に分解する,decompose into partial fractions,,phrase,jp-suugaku-3-sekibun,calculus,数III,AP Calculus BC|Calculus II,exact,editorial,,,,,
evaluate-the-integral,積分を計算する,evaluate the integral,,phrase,jp-suugaku-3-sekibun,calculus,数III,AP Calculus BC|Calculus II,exact,editorial,,,,,
find-the-area-by-integration,面積を積分で求める,find the area by integration,,phrase,jp-suugaku-3-sekibun,calculus,数III,AP Calculus BC|Calculus II,exact,editorial,,,,,
revolve-around-the-x-axis,x 軸のまわりに回転させる,revolve around the x-axis,,phrase,jp-suugaku-3-sekibun,calculus,数III,AP Calculus BC|Calculus II,near,editorial,,,,,rotate about the x-axis
revolve-around-the-y-axis,y 軸のまわりに回転させる,revolve around the y-axis,,phrase,jp-suugaku-3-sekibun,calculus,数III,AP Calculus BC|Calculus II,exact,editorial,,,,,
disk,円板,disk,,noun,jp-suugaku-3-sekibun,calculus,数III,AP Calculus BC|Calculus II,near,wikipedia-langlink,円板,Disk (mathematics),Q238231,,disk method
add-up-thin-disks,薄い円板を足し合わせる,add up thin disks,,phrase,jp-suugaku-3-sekibun,calculus,数III,AP Calculus BC|Calculus II,exact,editorial,,,,,
cylindrical-shell,円柱の殻,cylindrical shell,,noun,jp-suugaku-3-sekibun,calculus,数III,AP Calculus BC|Calculus II,near,editorial,,,,,shell method
find-the-arc-length,曲線の長さを求める,find the arc length,,phrase,jp-suugaku-3-sekibun,calculus,数III,AP Calculus BC|Calculus II,exact,editorial,,,,,
write-as-a-limit-of-a-sum,和の極限として表す,write as a limit of a sum,,phrase,jp-suugaku-3-sekibun,calculus,数III,AP Calculus BC|Calculus II,exact,editorial,,,,,
as-n-approaches-infinity,n → ∞ のとき,as n approaches infinity,,phrase,jp-suugaku-3-sekibun,calculus,数III,AP Calculus BC|Calculus II,exact,editorial,,,,,
integrate-the-inequality,不等式を積分する,integrate the inequality,,phrase,jp-suugaku-3-sekibun,calculus,数III,AP Calculus BC|Calculus II,exact,editorial,,,,,
check-by-differentiating,微分して確かめる,check by differentiating,,phrase,jp-suugaku-3-sekibun,calculus,数III,AP Calculus BC|Calculus II,exact,editorial,,,,,
can-be-integrated,積分できる,can be integrated,,phrase,jp-suugaku-3-sekibun,calculus,数III,AP Calculus BC|Calculus II,near,editorial,,,,,integrable
find-an-antiderivative,原始関数を見つける,find an antiderivative,,phrase,jp-suugaku-3-sekibun,calculus,数III,AP Calculus BC|Calculus II,exact,editorial,,,,,
integrals-giving-inverse-trig-functions,逆三角関数の積分,integrals giving inverse trig functions,,noun,jp-suugaku-3-sekibun,calculus,数III,AP Calculus BC|Calculus II,near,editorial,,,,,日本では逆三角関数を使わず置換で処理
integral,インテグラル,integral,,noun,jp-suugaku-3-sekibun,calculus,数III,AP Calculus BC|Calculus II,near,editorial,,,,wiki-disambig,カタカナ。ja.alt へ
the-integral-from-a-to-b,∫ a から b,the integral from a to b,,phrase,jp-suugaku-3-sekibun,calculus,数III,AP Calculus BC|Calculus II,near,editorial,,,,,読み方。symbols へ
vector,ベクトル,vector,,noun,jp-suugaku-c-vector,vectors,数C,Precalculus|Calculus III,exact,editorial,,,,wiki-disambig,
directed-segment,有向線分,directed segment,,noun,jp-suugaku-c-vector,vectors,数C,Precalculus|Calculus III,exact,editorial,空間ベクトル,Euclidean vector,Q44528,wiki-redirect,
initial-point,始点,initial point,,noun,jp-suugaku-c-vector,vectors,数C,Precalculus|Calculus III,near,editorial,始点,,,wiki-nonmath,tail
terminal-point,終点,terminal point,,noun,jp-suugaku-c-vector,vectors,数C,Precalculus|Calculus III,near,editorial,終点,,,wiki-nonmath,tip / head
magnitude,ベクトルの大きさ,magnitude,,noun,jp-suugaku-c-vector,vectors,数C,Precalculus|Calculus III,near,editorial,,,,,length / norm
unit-vector,単位ベクトル,unit vector,,noun,jp-suugaku-c-vector,vectors,数C,Precalculus|Calculus III,exact,wikipedia-langlink,単位ベクトル,Unit vector,Q36255,,
zero-vector,零ベクトル,zero vector,,noun,jp-suugaku-c-vector,vectors,数C,Precalculus|Calculus III,exact,wikidata,零ベクトル,,Q488630,,
opposite-vector,逆ベクトル,opposite vector,,noun,jp-suugaku-c-vector,vectors,数C,Precalculus|Calculus III,near,editorial,,,,,negative of a vector
equal-vectors,ベクトルの相等,equal vectors,,noun,jp-suugaku-c-vector,vectors,数C,Precalculus|Calculus III,exact,editorial,,,,,
vector-addition,ベクトルの加法,vector addition,,noun,jp-suugaku-c-vector,vectors,数C,Precalculus|Calculus III,exact,editorial,,,,,
vector-subtraction,ベクトルの減法,vector subtraction,,noun,jp-suugaku-c-vector,vectors,数C,Precalculus|Calculus III,exact,editorial,,,,,
scalar-multiplication,ベクトルの実数倍,scalar multiplication,,noun,jp-suugaku-c-vector,vectors,数C,Precalculus|Calculus III,exact,editorial,,,,,
scalar,スカラー,scalar,,noun,jp-suugaku-c-vector,vectors,数C,Precalculus|Calculus III,exact,wikipedia-langlink,スカラー (数学),Scalar (mathematics),Q1289248,,
parallel-vectors,平行なベクトル,parallel vectors,,noun,jp-suugaku-c-vector,vectors,数C,Precalculus|Calculus III,exact,editorial,,,,,
decomposition-of-a-vector,ベクトルの分解,decomposition of a vector,,noun,jp-suugaku-c-vector,vectors,数C,Precalculus|Calculus III,near,editorial,,,,,resolving into components
linearly-independent,一次独立,linearly independent,,adjective,jp-suugaku-c-vector,vectors,数C,Precalculus|Calculus III,exact,editorial,線型独立,Linear independence,Q27670,wiki-redirect,
linearly-dependent,一次従属,linearly dependent,,adjective,jp-suugaku-c-vector,vectors,数C,Precalculus|Calculus III,exact,editorial,線型結合,Linear combination,Q27628,wiki-redirect,
linear-combination,一次結合,linear combination,,noun,jp-suugaku-c-vector,vectors,数C,Precalculus|Calculus III,exact,editorial,線型結合,Linear combination,Q27628,wiki-redirect,
components,ベクトルの成分,components,,noun,jp-suugaku-c-vector,vectors,数C,Precalculus|Calculus III,exact,editorial,,,,,
component-form,成分表示,component form,,noun,jp-suugaku-c-vector,vectors,数C,Precalculus|Calculus III,exact,editorial,,,,,
position-vector,位置ベクトル,position vector,,noun,jp-suugaku-c-vector,vectors,数C,Precalculus|Calculus III,exact,editorial,位置,Position (geometry),Q192388,wiki-redirect,
position-vector-of-the-dividing-point,内分点の位置ベクトル,position vector of the dividing point,,noun,jp-suugaku-c-vector,vectors,数C,Precalculus|Calculus III,exact,editorial,,,,,
dot-product,内積,dot product,inner product [linear-algebra-orthogonality],noun,jp-suugaku-c-vector,vectors,数C,Precalculus|Calculus III,near,wikidata,内積,,Q23924662,ja-merged,inner product（大学）/ scalar product
angle-between-vectors,ベクトルのなす角,angle between vectors,,noun,jp-suugaku-c-vector,vectors,数C,Precalculus|Calculus III,exact,editorial,ベクトルのなす角,,Q11336839,wiki-nonmath,
condition-for-perpendicularity,垂直条件,condition for perpendicularity,perpendicularity condition [suugaku-c-kyokusen-to-fukuso-heimen],noun,jp-suugaku-c-vector,vectors,数C,Precalculus|Calculus III,near,editorial,,,,ja-merged,dot product is zero
condition-for-parallelism,平行条件,condition for parallelism,,noun,jp-suugaku-c-vector,vectors,数C,Precalculus|Calculus III,exact,editorial,,,,,
vector-equation,ベクトル方程式,vector equation,,noun,jp-suugaku-c-vector,vectors,数C,Precalculus|Calculus III,exact,editorial,線型方程式系,System of linear equations,Q11203,wiki-redirect,
vector-equation-of-a-line,直線のベクトル方程式,vector equation of a line,,noun,jp-suugaku-c-vector,vectors,数C,Precalculus|Calculus III,exact,editorial,,,,,
normal-vector,法線ベクトル,normal vector,,noun,jp-suugaku-c-vector,vectors,数C,Precalculus|Calculus III,exact,wikipedia-langlink,法線ベクトル,Normal vector,Q56353263,,
direction-vector,方向ベクトル,direction vector,,noun,jp-suugaku-c-vector,vectors,数C,Precalculus|Calculus III,exact,editorial,,,,,
vector-equation-of-a-circle,円のベクトル方程式,vector equation of a circle,,noun,jp-suugaku-c-vector,vectors,数C,Precalculus|Calculus III,exact,editorial,,,,,
vectors-in-space,空間ベクトル,vectors in space,,noun,jp-suugaku-c-vector,vectors,数C,Precalculus|Calculus III,near,wikipedia-langlink,空間ベクトル,Euclidean vector,Q44528,,3D vectors
coordinates-in-space,空間座標,coordinates in space,,noun,jp-suugaku-c-vector,vectors,数C,Precalculus|Calculus III,exact,editorial,,,,,
equation-of-a-plane,平面の方程式,equation of a plane,,noun,jp-suugaku-c-vector,vectors,数C,Precalculus|Calculus III,exact,editorial,,,,,
equation-of-a-sphere,球面の方程式,equation of a sphere,,noun,jp-suugaku-c-vector,vectors,数C,Precalculus|Calculus III,exact,editorial,,,,,
collinearity-condition,共線条件,collinearity condition,,noun,jp-suugaku-c-vector,vectors,数C,Precalculus|Calculus III,exact,editorial,,,,,
coplanarity-condition,共面条件,coplanarity condition,,noun,jp-suugaku-c-vector,vectors,数C,Precalculus|Calculus III,exact,editorial,,,,,
area-of-a-triangle-using-vectors,三角形の面積とベクトル,area of a triangle using vectors,,noun,jp-suugaku-c-vector,vectors,数C,Precalculus|Calculus III,exact,editorial,,,,,
cross-product,外積,cross product,,noun,jp-suugaku-c-vector,vectors,数C,Precalculus|Calculus III,near,wikipedia-langlink,外積代数,Exterior algebra,Q1196652,,日本の高校では扱わない
resolve-the-vector,ベクトルを分解する,resolve the vector,,phrase,jp-suugaku-c-vector,vectors,数C,Precalculus|Calculus III,near,editorial,,,,,break into components
compute-the-dot-product,内積を計算する,compute the dot product,,phrase,jp-suugaku-c-vector,vectors,数C,Precalculus|Calculus III,exact,editorial,,,,,
find-the-angle-between,なす角を求める,find the angle between,,phrase,jp-suugaku-c-vector,vectors,数C,Precalculus|Calculus III,exact,editorial,,,,,
are-linearly-independent,一次独立である,are linearly independent,,phrase,jp-suugaku-c-vector,vectors,数C,Precalculus|Calculus III,exact,editorial,線型独立,Linear independence,Q27670,wiki-redirect,
write-in-components,成分で表す,write in components,,phrase,jp-suugaku-c-vector,vectors,数C,Precalculus|Calculus III,exact,editorial,,,,,
find-the-magnitude,大きさを求める,find the magnitude,,phrase,jp-suugaku-c-vector,vectors,数C,Precalculus|Calculus III,exact,editorial,,,,,
represent-by-an-arrow,矢印で表す,represent by an arrow,,phrase,jp-suugaku-c-vector,vectors,数C,Precalculus|Calculus III,exact,editorial,,,,,
let-p-be-the-position-vector-of-p,点 P の位置ベクトルを p とする,let p be the position vector of P,,phrase,jp-suugaku-c-vector,vectors,数C,Precalculus|Calculus III,exact,editorial,,,,,
express-as-a-vector,ベクトルで表す,express as a vector,,phrase,jp-suugaku-c-vector,vectors,数C,Precalculus|Calculus III,exact,editorial,,,,,
using-real-numbers-s-and-t,"実数 s, t を用いて",using real numbers s and t,,phrase,jp-suugaku-c-vector,vectors,数C,Precalculus|Calculus III,exact,editorial,,,,,
properties-of-the-dot-product,内積の性質,properties of the dot product,,noun,jp-suugaku-c-vector,vectors,数C,Precalculus|Calculus III,exact,editorial,,,,,
ellipse,楕円,ellipse,,noun,jp-suugaku-c-kyokusen-to-fukuso-heimen,complex-numbers,数C,Precalculus,exact,wikipedia-langlink,楕円,Ellipse,Q40112,,
conic-section,二次曲線,conic section,,noun,jp-suugaku-c-kyokusen-to-fukuso-heimen,complex-numbers,数C,Precalculus,exact,wikipedia-langlink,円錐曲線,Conic section,Q124255,,
focus,焦点,focus,,noun,jp-suugaku-c-kyokusen-to-fukuso-heimen,complex-numbers,数C,Precalculus,exact,wikipedia-langlink,焦点 (幾何学),Focus (geometry),Q3568,,
directrix,準線,directrix,,noun,jp-suugaku-c-kyokusen-to-fukuso-heimen,complex-numbers,数C,Precalculus,exact,editorial,,,,wiki-disambig,
major-axis,長軸,major axis,,noun,jp-suugaku-c-kyokusen-to-fukuso-heimen,complex-numbers,数C,Precalculus,exact,editorial,楕円,Ellipse,Q40112,wiki-redirect,
minor-axis,短軸,minor axis,,noun,jp-suugaku-c-kyokusen-to-fukuso-heimen,complex-numbers,数C,Precalculus,exact,editorial,楕円,Ellipse,Q40112,wiki-redirect,
transverse-axis,主軸,transverse axis,,noun,jp-suugaku-c-kyokusen-to-fukuso-heimen,complex-numbers,数C,Precalculus,exact,editorial,主軸,,Q11368795,wiki-nonmath,
eccentricity,離心率,eccentricity,,noun,jp-suugaku-c-kyokusen-to-fukuso-heimen,complex-numbers,数C,Precalculus,exact,wikipedia-langlink,離心率,Eccentricity (mathematics),Q104486,,
conic,円錐曲線,conic,conic sections [precalculus-conics],noun,jp-suugaku-c-kyokusen-to-fukuso-heimen,complex-numbers,数C,Precalculus,exact,wikipedia-langlink,円錐曲線,Conic section,Q124255,ja-merged,
standard-form-of-a-conic,二次曲線の標準形,standard form of a conic,,noun,jp-suugaku-c-kyokusen-to-fukuso-heimen,complex-numbers,数C,Precalculus,exact,editorial,,,,,
translated-conics,二次曲線の平行移動,translated conics,,noun,jp-suugaku-c-kyokusen-to-fukuso-heimen,complex-numbers,数C,Precalculus,exact,editorial,,,,,
conics-and-lines,二次曲線と直線,conics and lines,,noun,jp-suugaku-c-kyokusen-to-fukuso-heimen,complex-numbers,数C,Precalculus,exact,editorial,,,,,
cycloid,サイクロイド,cycloid,,noun,jp-suugaku-c-kyokusen-to-fukuso-heimen,complex-numbers,数C,Precalculus,exact,wikidata,サイクロイド,,Q204072,,
polar-coordinates,極座標,polar coordinates,,noun,jp-suugaku-c-kyokusen-to-fukuso-heimen,complex-numbers,数C,Precalculus,exact,wikipedia-langlink,極座標系,Polar coordinate system,Q62494,,
pole,極,pole,,noun,jp-suugaku-c-kyokusen-to-fukuso-heimen,complex-numbers,数C,Precalculus,exact,wikipedia-langlink,極 (複素解析),Zeros and poles,Q899731,,
polar-angle,偏角,polar angle,,noun,jp-suugaku-c-kyokusen-to-fukuso-heimen,complex-numbers,数C,Precalculus,near,editorial,,,,wiki-disambig,極座標の θ。複素数では argument
polar-equation,極方程式,polar equation,,noun,jp-suugaku-c-kyokusen-to-fukuso-heimen,complex-numbers,数C,Precalculus,exact,editorial,,,,,
rectangular-coordinates,直交座標,rectangular coordinates,,noun,jp-suugaku-c-kyokusen-to-fukuso-heimen,complex-numbers,数C,Precalculus,near,editorial,直交曲線座標,,Q2588831,wiki-redirect,Cartesian coordinates
complex-plane,複素数平面,complex plane,,noun,jp-suugaku-c-kyokusen-to-fukuso-heimen,complex-numbers,数C,Precalculus,exact,editorial,複素平面,Complex plane,Q328998,wiki-redirect,
real-axis,実軸,real axis,,noun,jp-suugaku-c-kyokusen-to-fukuso-heimen,complex-numbers,数C,Precalculus,exact,editorial,実数直線,,Q29654355,wiki-redirect,
imaginary-axis,虚軸,imaginary axis,,noun,jp-suugaku-c-kyokusen-to-fukuso-heimen,complex-numbers,数C,Precalculus,exact,editorial,虚数,Imaginary number,Q9165172,wiki-redirect,
modulus-heimen,複素数の絶対値,modulus,,noun,jp-suugaku-c-kyokusen-to-fukuso-heimen,complex-numbers,数C,Precalculus,near,wikidata,複素数の絶対値,,Q3317982,id-dedup,absolute value of a complex number
argument-heimen,複素数の偏角,argument,,noun,jp-suugaku-c-kyokusen-to-fukuso-heimen,complex-numbers,数C,Precalculus,exact,wikidata,複素数の偏角,,Q1780131,id-dedup,
polar-form,極形式,polar form,,noun,jp-suugaku-c-kyokusen-to-fukuso-heimen,complex-numbers,数C,Precalculus,exact,editorial,複素数,Complex number,Q11567,wiki-redirect,
de-moivres-theorem,ド・モアブルの定理,De Moivre's theorem,,noun,jp-suugaku-c-kyokusen-to-fukuso-heimen,complex-numbers,数C,Precalculus,exact,wikipedia-langlink,ド・モアブルの定理,De Moivre's formula,Q190556,,
nth-root-heimen,n 乗根,nth root,,noun,jp-suugaku-c-kyokusen-to-fukuso-heimen,complex-numbers,数C,Precalculus,exact,editorial,,,,id-dedup,
nth-roots-of-unity,1 の n 乗根,nth roots of unity,,noun,jp-suugaku-c-kyokusen-to-fukuso-heimen,complex-numbers,数C,Precalculus,exact,editorial,,,,,
product-and-quotient-of-complex-numbers,複素数の積と商,product and quotient of complex numbers,,noun,jp-suugaku-c-kyokusen-to-fukuso-heimen,complex-numbers,数C,Precalculus,exact,editorial,,,,,
rotation-heimen,回転,rotation,,noun,jp-suugaku-c-kyokusen-to-fukuso-heimen,complex-numbers,数C,Precalculus,exact,wikidata,回転,,Q107617,id-dedup,
geometry-with-complex-numbers,複素数と図形,geometry with complex numbers,,noun,jp-suugaku-c-kyokusen-to-fukuso-heimen,complex-numbers,数C,Precalculus,exact,editorial,,,,,
eulers-formula,オイラーの公式,Euler's formula,,noun,jp-suugaku-c-kyokusen-to-fukuso-heimen,complex-numbers,数C,Precalculus,exact,wikipedia-langlink,オイラーの公式,Euler's formula,Q184871,,
write-in-polar-coordinates,極座標で表す,write in polar coordinates,,phrase,jp-suugaku-c-kyokusen-to-fukuso-heimen,complex-numbers,数C,Precalculus,exact,editorial,,,,,
write-in-polar-form,極形式で表す,write in polar form,,phrase,jp-suugaku-c-kyokusen-to-fukuso-heimen,complex-numbers,数C,Precalculus,exact,editorial,,,,,
convert-to-rectangular-coordinates,直交座標に直す,convert to rectangular coordinates,,phrase,jp-suugaku-c-kyokusen-to-fukuso-heimen,complex-numbers,数C,Precalculus,exact,editorial,,,,,
find-the-foci,焦点を求める,find the foci,,phrase,jp-suugaku-c-kyokusen-to-fukuso-heimen,complex-numbers,数C,Precalculus,exact,editorial,,,,,
find-the-eccentricity,離心率を求める,find the eccentricity,,phrase,jp-suugaku-c-kyokusen-to-fukuso-heimen,complex-numbers,数C,Precalculus,exact,editorial,,,,,
find-the-modulus-and-argument,絶対値と偏角を求める,find the modulus and argument,,phrase,jp-suugaku-c-kyokusen-to-fukuso-heimen,complex-numbers,数C,Precalculus,exact,editorial,,,,,
raise-to-the-nth-power,n 乗する,raise to the nth power,,phrase,jp-suugaku-c-kyokusen-to-fukuso-heimen,complex-numbers,数C,Precalculus,exact,editorial,,,,,
rotate-about-the-origin,原点のまわりに回転する,rotate about the origin,,phrase,jp-suugaku-c-kyokusen-to-fukuso-heimen,complex-numbers,数C,Precalculus,exact,editorial,,,,,
represent-the-complex-number-as-a-point,複素数を点で表す,represent the complex number as a point,,phrase,jp-suugaku-c-kyokusen-to-fukuso-heimen,complex-numbers,数C,Precalculus,exact,editorial,,,,,
take-the-argument,偏角をとる,take the argument,,phrase,jp-suugaku-c-kyokusen-to-fukuso-heimen,complex-numbers,数C,Precalculus,exact,editorial,,,,,
distance-between-two-complex-numbers,複素数平面上の 2 点間の距離,distance between two complex numbers,,noun,jp-suugaku-c-kyokusen-to-fukuso-heimen,complex-numbers,数C,Precalculus,exact,editorial,,,,,
sketch-the-curve-heimen,曲線をかく,sketch the curve,,phrase,jp-suugaku-c-kyokusen-to-fukuso-heimen,complex-numbers,数C,Precalculus,exact,editorial,,,,id-dedup,
the-figure-traced-by-z,点 z が描く図形,the figure traced by z,,noun,jp-suugaku-c-kyokusen-to-fukuso-heimen,complex-numbers,数C,Precalculus,near,editorial,,,,,the locus of z
condition-to-be-purely-imaginary,純虚数となる条件,condition to be purely imaginary,,noun,jp-suugaku-c-kyokusen-to-fukuso-heimen,complex-numbers,数C,Precalculus,exact,editorial,,,,,
condition-to-be-real,実数となる条件,condition to be real,,noun,jp-suugaku-c-kyokusen-to-fukuso-heimen,complex-numbers,数C,Precalculus,exact,editorial,,,,,
matrix,行列,matrix,,noun,jp-suugaku-c-hyougen-no-kufuu,linear-algebra,数C,Precalculus|Linear Algebra,exact,wikipedia-langlink,行列,Matrix (mathematics),Q44337,,
row,行,row,,noun,jp-suugaku-c-hyougen-no-kufuu,linear-algebra,数C,Precalculus|Linear Algebra,exact,editorial,,,,wiki-disambig,
column,列,column,,noun,jp-suugaku-c-hyougen-no-kufuu,linear-algebra,数C,Precalculus|Linear Algebra,exact,wikipedia-langlink,列 (数学),Sequence,Q133250,,
entry,成分,entry,,noun,jp-suugaku-c-hyougen-no-kufuu,linear-algebra,数C,Precalculus|Linear Algebra,near,editorial,,,,wiki-disambig,element / component
square-matrix,正方行列,square matrix,,noun,jp-suugaku-c-hyougen-no-kufuu,linear-algebra,数C,Precalculus|Linear Algebra,exact,wikipedia-langlink,正方行列,Square matrix,Q2739329,,
identity-matrix,単位行列,identity matrix,,noun,jp-suugaku-c-hyougen-no-kufuu,linear-algebra,数C,Precalculus|Linear Algebra,exact,wikipedia-langlink,単位行列,Identity matrix,Q193794,,
zero-matrix,零行列,zero matrix,,noun,jp-suugaku-c-hyougen-no-kufuu,linear-algebra,数C,Precalculus|Linear Algebra,exact,wikipedia-langlink,零行列,Zero matrix,Q338028,,
inverse-matrix,逆行列,inverse matrix,inverse of a matrix [precalculus-matrices-and-systems],noun,jp-suugaku-c-hyougen-no-kufuu,linear-algebra,数C,Precalculus|Linear Algebra,exact,editorial,正則行列,Invertible matrix,Q242188,ja-merged wiki-redirect,
matrix-multiplication,行列の積,matrix multiplication,,noun,jp-suugaku-c-hyougen-no-kufuu,linear-algebra,数C,Precalculus|Linear Algebra,exact,editorial,行列の乗法,,Q1049914,wiki-redirect,
determinant,行列式,determinant,,noun,jp-suugaku-c-hyougen-no-kufuu,linear-algebra,数C,Precalculus|Linear Algebra,exact,wikipedia-langlink,行列式,Determinant,Q178546,,
linear-transformation,一次変換,linear transformation,,noun,jp-suugaku-c-hyougen-no-kufuu,linear-algebra,数C,Precalculus|Linear Algebra,exact,editorial,線型写像,Linear map,Q207643,wiki-redirect,
solving-systems-with-matrices,連立一次方程式と行列,solving systems with matrices,,noun,jp-suugaku-c-hyougen-no-kufuu,linear-algebra,数C,Precalculus|Linear Algebra,exact,editorial,,,,,
statistical-graph,統計グラフ,statistical graph,,noun,jp-suugaku-c-hyougen-no-kufuu,linear-algebra,数C,Precalculus|Linear Algebra,exact,editorial,,,,,
graph-kufuu,離散グラフ,graph,,noun,jp-suugaku-c-hyougen-no-kufuu,linear-algebra,数C,Precalculus|Linear Algebra,near,editorial,,,,id-dedup,graph theory の graph
vertex-graph,頂点（グラフ）,vertex,,noun,jp-suugaku-c-hyougen-no-kufuu,linear-algebra,数C,Precalculus|Linear Algebra,exact,editorial,,,,,グラフ理論
edge-kufuu,辺（グラフ）,edge,,noun,jp-suugaku-c-hyougen-no-kufuu,linear-algebra,数C,Precalculus|Linear Algebra,exact,editorial,,,,id-dedup,
path-kufuu,経路（グラフ）,path,,noun,jp-suugaku-c-hyougen-no-kufuu,linear-algebra,数C,Precalculus|Linear Algebra,exact,editorial,,,,id-dedup,
eulerian-path,一筆書き,Eulerian path,,noun,jp-suugaku-c-hyougen-no-kufuu,linear-algebra,数C,Precalculus|Linear Algebra,near,wikipedia-langlink,一筆書き,Seven Bridges of Königsberg,Q33100,,traversable graph
adjacency-matrix,隣接行列,adjacency matrix,,noun,jp-suugaku-c-hyougen-no-kufuu,linear-algebra,数C,Precalculus|Linear Algebra,exact,wikipedia-langlink,隣接行列,Adjacency matrix,Q727035,,
tree,木（グラフ）,tree,,noun,jp-suugaku-c-hyougen-no-kufuu,linear-algebra,数C,Precalculus|Linear Algebra,exact,editorial,,,,,
line-graph,折れ線グラフ,line graph,,noun,jp-suugaku-c-hyougen-no-kufuu,linear-algebra,数C,Precalculus|Linear Algebra,exact,wikidata,折れ線グラフ,,Q776115,,
pie-chart,円グラフ,pie chart,,noun,jp-suugaku-c-hyougen-no-kufuu,linear-algebra,数C,Precalculus|Linear Algebra,exact,wikidata,円グラフ,,Q273404,,
stacked-bar-chart,帯グラフ,stacked bar chart,,noun,jp-suugaku-c-hyougen-no-kufuu,linear-algebra,数C,Precalculus|Linear Algebra,near,editorial,統計図表,Chart,Q28923,wiki-redirect,米国では 100% stacked bar
multiply-the-matrices,行列を掛ける,multiply the matrices,,phrase,jp-suugaku-c-hyougen-no-kufuu,linear-algebra,数C,Precalculus|Linear Algebra,exact,editorial,,,,,
find-the-inverse-kufuu,逆行列を求める,find the inverse,,phrase,jp-suugaku-c-hyougen-no-kufuu,linear-algebra,数C,Precalculus|Linear Algebra,exact,editorial,,,,id-dedup,
organize-in-a-table,表に整理する,organize in a table,,phrase,jp-suugaku-c-hyougen-no-kufuu,linear-algebra,数C,Precalculus|Linear Algebra,exact,editorial,,,,,
represent-with-a-graph,グラフで表す,represent with a graph,,phrase,jp-suugaku-c-hyougen-no-kufuu,linear-algebra,数C,Precalculus|Linear Algebra,exact,editorial,,,,,
order-of-operations,演算の順序,order of operations,,noun,us-pre-algebra-expressions-and-equations,algebra,大学,Pre-Algebra,near,wikidata,演算子の優先順位,,Q845118,,日本では名前をつけずに教える
pemdas,PEMDAS,PEMDAS,,noun,us-pre-algebra-expressions-and-equations,algebra,—,Pre-Algebra,none,textbook,,,,,"演算順序の覚え方（Parentheses, Exponents, Multiplication/Division, Addition/Subtraction）"
tick-mark,数直線上の目盛り,tick mark,,noun,us-pre-algebra-expressions-and-equations,algebra,—,Pre-Algebra,none,textbook,,,,,日本では名前がない
distribute-equations,分配して展開する,distribute,,verb,us-pre-algebra-expressions-and-equations,algebra,大学,Pre-Algebra,exact,textbook,,,,id-dedup,米国では中学から distribute を動詞で使う
evaluate-equations,式を評価する,evaluate,,verb,us-pre-algebra-expressions-and-equations,algebra,大学,Pre-Algebra,near,textbook,,,,id-dedup,「式の値を求める」の米国側の定番動詞
simplify-equations,単純化する,simplify,,verb,us-pre-algebra-expressions-and-equations,algebra,大学,Pre-Algebra,exact,textbook,,,,id-dedup,
undo-operation,逆演算で解く,undo,,verb,us-pre-algebra-expressions-and-equations,algebra,大学,Pre-Algebra,near,textbook,,,,,方程式を解くときの「逆の操作をする」
keep-the-equation-balanced,両辺を等しく保つ,keep the equation balanced,,phrase,us-pre-algebra-expressions-and-equations,algebra,大学,Pre-Algebra,near,textbook,,,,,balance model
check-by-substituting,数を代入して確かめる,check by substituting,,phrase,us-pre-algebra-expressions-and-equations,algebra,大学,Pre-Algebra,exact,textbook,,,,,
unit-rate,単位あたりの量,unit rate,,noun,us-pre-algebra-ratios-and-percents,arithmetic,小学校,Pre-Algebra,near,textbook,,,,,日本では「単位量あたりの大きさ」（小学校）
proportional-relationship,比例関係,proportional relationship,,noun,us-pre-algebra-ratios-and-percents,arithmetic,大学,Pre-Algebra,exact,textbook,,,,,
percent-change,パーセントの増減,percent change,,noun,us-pre-algebra-ratios-and-percents,arithmetic,大学,Pre-Algebra,near,textbook,,,,,percent increase / decrease
sales-tax,税込み価格,sales tax,,noun,us-pre-algebra-ratios-and-percents,arithmetic,—,Pre-Algebra,none,textbook,,,,,文章題の定番
tip,チップ,tip,,noun,us-pre-algebra-ratios-and-percents,arithmetic,—,Pre-Algebra,none,textbook,,,,wiki-disambig,文章題の定番
discount,値引き,discount,,noun,us-pre-algebra-ratios-and-percents,arithmetic,大学,Pre-Algebra,exact,textbook,,,,,
simple-interest,利息,simple interest,,noun,us-pre-algebra-ratios-and-percents,arithmetic,大学,Pre-Algebra,near,textbook,利子,Interest,Q170924,wiki-redirect,単利
convert,換算する,convert,,verb,us-pre-algebra-ratios-and-percents,arithmetic,大学,Pre-Algebra,exact,textbook,,,,,単位の換算。convert feet to inches
foot,フィート,foot,,noun,us-pre-algebra-ratios-and-percents,arithmetic,—,Pre-Algebra,none,wikipedia-langlink,フィート,Foot (unit),Q3710,,"文章題では feet, inches, miles"
mile,マイル,mile,,noun,us-pre-algebra-ratios-and-percents,arithmetic,—,Pre-Algebra,none,wikipedia-langlink,マイル,Mile,Q253276,,
compound-inequality,複合不等式,compound inequality,,noun,us-algebra-1-linear-equations,algebra,大学,Algebra 1,near,textbook,,,,,「連立不等式」に近いが and / or で区別
literal-equation,リテラル方程式,literal equation,,noun,us-algebra-1-linear-equations,algebra,—,Algebra 1,none,textbook,,,,,「文字について解く」公式の変形。日本では名前がない
rearrange-a-formula,公式を変形する,rearrange a formula,,phrase,us-algebra-1-linear-equations,algebra,大学,Algebra 1,exact,textbook,,,,,
graph-the-solution-on-a-number-line,解を数直線に図示する,graph the solution on a number line,,phrase,us-algebra-1-linear-equations,algebra,大学,Algebra 1,exact,textbook,,,,,
consecutive-even-integers,連続する偶数,consecutive even integers,,noun,us-algebra-1-linear-equations,algebra,大学,Algebra 1,exact,textbook,,,,,
interval-notation,区間記法,interval notation,,noun,us-algebra-1-linear-equations,algebra,大学,Algebra 1,none,textbook,,,,,"[a, b) の書き方。日本の高校では使わない。大学で必須"
x > 2}。日本では「条件で表す」,集合の内包的記法,set-builder notation,,noun,us-algebra-1-linear-equations,algebra,大学,Algebra 1,near,textbook,,,,,{x
solution-set-equations,解集合,solution set,,noun,us-algebra-1-linear-equations,algebra,大学,Algebra 1,exact,textbook,,,,id-dedup,
slope-intercept-form,傾き切片形,slope-intercept form,,noun,us-algebra-1-linear-functions,functions,大学,Algebra 1,near,textbook,,,,,y = mx + b。日本の y = ax + b に対応するが名前がない
point-slope-form,点傾き形,point-slope form,,noun,us-algebra-1-linear-functions,functions,—,Algebra 1,none,textbook,,,,,y − y₁ = m(x − x₁)。日本では名前がない
standard-form-of-a-line,直線の標準形,standard form of a line,,noun,us-algebra-1-linear-functions,functions,大学,Algebra 1,near,textbook,,,,,Ax + By = C。日本の一般形 ax + by + c = 0 とは形が違う
slope-formula,傾きの公式,slope formula,,noun,us-algebra-1-linear-functions,functions,大学,Algebra 1,near,textbook,,,,,rise over run
rise-over-run,上昇分 / 水平移動分,rise over run,,phrase,us-algebra-1-linear-functions,functions,—,Algebra 1,none,textbook,,,,,傾きの覚え方
x-intercept-functions,x 切片,x-intercept,,noun,us-algebra-1-linear-functions,functions,大学,Algebra 1,exact,textbook,,,,id-dedup,
function-notation-functions,関数記法,function notation,,noun,us-algebra-1-linear-functions,functions,大学,Algebra 1,exact,textbook,,,,id-dedup,
domain-and-range-functions,定義域と値域,domain and range,,noun,us-algebra-1-linear-functions,functions,大学,Algebra 1,exact,textbook,,,,id-dedup,
arithmetic-sequence-functions,算術数列,arithmetic sequence,,noun,us-algebra-1-linear-functions,functions,大学,Algebra 1,exact,textbook,等差数列,Arithmetic progression,Q170008,id-dedup wiki-redirect,Algebra 1 では一次関数の文脈で
piecewise-function,区分的関数,piecewise function,,noun,us-algebra-1-linear-functions,functions,大学,Algebra 1,near,textbook,,,,,日本の高校では名前をつけずに扱う
absolute-value-function,絶対値関数,absolute value function,,noun,us-algebra-1-linear-functions,functions,大学,Algebra 1,exact,textbook,,,,,
step-function,階段関数,step function,,noun,us-algebra-1-linear-functions,functions,大学,Algebra 1,exact,wikipedia-langlink,階段関数,Step function,Q917657,,
linear-modeling,一次関数のモデル化,linear modeling,,noun,us-algebra-1-linear-functions,functions,大学,Algebra 1,near,textbook,,,,,
line-of-best-fit,最適直線,line of best fit,,noun,us-algebra-1-linear-functions,functions,大学,Algebra 1,near,textbook,,,,,回帰直線。目分量で引くことも
trend-line,散布図の傾向,trend line,,noun,us-algebra-1-linear-functions,functions,大学,Algebra 1,near,textbook,,,,,
correlation-vs-causation,相関と因果,correlation vs. causation,,noun,us-algebra-1-linear-functions,functions,大学,Algebra 1,exact,textbook,,,,,
negative-reciprocal,逆数の負,negative reciprocal,,noun,us-algebra-1-linear-functions,functions,—,Algebra 1,none,textbook,,,,,垂直な直線の傾きの関係。日本では「積が −1」
parallel-lines-have-equal-slopes,平行な直線の傾きは等しい,parallel lines have equal slopes,,phrase,us-algebra-1-linear-functions,functions,大学,Algebra 1,exact,textbook,,,,,
perpendicular-lines-have-negative-reciprocal-slopes,垂直判定,perpendicular lines have negative reciprocal slopes,,phrase,us-algebra-1-linear-functions,functions,大学,Algebra 1,near,textbook,,,,,
elimination-method,消去法,elimination method,,noun,us-algebra-1-systems,algebra,大学,Algebra 1,near,wikipedia-langlink,消去法,Process of elimination,Q7247293,,加減法
solving-by-graphing,グラフによる解法,solving by graphing,,noun,us-algebra-1-systems,algebra,大学,Algebra 1,exact,textbook,,,,,
graphing-systems-of-inequalities,連立不等式のグラフ,graphing systems of inequalities,,noun,us-algebra-1-systems,algebra,大学,Algebra 1,exact,textbook,,,,,
inconsistent-system,矛盾する連立方程式,inconsistent system,,noun,us-algebra-1-systems,algebra,大学,Algebra 1,near,textbook,,,,,解なし。日本では名前がない
dependent-system,従属な連立方程式,dependent system,,noun,us-algebra-1-systems,algebra,大学,Algebra 1,near,textbook,,,,,解が無数。日本では名前がない
independent-system,独立な連立方程式,independent system,,noun,us-algebra-1-systems,algebra,大学,Algebra 1,near,textbook,,,,,ただ 1 組の解
growth-rate,成長率,growth rate,,noun,us-algebra-1-exponents-and-exponential-functions,functions,大学,Algebra 1,exact,textbook,,,,wiki-disambig,
compound-interest,複利,compound interest,,noun,us-algebra-1-exponents-and-exponential-functions,functions,大学,Algebra 1,exact,wikipedia-langlink,複利,Compound interest,Q959606,,
half-life,半減期,half-life,,noun,us-algebra-1-exponents-and-exponential-functions,functions,大学,Algebra 1,exact,wikipedia-langlink,半減期,Half-life,Q47270,,
scientific-notation,科学的記数法,scientific notation,,noun,us-algebra-1-exponents-and-exponential-functions,functions,大学,Algebra 1,near,textbook,指数表記,Scientific notation,Q219142,wiki-redirect,日本の「a × 10ⁿ の形」。中1 で扱う
geometric-sequence-functions,幾何数列,geometric sequence,,noun,us-algebra-1-exponents-and-exponential-functions,functions,大学,Algebra 1,exact,textbook,等比数列,Geometric progression,Q173523,id-dedup wiki-redirect,
foil,FOIL,FOIL,,noun,us-algebra-1-polynomials-and-factoring,algebra,—,Algebra 1,none,textbook,,,,,"二項式の積の覚え方（First, Outer, Inner, Last）"
greatest-common-factor,最大公約因数,greatest common factor,,noun,us-algebra-1-polynomials-and-factoring,algebra,大学,Algebra 1,near,textbook,,,,,GCF。日本の最大公約数（数）と式の共通因数を同じ語で言う
factoring-by-grouping,グループ分けによる因数分解,factoring by grouping,,noun,us-algebra-1-polynomials-and-factoring,algebra,大学,Algebra 1,near,textbook,,,,,たすき掛けの代替
ac-method,ac 法,ac method,,noun,us-algebra-1-polynomials-and-factoring,algebra,—,Algebra 1,none,textbook,,,,,たすき掛けの米国版
box-method,ボックス法,box method,,noun,us-algebra-1-polynomials-and-factoring,algebra,—,Algebra 1,none,textbook,,,,,面積モデルで因数分解・展開
area-model,面積モデル,area model,,noun,us-algebra-1-polynomials-and-factoring,algebra,—,Algebra 1,none,textbook,,,,,
perfect-square-trinomial-factoring,完全平方三項式,perfect square trinomial,,noun,us-algebra-1-polynomials-and-factoring,algebra,大学,Algebra 1,exact,textbook,,,,id-dedup,
zero-product-property-factoring,零積の性質,zero product property,,noun,us-algebra-1-polynomials-and-factoring,algebra,大学,Algebra 1,near,textbook,,,,id-dedup,日本では名前をつけない
standard-form-of-a-polynomial,多項式の標準形,standard form of a polynomial,,noun,us-algebra-1-polynomials-and-factoring,algebra,大学,Algebra 1,near,textbook,,,,,降べきの順
leading-coefficient-factoring,主係数,leading coefficient,,noun,us-algebra-1-polynomials-and-factoring,algebra,大学,Algebra 1,exact,textbook,,,,id-dedup,
prime-polynomial,素多項式,prime polynomial,,noun,us-algebra-1-polynomials-and-factoring,algebra,—,Algebra 1,none,textbook,,,,,これ以上因数分解できない多項式
factor-completely,完全に因数分解する,factor completely,,phrase,us-algebra-1-polynomials-and-factoring,algebra,大学,Algebra 1,exact,textbook,,,,,
check-by-multiplying,かけ算で確かめる,check by multiplying,,phrase,us-algebra-1-polynomials-and-factoring,algebra,大学,Algebra 1,exact,textbook,,,,,
vertex-form-quadratics,頂点形,vertex form,,noun,us-algebra-1-quadratics,functions,大学,Algebra 1,near,textbook,,,,id-dedup,日本の「標準形」y = a(x−p)² + q
axis-of-symmetry-quadratics,放物線の軸,axis of symmetry,,noun,us-algebra-1-quadratics,functions,大学,Algebra 1,exact,textbook,,,,id-dedup,
maximum-or-minimum-point,最大点・最小点,maximum or minimum point,,noun,us-algebra-1-quadratics,functions,大学,Algebra 1,exact,textbook,,,,,
root,根,root,,noun,us-algebra-1-quadratics,functions,大学,Algebra 1,near,wikipedia-langlink,根,Root,Q41500,,方程式の解。zero / x-intercept とも
zero,零点,zero,,noun,us-algebra-1-quadratics,functions,大学,Algebra 1,near,wikipedia-langlink,零点,Zero (complex analysis),Q588247,,関数の零点。日本の高校では「x 軸との共有点」
solve-by-taking-square-roots,平方根をとって解く,solve by taking square roots,,phrase,us-algebra-1-quadratics,functions,大学,Algebra 1,exact,textbook,,,,,
solve-by-completing-the-square,平方完成で解く,solve by completing the square,,phrase,us-algebra-1-quadratics,functions,大学,Algebra 1,exact,textbook,,,,,
solve-using-the-quadratic-formula,解の公式で解く,solve using the quadratic formula,,phrase,us-algebra-1-quadratics,functions,大学,Algebra 1,exact,textbook,,,,,
use-the-discriminant-to-count-solutions,判別式で解の個数を判定する,use the discriminant to count solutions,,phrase,us-algebra-1-quadratics,functions,大学,Algebra 1,exact,textbook,,,,,
read-off-the-vertex,放物線の頂点を読む,read off the vertex,,phrase,us-algebra-1-quadratics,functions,大学,Algebra 1,exact,textbook,,,,,
projectile-motion,投射運動,projectile motion,,noun,us-algebra-1-quadratics,functions,大学,Algebra 1,near,textbook,,,,,文章題の定番。「投げ上げ」
transformations-of-functions,関数の変換,transformations of functions,function transformations [algebra-2-functions],noun,us-algebra-1-quadratics,functions,大学,Algebra 1,near,textbook,,,,ja-merged,平行移動・対称移動・伸縮をまとめて
vertical-stretch,垂直方向の伸縮,vertical stretch,,noun,us-algebra-1-quadratics,functions,大学,Algebra 1,near,textbook,,,,,
horizontal-compression,水平方向の伸縮,horizontal compression,,noun,us-algebra-1-quadratics,functions,大学,Algebra 1,near,textbook,,,,,
x,親関数,parent function,,noun,us-algebra-1-quadratics,functions,大学,Algebra 1,none,textbook,,,,,"y = x², y ="
radical-expression,根号式,radical expression,,noun,us-algebra-1-radicals,arithmetic,大学,Algebra 1,exact,textbook,,,,,
simplify-radicals,根号を簡単にする,simplify radicals,,phrase,us-algebra-1-radicals,arithmetic,大学,Algebra 1,exact,textbook,,,,,
add-and-subtract-radicals,根号式の加減,add and subtract radicals,,phrase,us-algebra-1-radicals,arithmetic,大学,Algebra 1,exact,textbook,,,,,
like-radicals,同類根号,like radicals,,noun,us-algebra-1-radicals,arithmetic,—,Algebra 1,none,textbook,,,,,√2 と 3√2 のように根号の中が同じもの
radical-equation,根号方程式,radical equation,,noun,us-algebra-1-radicals,arithmetic,大学,Algebra 1,near,textbook,,,,,日本では無理方程式（数III）
extraneous-solution,無縁解,extraneous solution,,noun,us-algebra-1-radicals,arithmetic,大学,Algebra 1,near,textbook,,,,,両辺を 2 乗して生じる余分な解。日本では「解の吟味」で落とす
square-both-sides,両辺を 2 乗する,square both sides,,phrase,us-algebra-1-radicals,arithmetic,大学,Algebra 1,exact,textbook,,,,,
dot-plot,ドットプロット,dot plot,,noun,us-algebra-1-statistics,statistics,—,Algebra 1,none,wikipedia-langlink,ドットプロット,Dot plot (statistics),Q3268533,,日本では扱わない
stem-and-leaf-plot,幹葉図,stem-and-leaf plot,,noun,us-algebra-1-statistics,statistics,—,Algebra 1,none,textbook,幹葉表示,,Q737802,wiki-redirect,日本の教科書では稀
two-way-table,二元分割表,two-way table,,noun,us-algebra-1-statistics,statistics,大学,Algebra 1,near,textbook,,,,,クロス集計表
skewed-distribution,歪度のある分布,skewed distribution,,noun,us-algebra-1-statistics,statistics,大学,Algebra 1,near,textbook,,,,,「偏った分布」
symmetric-distribution,左右対称な分布,symmetric distribution,,noun,us-algebra-1-statistics,statistics,大学,Algebra 1,exact,textbook,,,,,
mean-absolute-deviation,平均絶対偏差,mean absolute deviation,,noun,us-algebra-1-statistics,statistics,—,Algebra 1,none,textbook,,,,,日本では扱わない
residual,残差,residual,,noun,us-algebra-1-statistics,statistics,大学,Algebra 1,exact,textbook,,,,wiki-disambig,大学の統計で
undefined-terms,点・直線・平面,undefined terms,,noun,us-geometry-foundations,geometry,大学,Geometry,none,textbook,,,,,無定義用語
collinear-points,共線の点,collinear points,,noun,us-geometry-foundations,geometry,大学,Geometry,exact,textbook,,,,,
coplanar-points,共面の点,coplanar points,,noun,us-geometry-foundations,geometry,大学,Geometry,exact,textbook,,,,,
segment-length,線分の長さ,segment length,,noun,us-geometry-foundations,geometry,大学,Geometry,exact,textbook,,,,,
segment-addition-postulate,線分の加法公理,segment addition postulate,,noun,us-geometry-foundations,geometry,—,Geometry,none,textbook,,,,,米国の幾何のみ
angle-addition-postulate,角の加法公理,angle addition postulate,,noun,us-geometry-foundations,geometry,—,Geometry,none,textbook,,,,,
protractor,分度器,protractor,,noun,us-geometry-foundations,geometry,大学,Geometry,exact,wikipedia-langlink,分度器,Protractor,Q204984,,小学校
adjacent-angles,隣接角,adjacent angles,,noun,us-geometry-foundations,geometry,大学,Geometry,near,textbook,,,,,日本では名前をつけない
linear-pair,一直線をなす角,linear pair,,noun,us-geometry-foundations,geometry,—,Geometry,none,textbook,,,,,隣り合って 180° になる 2 角
postulate,公準,postulate,,noun,us-geometry-foundations,geometry,大学,Geometry,near,textbook,公理,Axiom,Q17736,wiki-redirect,公理
midpoint-formula,中点公式,midpoint formula,,noun,us-geometry-foundations,geometry,大学,Geometry,exact,textbook,,,,,
classifying-angles,角の分類,classifying angles,,noun,us-geometry-foundations,geometry,大学,Geometry,exact,textbook,,,,,
straight-angle,平角,straight angle,,noun,us-geometry-foundations,geometry,大学,Geometry,near,textbook,,,,,180° の角。日本では名前を使わない
reflex-angle,優角,reflex angle,,noun,us-geometry-foundations,geometry,大学,Geometry,near,textbook,,,,,180° を超える角
inductive-reasoning,帰納的推論,inductive reasoning,,noun,us-geometry-reasoning-and-proof,proof,大学,Geometry,exact,textbook,,,,,
deductive-reasoning,演繹的推論,deductive reasoning,,noun,us-geometry-reasoning-and-proof,proof,大学,Geometry,exact,textbook,演繹,Deductive reasoning,Q484284,wiki-redirect,
conditional-statement,条件文,conditional statement,,noun,us-geometry-reasoning-and-proof,proof,大学,Geometry,near,textbook,,,,wiki-disambig,「p ならば q」の形の命題
biconditional,双条件文,biconditional,,noun,us-geometry-reasoning-and-proof,proof,大学,Geometry,near,textbook,,,,,必要十分条件
two-column-proof,二段組みの証明,two-column proof,,noun,us-geometry-reasoning-and-proof,proof,—,Geometry,none,textbook,,,,,statements と reasons の 2 列。米国の高校幾何の答案形式
paragraph-proof,段落証明,paragraph proof,,noun,us-geometry-reasoning-and-proof,proof,—,Geometry,none,textbook,,,,,文章で書く証明
flowchart-proof,フローチャート証明,flowchart proof,,noun,us-geometry-reasoning-and-proof,proof,—,Geometry,none,textbook,,,,,
statements-and-reasons,主張と理由,statements and reasons,,noun,us-geometry-reasoning-and-proof,proof,—,Geometry,none,textbook,,,,,二段組み証明の列
given,与えられた条件,given,,noun,us-geometry-reasoning-and-proof,proof,大学,Geometry,near,textbook,,,,,証明の「仮定」。答案では Given: と書く
prove-proof,証明せよ,prove,,verb,us-geometry-reasoning-and-proof,proof,大学,Geometry,exact,textbook,,,,id-dedup,
transitive-property,推移律,transitive property,,noun,us-geometry-reasoning-and-proof,proof,大学,Geometry,exact,textbook,推移関係,Transitive relation,Q64861,wiki-redirect,
reflexive-property,反射律,reflexive property,,noun,us-geometry-reasoning-and-proof,proof,大学,Geometry,exact,textbook,反射関係,Reflexive relation,Q621850,wiki-redirect,
symmetric-property,対称律,symmetric property,,noun,us-geometry-reasoning-and-proof,proof,大学,Geometry,exact,textbook,,,,wiki-disambig,
substitution-property,代入の性質,substitution property,,noun,us-geometry-reasoning-and-proof,proof,大学,Geometry,near,textbook,,,,,等しいものは置き換えられる
law-of-syllogism,三段論法,law of syllogism,,noun,us-geometry-reasoning-and-proof,proof,大学,Geometry,near,wikipedia-langlink,三段論法,Syllogism,Q107342,,米国の幾何で名前つきで教える
law-of-detachment,肯定式,law of detachment,,noun,us-geometry-reasoning-and-proof,proof,大学,Geometry,near,textbook,モーダスポネンス,Modus ponens,Q655742,wiki-redirect wiki-nonmath,modus ponens
by-definition,定義による,by definition,,phrase,us-geometry-reasoning-and-proof,proof,大学,Geometry,exact,textbook,,,,,
inverse-proof,仮定の裏,inverse,,noun,us-geometry-reasoning-and-proof,proof,大学,Geometry,exact,textbook,,,,id-dedup,「裏」
definition-of-congruence,合同の定義,definition of congruence,,noun,us-geometry-reasoning-and-proof,proof,大学,Geometry,exact,textbook,,,,,
ruler-postulate,数直線上の距離,ruler postulate,,noun,us-geometry-reasoning-and-proof,proof,—,Geometry,none,textbook,,,,,
transversal,横断線,transversal,,noun,us-geometry-parallel-and-perpendicular,geometry,大学,Geometry,near,wikidata,横断線,,Q1347094,,2 直線を横切る直線。日本では名前をつけない
alternate-interior-angles-theorem,錯角の定理,alternate interior angles theorem,,noun,us-geometry-parallel-and-perpendicular,geometry,大学,Geometry,exact,textbook,,,,,
corresponding-angles-postulate,同位角の公準,corresponding angles postulate,,noun,us-geometry-parallel-and-perpendicular,geometry,大学,Geometry,exact,textbook,,,,,
alternate-exterior-angles,外錯角,alternate exterior angles,,noun,us-geometry-parallel-and-perpendicular,geometry,—,Geometry,none,textbook,,,,,日本では扱わない
same-side-exterior-angles,同側外角,same-side exterior angles,,noun,us-geometry-parallel-and-perpendicular,geometry,—,Geometry,none,textbook,,,,,
proving-lines-parallel,平行の判定,proving lines parallel,,noun,us-geometry-parallel-and-perpendicular,geometry,大学,Geometry,exact,textbook,,,,,
perpendicular-postulate,垂線の公準,perpendicular postulate,,noun,us-geometry-parallel-and-perpendicular,geometry,—,Geometry,none,textbook,,,,,
slopes-of-parallel-lines,傾きによる平行判定,slopes of parallel lines,,noun,us-geometry-parallel-and-perpendicular,geometry,大学,Geometry,exact,textbook,,,,,
classifying-triangles,三角形の分類,classifying triangles,,noun,us-geometry-congruent-triangles,geometry,大学,Geometry,exact,textbook,,,,,
scalene-triangle,不等辺三角形,scalene triangle,,noun,us-geometry-congruent-triangles,geometry,大学,Geometry,exact,wikipedia-langlink,三角形,Triangle,Q19821,,
isosceles-triangle-triangles,等脚三角形,isosceles triangle,,noun,us-geometry-congruent-triangles,geometry,大学,Geometry,exact,textbook,,,,id-dedup,
equiangular-triangle,等角三角形,equiangular triangle,,noun,us-geometry-congruent-triangles,geometry,大学,Geometry,near,textbook,,,,,正三角形
exterior-angle-theorem,外角定理,exterior angle theorem,,noun,us-geometry-congruent-triangles,geometry,大学,Geometry,exact,wikipedia-langlink,外角定理,Exterior angle theorem,Q5421989,,
sss-congruence,三角形の合同条件 SSS,SSS congruence,,noun,us-geometry-congruent-triangles,geometry,大学,Geometry,exact,textbook,,,,,
sas-congruence,SAS,SAS congruence,,noun,us-geometry-congruent-triangles,geometry,大学,Geometry,exact,textbook,,,,wiki-disambig,
asa-congruence,ASA,ASA congruence,,noun,us-geometry-congruent-triangles,geometry,大学,Geometry,exact,textbook,,,,wiki-disambig,
aas-congruence,AAS,AAS congruence,,noun,us-geometry-congruent-triangles,geometry,大学,Geometry,near,textbook,,,,wiki-disambig,日本では ASA に含めて扱う
hl-congruence,HL,HL congruence,,noun,us-geometry-congruent-triangles,geometry,大学,Geometry,near,textbook,,,,wiki-disambig,直角三角形の合同条件（斜辺と 1 辺）
cpctc,CPCTC,CPCTC,,noun,us-geometry-congruent-triangles,geometry,—,Geometry,none,textbook,,,,,corresponding parts of congruent triangles are congruent。証明の理由として書く定番
isosceles-triangle-theorem,二等辺三角形の定理,isosceles triangle theorem,,noun,us-geometry-congruent-triangles,geometry,大学,Geometry,exact,textbook,,,,,
base-angles-theorem,底角定理,base angles theorem,,noun,us-geometry-congruent-triangles,geometry,大学,Geometry,exact,textbook,,,,,
rigid-motion,合同変換,rigid motion,,noun,us-geometry-congruent-triangles,geometry,大学,Geometry,near,textbook,等長写像,Isometry,Q740207,wiki-redirect,移動（平行移動・回転・対称移動）
prove-triangles-congruent,合同を示す,prove triangles congruent,,phrase,us-geometry-congruent-triangles,geometry,大学,Geometry,exact,textbook,,,,,
corresponding-parts,対応する部分,corresponding parts,,noun,us-geometry-congruent-triangles,geometry,大学,Geometry,exact,textbook,,,,,
dilation,拡大・縮小,dilation,,noun,us-geometry-similarity,geometry,大学,Geometry,near,textbook,,,,,相似変換
scale-factor,拡大率,scale factor,,noun,us-geometry-similarity,geometry,大学,Geometry,near,textbook,,,,,相似比
aa-similarity,AA 相似,AA similarity,,noun,us-geometry-similarity,geometry,大学,Geometry,exact,textbook,,,,,
similarity-transformation,相似変換,similarity transformation,,noun,us-geometry-similarity,geometry,大学,Geometry,exact,textbook,行列の相似,,Q254491,wiki-redirect,
triangle-proportionality-theorem,三角形の比例定理,triangle proportionality theorem,,noun,us-geometry-similarity,geometry,大学,Geometry,near,textbook,,,,,平行線と線分の比
proportional-sides,比例する辺,proportional sides,,noun,us-geometry-similarity,geometry,大学,Geometry,exact,textbook,,,,,
ratio-of-areas-of-similar-figures-similarity,相似比と面積比,ratio of areas of similar figures,,noun,us-geometry-similarity,geometry,大学,Geometry,exact,textbook,,,,id-dedup,
indirect-measurement,間接測定,indirect measurement,,noun,us-geometry-similarity,geometry,大学,Geometry,near,textbook,,,,,影の長さで高さを測る
geometric-mean-similarity,幾何平均,geometric mean,,noun,us-geometry-similarity,geometry,大学,Geometry,exact,wikipedia-langlink,幾何平均,Geometric mean,Q185049,id-dedup,直角三角形の相似で
right-triangle-similarity,直角三角形の相似,right triangle similarity,,noun,us-geometry-similarity,geometry,大学,Geometry,near,textbook,,,,,「斜辺への垂線」
sohcahtoa,SOHCAHTOA,SOHCAHTOA,,noun,us-geometry-right-triangles-and-trig,trigonometry,—,Geometry,none,textbook,,,,,三角比の覚え方
inverse-sine,逆正弦,inverse sine,,noun,us-geometry-right-triangles-and-trig,trigonometry,大学,Geometry,near,textbook,逆三角関数,Inverse trigonometric functions,Q674533,wiki-redirect,sin⁻¹。角度を求めるときに使う。日本の高校では「三角比の表から読む」
use-inverse-trig-to-find-the-angle,角度を求めるために逆三角関数を使う,use inverse trig to find the angle,,phrase,us-geometry-right-triangles-and-trig,trigonometry,—,Geometry,none,textbook,,,,,
solve-the-right-triangle,三角比で辺を求める,solve the right triangle,,phrase,us-geometry-right-triangles-and-trig,trigonometry,大学,Geometry,near,textbook,,,,,「直角三角形を解く」
applications-of-vectors,ベクトルの応用,applications of vectors,,noun,us-geometry-right-triangles-and-trig,trigonometry,大学,Geometry,near,textbook,,,,,幾何での扱い
secant,割線,secant,,noun,us-geometry-circles,geometry,大学,Geometry,near,wikipedia-langlink,割線,Secant line,Q426301,,日本の高校では「円と 2 点で交わる直線」
inscribed-angle-circles,内接角,inscribed angle,,noun,us-geometry-circles,geometry,大学,Geometry,exact,textbook,,,,id-dedup,円周角
intercepted-arc,切片の弧,intercepted arc,,noun,us-geometry-circles,geometry,—,Geometry,none,textbook,,,,,内接角が切り取る弧。日本では「弧に対する」
arc-measure,弧の度数,arc measure,,noun,us-geometry-circles,geometry,大学,Geometry,near,textbook,,,,,弧の中心角の大きさ
major-arc,優弧,major arc,,noun,us-geometry-circles,geometry,大学,Geometry,exact,textbook,,,,,
minor-arc,劣弧,minor arc,,noun,us-geometry-circles,geometry,大学,Geometry,exact,textbook,,,,,
properties-of-chords,弦の性質,properties of chords,,noun,us-geometry-circles,geometry,大学,Geometry,exact,textbook,,,,,
intersecting-chords-theorem,交わる弦の定理,intersecting chords theorem,,noun,us-geometry-circles,geometry,大学,Geometry,near,textbook,,,,,方べきの定理の一部
secant-tangent-theorem,割線と接線の定理,secant-tangent theorem,,noun,us-geometry-circles,geometry,大学,Geometry,near,textbook,,,,,方べきの定理の一部
area-of-a-sector-circles,おうぎ形の面積,area of a sector,,noun,us-geometry-circles,geometry,大学,Geometry,exact,textbook,,,,id-dedup,
arc-length-circles,扇形の弧長,arc length,,noun,us-geometry-circles,geometry,大学,Geometry,exact,textbook,,,,id-dedup,
inscribed-polygon,内接多角形,inscribed polygon,,noun,us-geometry-circles,geometry,大学,Geometry,exact,textbook,,,,,
circumscribed-polygon,外接多角形,circumscribed polygon,,noun,us-geometry-circles,geometry,大学,Geometry,exact,textbook,,,,,
area-of-a-regular-polygon,正多角形の面積,area of a regular polygon,,noun,us-geometry-area-and-volume,geometry,大学,Geometry,exact,textbook,,,,,
apothem,辺心距離,apothem,,noun,us-geometry-area-and-volume,geometry,—,Geometry,none,wikidata,辺心距離,,Q508490,,正多角形の中心から辺への距離。日本では名前がない
composite-figure,合成図形,composite figure,,noun,us-geometry-area-and-volume,geometry,大学,Geometry,near,textbook,,,,,「組み合わせた図形」
slant-height-volume,斜高,slant height,,noun,us-geometry-area-and-volume,geometry,大学,Geometry,near,textbook,,,,id-dedup,母線
cross-section,断面,cross section,,noun,us-geometry-area-and-volume,geometry,大学,Geometry,exact,wikipedia-langlink,断面,Cross section (geometry),Q845080,,
cavalieris-principle,カヴァリエリの原理,Cavalieri's principle,,noun,us-geometry-area-and-volume,geometry,大学,Geometry,near,wikidata,カヴァリエリの原理,,Q586686,,日本の高校では扱わない
density,密度,density,,noun,us-geometry-area-and-volume,geometry,大学,Geometry,exact,wikipedia-langlink,密度,Density,Q29539,,
cubic-units,立方単位,cubic units,,noun,us-geometry-area-and-volume,geometry,大学,Geometry,exact,textbook,,,,,
square-units,平方単位,square units,,noun,us-geometry-area-and-volume,geometry,大学,Geometry,exact,textbook,,,,,
rigid-transformation,剛体変換,rigid transformation,,noun,us-geometry-transformations,geometry,大学,Geometry,near,textbook,,,,,合同変換
translation-vector,平行移動ベクトル,translation vector,,noun,us-geometry-transformations,geometry,大学,Geometry,exact,textbook,,,,,
reflection-transformations,反射,reflection,,noun,us-geometry-transformations,geometry,大学,Geometry,exact,wikipedia-langlink,反射,Reflection (physics),Q165939,id-dedup,対称移動
composition-of-transformations,合成変換,composition of transformations,,noun,us-geometry-transformations,geometry,大学,Geometry,exact,textbook,,,,,
glide-reflection,グライド反射,glide reflection,,noun,us-geometry-transformations,geometry,—,Geometry,none,textbook,,,,,日本では扱わない
image,像,image,,noun,us-geometry-transformations,geometry,大学,Geometry,near,textbook,像,,Q16141632,wiki-nonmath,変換後の図形。P' を「P prime」と読む
preimage,原像,preimage,,noun,us-geometry-transformations,geometry,大学,Geometry,near,textbook,像 (数学),Image (mathematics),Q860623,wiki-redirect,変換前の図形
coordinate-rule,座標の規則,coordinate rule,,noun,us-geometry-transformations,geometry,—,Geometry,none,textbook,,,,,"(x, y) → (x + 3, y − 2) の書き方"
rotational-symmetry,回転対称,rotational symmetry,,noun,us-geometry-transformations,geometry,大学,Geometry,exact,wikipedia-langlink,回転対称,Rotational symmetry,Q593950,,
tessellation,対称テッセレーション,tessellation,,noun,us-geometry-transformations,geometry,大学,Geometry,near,textbook,,,,,敷き詰め
coordinate-proof,座標証明,coordinate proof,,noun,us-geometry-coordinate-geometry,geometry,—,Geometry,none,textbook,,,,,座標を置いて証明する形式
write-the-equation-of-a-parallel-line,平行線の方程式を書く,write the equation of a parallel line,,phrase,us-geometry-coordinate-geometry,geometry,大学,Geometry,exact,textbook,,,,,
partition-a-segment,線分の分点,partition a segment,,verb,us-geometry-coordinate-geometry,geometry,大学,Geometry,near,textbook,,,,,内分点を求める。「partition the segment in the ratio 2:3」
composition-of-functions,関数の合成,composition of functions,,noun,us-algebra-2-functions,functions,大学,Algebra 2,exact,textbook,写像の合成,Function composition,Q244761,wiki-redirect,
one-to-one-function,一対一関数,one-to-one function,,noun,us-algebra-2-functions,functions,大学,Algebra 2,exact,textbook,,,,,
horizontal-line-test,水平線テスト,horizontal line test,,noun,us-algebra-2-functions,functions,—,Algebra 2,none,textbook,,,,,逆関数が存在する判定
vertical-line-test,垂直線テスト,vertical line test,,noun,us-algebra-2-functions,functions,—,Algebra 2,none,textbook,,,,,関数かどうかの判定
even-and-odd-functions,偶関数と奇関数,even and odd functions,,noun,us-algebra-2-functions,functions,大学,Algebra 2,exact,wikipedia-langlink,偶関数と奇関数,Even and odd functions,Q126592,,
family-of-functions,親関数の族,family of functions,,noun,us-algebra-2-functions,functions,—,Algebra 2,none,textbook,,,,,
piecewise-defined-function,区分的定義,piecewise-defined function,,noun,us-algebra-2-functions,functions,大学,Algebra 2,exact,textbook,,,,,
end-behavior,関数の終端挙動,end behavior,,noun,us-algebra-2-functions,functions,—,Algebra 2,none,textbook,,,,,x → ±∞ での振る舞い。日本では「極限」で言う
interval-of-increase,増加区間,interval of increase,,noun,us-algebra-2-functions,functions,大学,Algebra 2,exact,textbook,,,,,
relative-maximum,相対最大値,relative maximum,,noun,us-algebra-2-functions,functions,大学,Algebra 2,near,textbook,,,,,極大値
key-features-of-a-graph,関数のグラフの特徴,key features of a graph,,noun,us-algebra-2-functions,functions,—,Algebra 2,none,textbook,,,,,米国のカリキュラム用語
complex-conjugate-numbers,複素共役,complex conjugate,,noun,us-algebra-2-quadratics-and-complex-numbers,algebra,大学,Algebra 2,exact,wikipedia-langlink,複素共役,Complex conjugate,Q381040,id-dedup,
focus-of-a-parabola,放物線の焦点,focus of a parabola,,noun,us-algebra-2-quadratics-and-complex-numbers,algebra,大学,Algebra 2,exact,textbook,,,,,日本は数C
nonlinear-system,連立二次方程式,nonlinear system,,noun,us-algebra-2-quadratics-and-complex-numbers,algebra,大学,Algebra 2,near,textbook,,,,,「連立方程式（2 次）」
quadratic-regression,二次関数の回帰,quadratic regression,,noun,us-algebra-2-quadratics-and-complex-numbers,algebra,—,Algebra 2,none,textbook,,,,,電卓で
polynomial-function,多項式関数,polynomial function,,noun,us-algebra-2-polynomials,algebra,大学,Algebra 2,exact,textbook,多項式函数,Polynomial function,Q1244652,wiki-redirect,
end-behavior-alg2,終端挙動,end behavior,,noun,us-algebra-2-polynomials,algebra,—,Algebra 2,none,textbook,,,,,同上
multiplicity,多重根,multiplicity,,noun,us-algebra-2-polynomials,algebra,大学,Algebra 2,near,textbook,,,,,重解の重複度
multiplicity-of-a-zero,根の重複度,multiplicity of a zero,,noun,us-algebra-2-polynomials,algebra,大学,Algebra 2,near,wikipedia-langlink,重複度 (数学),Multiplicity (mathematics),Q2228257,,
remainder-theorem-polynomials,剰余定理,remainder theorem,,noun,us-algebra-2-polynomials,algebra,大学,Algebra 2,exact,textbook,剰余の定理,Polynomial remainder theorem,Q1071948,id-dedup wiki-redirect,
polynomial-long-division,多項式の長除法,polynomial long division,,noun,us-algebra-2-polynomials,algebra,大学,Algebra 2,exact,textbook,,,,,
turning-points,極大・極小の個数,turning points,,noun,us-algebra-2-polynomials,algebra,大学,Algebra 2,near,textbook,,,,,「極値」
even-and-odd-degree,偶次・奇次,even and odd degree,,noun,us-algebra-2-polynomials,algebra,大学,Algebra 2,exact,textbook,,,,,
polynomial-identity,多項式恒等式,polynomial identity,,noun,us-algebra-2-polynomials,algebra,大学,Algebra 2,exact,textbook,,,,,
sum-of-cubes,立方の和,sum of cubes,,noun,us-algebra-2-polynomials,algebra,大学,Algebra 2,exact,textbook,,,,,
difference-of-cubes,立方の差,difference of cubes,,noun,us-algebra-2-polynomials,algebra,大学,Algebra 2,exact,textbook,,,,,
descartes-rule-of-signs,デカルトの符号法則,Descartes' rule of signs,,noun,us-algebra-2-polynomials,algebra,大学,Algebra 2,none,wikidata,デカルトの符号法則,,Q1379344,,日本の高校では扱わない
quadratic-form,2 次形式への還元,quadratic form,,noun,us-algebra-2-polynomials,algebra,大学,Algebra 2,near,textbook,,,,,「x² = t とおく」
rational-function-functions,有理関数,rational function,,noun,us-algebra-2-rational-functions,functions,大学,Algebra 2,exact,wikipedia-langlink,有理関数,Rational function,Q41237,id-dedup,
vertical-asymptote,垂直漸近線,vertical asymptote,,noun,us-algebra-2-rational-functions,functions,大学,Algebra 2,exact,textbook,,,,,
horizontal-asymptote,水平漸近線,horizontal asymptote,,noun,us-algebra-2-rational-functions,functions,大学,Algebra 2,exact,textbook,,,,,
slant-asymptote,斜め漸近線,slant asymptote,,noun,us-algebra-2-rational-functions,functions,大学,Algebra 2,near,textbook,,,,,oblique asymptote
hole,穴,hole,,noun,us-algebra-2-rational-functions,functions,—,Algebra 2,none,textbook,,,,wiki-disambig,約分で消える点（除去可能な不連続点）
rational-equation,有理方程式,rational equation,,noun,us-algebra-2-rational-functions,functions,大学,Algebra 2,near,textbook,,,,,分数方程式
inverse-variation,逆変化,inverse variation,,noun,us-algebra-2-rational-functions,functions,大学,Algebra 2,exact,textbook,,,,,反比例
joint-variation,結合変化,joint variation,,noun,us-algebra-2-rational-functions,functions,—,Algebra 2,none,textbook,,,,,z = kxy の形
least-common-denominator,最小公分母,least common denominator,,noun,us-algebra-2-rational-functions,functions,大学,Algebra 2,exact,textbook,,,,,
complex-fraction-functions,複雑な分数,complex fraction,,noun,us-algebra-2-rational-functions,functions,大学,Algebra 2,exact,textbook,,,,id-dedup,繁分数
rational-exponent-functions,有理指数,rational exponent,,noun,us-algebra-2-radical-functions,functions,大学,Algebra 2,exact,textbook,,,,id-dedup,
principal-root,主根,principal root,,noun,us-algebra-2-radical-functions,functions,大学,Algebra 2,exact,textbook,,,,,
radical-function-functions,根号関数,radical function,,noun,us-algebra-2-radical-functions,functions,大学,Algebra 2,exact,textbook,,,,id-dedup,
radical-equation-functions,無理方程式,radical equation,,noun,us-algebra-2-radical-functions,functions,大学,Algebra 2,exact,textbook,,,,id-dedup,
graph-of-the-inverse,逆関数のグラフ,graph of the inverse,,noun,us-algebra-2-radical-functions,functions,大学,Algebra 2,exact,textbook,,,,,
change-of-base,底の変換,change of base,,noun,us-algebra-2-exponential-and-logarithmic,functions,大学,Algebra 2,exact,textbook,,,,,
continuous-compounding,連続複利,continuous compounding,,noun,us-algebra-2-exponential-and-logarithmic,functions,大学,Algebra 2,near,textbook,複利,Compound interest,Q959606,wiki-redirect,e の導入。日本では扱わない
exponential-modeling,指数関数のモデル化,exponential modeling,,noun,us-algebra-2-exponential-and-logarithmic,functions,大学,Algebra 2,near,textbook,,,,,
logarithmic-scale,対数目盛,logarithmic scale,,noun,us-algebra-2-exponential-and-logarithmic,functions,大学,Algebra 2,exact,textbook,対数スケール,,Q937378,wiki-redirect,
exponential-regression,指数回帰,exponential regression,,noun,us-algebra-2-exponential-and-logarithmic,functions,—,Algebra 2,none,textbook,,,,,電卓で
recursive-formula,再帰的公式,recursive formula,,noun,us-algebra-2-sequences-and-series,sequences,大学,Algebra 2,near,textbook,,,,,漸化式
explicit-formula,陽的公式,explicit formula,,noun,us-algebra-2-sequences-and-series,sequences,大学,Algebra 2,near,textbook,,,,,一般項
arithmetic-series,算術級数,arithmetic series,,noun,us-algebra-2-sequences-and-series,sequences,大学,Algebra 2,exact,textbook,等差数列,Arithmetic progression,Q170008,wiki-redirect,
geometric-series,幾何級数,geometric series,,noun,us-algebra-2-sequences-and-series,sequences,大学,Algebra 2,exact,textbook,等比数列,Geometric progression,Q173523,wiki-redirect,
sigma-notation,シグマ記法,sigma notation,,noun,us-algebra-2-sequences-and-series,sequences,大学,Algebra 2,exact,textbook,,,,,
infinite-geometric-series-series,無限幾何級数,infinite geometric series,,noun,us-algebra-2-sequences-and-series,sequences,大学,Algebra 2,exact,textbook,,,,id-dedup,
converting-between-radians-and-degrees,弧度法と度数法の変換,converting between radians and degrees,,noun,us-algebra-2-trigonometry,trigonometry,大学,Algebra 2,exact,textbook,,,,,
reference-angle-alg2,参照角,reference angle,,noun,us-algebra-2-trigonometry,trigonometry,—,Algebra 2,none,textbook,,,,,基準角。日本では名前がない
coterminal-angle,共終角,coterminal angle,,noun,us-algebra-2-trigonometry,trigonometry,—,Algebra 2,none,textbook,,,,,一般角の同じ位置にある角。日本では名前がない
trig-functions-on-the-unit-circle,単位円の三角関数,trig functions on the unit circle,,noun,us-algebra-2-trigonometry,trigonometry,大学,Algebra 2,exact,textbook,,,,,
graph-of-the-sine-function,正弦関数のグラフ,graph of the sine function,,noun,us-algebra-2-trigonometry,trigonometry,大学,Algebra 2,exact,textbook,,,,,
midline,中央線（正弦波）,midline,,noun,us-algebra-2-trigonometry,trigonometry,—,Algebra 2,none,textbook,,,,,正弦波のグラフの中央の水平線
sinusoid,正弦波,sinusoid,,noun,us-algebra-2-trigonometry,trigonometry,大学,Algebra 2,near,wikipedia-langlink,正弦波,Sine wave,Q207527,,「正弦曲線」
trig-identities,三角恒等式,trig identities,,noun,us-algebra-2-trigonometry,trigonometry,大学,Algebra 2,exact,textbook,三角関数の公式の一覧,List of trigonometric identities,Q273008,wiki-redirect,
secant-trigonometry,セカント,secant,,noun,us-algebra-2-trigonometry,trigonometry,大学,Algebra 2,near,textbook,三角関数,Trigonometric functions,Q93344,id-dedup wiki-redirect,日本の高校では扱わない。sec = 1/cos
cosecant,コセカント,cosecant,,noun,us-algebra-2-trigonometry,trigonometry,大学,Algebra 2,near,textbook,三角関数,Trigonometric functions,Q93344,wiki-redirect,csc = 1/sin
cotangent,コタンジェント,cotangent,,noun,us-algebra-2-trigonometry,trigonometry,大学,Algebra 2,near,textbook,三角関数,Trigonometric functions,Q93344,wiki-redirect,cot = 1/tan
z-score-statistics,z スコア,z-score,,noun,us-algebra-2-probability-and-statistics,probability,大学,Algebra 2,exact,textbook,,,,id-dedup,
empirical-rule,経験則,empirical rule,,noun,us-algebra-2-probability-and-statistics,probability,—,Algebra 2,none,textbook,経験則,Rule of thumb,Q1398821,wiki-nonmath,68-95-99.7 ルール
independent-events,独立事象,independent events,,noun,us-algebra-2-probability-and-statistics,probability,大学,Algebra 2,exact,textbook,,,,,
permutations-and-combinations,順列と組合せ,permutations and combinations,,noun,us-algebra-2-probability-and-statistics,probability,大学,Algebra 2,exact,textbook,,,,,
sampling-methods,標本抽出法,sampling methods,,noun,us-algebra-2-probability-and-statistics,probability,大学,Algebra 2,exact,textbook,,,,,
observational-study,観察研究,observational study,,noun,us-algebra-2-probability-and-statistics,probability,大学,Algebra 2,exact,textbook,,,,,
experiment,実験,experiment,,noun,us-algebra-2-probability-and-statistics,probability,大学,Algebra 2,exact,wikipedia-langlink,実験,Experiment,Q101965,,
randomization,無作為化,randomization,,noun,us-algebra-2-probability-and-statistics,probability,大学,Algebra 2,exact,textbook,ランダム化,,Q1363085,wiki-redirect,
margin-of-error,誤差の範囲,margin of error,,noun,us-algebra-2-probability-and-statistics,probability,大学,Algebra 2,exact,wikidata,誤差の範囲,,Q1352827,,
average-rate-of-change-functions,関数の平均変化率,average rate of change,,noun,us-precalculus-functions,functions,大学,Precalculus,exact,textbook,,,,id-dedup,
difference-quotient,差分商,difference quotient,,noun,us-precalculus-functions,functions,大学,Precalculus,none,wikipedia-langlink,差分商,Difference quotient,Q1224446,,(f(x+h) − f(x))/h。日本の高校では「平均変化率」
composition-of-transformations-functions,関数の変換の合成,composition of transformations,,noun,us-precalculus-functions,functions,大学,Precalculus,exact,textbook,,,,id-dedup,
symmetry-of-functions,関数の対称性,symmetry of functions,,noun,us-precalculus-functions,functions,大学,Precalculus,exact,textbook,,,,,
finding-an-inverse,逆関数の求め方,finding an inverse,,noun,us-precalculus-functions,functions,大学,Precalculus,exact,textbook,,,,,
absolute-value-equation-functions,絶対値方程式,absolute value equation,,noun,us-precalculus-functions,functions,大学,Precalculus,exact,textbook,,,,id-dedup,
restricted-domain,定義域の制限,restricted domain,,noun,us-precalculus-functions,functions,大学,Precalculus,exact,textbook,制限 (数学),,Q1308999,wiki-redirect,
continuity,連続性,continuity,,noun,us-precalculus-functions,functions,大学,Precalculus,exact,textbook,連続 (数学),Continuity (mathematics),Q12030090,wiki-redirect,
zeros-of-a-polynomial,多項式の零点,zeros of a polynomial,,noun,us-precalculus-polynomial-and-rational,functions,大学,Precalculus,exact,textbook,,,,,
complex-zeros,複素零点,complex zeros,,noun,us-precalculus-polynomial-and-rational,functions,大学,Precalculus,exact,textbook,,,,,
graphing-rational-functions,有理関数のグラフ,graphing rational functions,,noun,us-precalculus-polynomial-and-rational,functions,大学,Precalculus,exact,textbook,,,,,
polynomial-inequality,多項式不等式,polynomial inequality,,noun,us-precalculus-polynomial-and-rational,functions,大学,Precalculus,exact,textbook,,,,,
sign-chart-inequality,符号図,sign chart,,noun,us-precalculus-polynomial-and-rational,functions,大学,Precalculus,near,textbook,,,,,不等式を解くときの数直線。日本の増減表とは目的が違う
test-point,テスト点,test point,,noun,us-precalculus-polynomial-and-rational,functions,—,Precalculus,none,textbook,,,,,区間ごとに符号を調べる点
removable-discontinuity,除去可能な不連続点,removable discontinuity,,noun,us-precalculus-polynomial-and-rational,functions,大学,Precalculus,near,textbook,,,,,「穴」
logistic-growth,ロジスティック増加,logistic growth,,noun,us-precalculus-exponential-and-logarithmic,functions,大学,Precalculus,near,textbook,,,,,日本の高校では扱わない
newtons-law-of-cooling,ニュートンの冷却法則,Newton's law of cooling,,noun,us-precalculus-exponential-and-logarithmic,functions,大学,Precalculus,near,textbook,ニュートンの冷却の法則,Heat conduction,Q2902868,wiki-redirect wiki-nonmath,文章題の定番
applications-of-exponentials-and-logs,指数・対数の応用,applications of exponentials and logs,,noun,us-precalculus-exponential-and-logarithmic,functions,大学,Precalculus,exact,textbook,,,,,
expanding-and-condensing-logs,対数の展開と圧縮,expanding and condensing logs,,noun,us-precalculus-exponential-and-logarithmic,functions,—,Precalculus,none,textbook,,,,,米国の教室の言い方。log の性質で書き換える
one-to-one-property,一対一の性質,one-to-one property,,noun,us-precalculus-exponential-and-logarithmic,functions,—,Precalculus,none,textbook,,,,,a^x = a^y ⇒ x = y
sum-and-difference-formulas,和と差の公式,sum and difference formulas,,noun,us-precalculus-analytic-trigonometry,trigonometry,大学,Precalculus,exact,textbook,,,,,
double-angle-formulas-trigonometry,倍角公式,double-angle formulas,,noun,us-precalculus-analytic-trigonometry,trigonometry,大学,Precalculus,exact,textbook,,,,id-dedup,
half-angle-formulas-trigonometry,半角公式,half-angle formulas,,noun,us-precalculus-analytic-trigonometry,trigonometry,大学,Precalculus,exact,textbook,,,,id-dedup,
product-to-sum-and-sum-to-product,積和・和積,product-to-sum and sum-to-product,,noun,us-precalculus-analytic-trigonometry,trigonometry,大学,Precalculus,exact,textbook,,,,,
verifying-identities,恒等式の検証,verifying identities,,noun,us-precalculus-analytic-trigonometry,trigonometry,大学,Precalculus,near,textbook,,,,,「等式の証明」
pythagorean-identity,ピタゴラスの恒等式,Pythagorean identity,,noun,us-precalculus-analytic-trigonometry,trigonometry,大学,Precalculus,near,textbook,,,,,sin² + cos² = 1。日本では「三角関数の相互関係」
composition-with-inverse-trig,逆三角関数の合成,composition with inverse trig,,noun,us-precalculus-analytic-trigonometry,trigonometry,大学,Precalculus,none,textbook,,,,,sin(arctan x) など
arcsine,アークサイン,arcsine,,noun,us-precalculus-analytic-trigonometry,trigonometry,大学,Precalculus,near,textbook,逆三角関数,Inverse trigonometric functions,Q674533,wiki-redirect,sin⁻¹。日本の高校では扱わない
arccosine,アークコサイン,arccosine,,noun,us-precalculus-analytic-trigonometry,trigonometry,大学,Precalculus,near,textbook,逆三角関数,Inverse trigonometric functions,Q674533,wiki-redirect,
arctangent,アークタンジェント,arctangent,,noun,us-precalculus-analytic-trigonometry,trigonometry,大学,Precalculus,near,textbook,逆三角関数,Inverse trigonometric functions,Q674533,wiki-redirect,
graphs-of-inverse-trig-functions,三角関数の逆関数のグラフ,graphs of inverse trig functions,,noun,us-precalculus-analytic-trigonometry,trigonometry,大学,Precalculus,exact,textbook,,,,,
solving-triangles,三角形を解く,solving triangles,,noun,us-precalculus-analytic-trigonometry,trigonometry,大学,Precalculus,near,textbook,,,,,「三角形の辺と角を求める」
ambiguous-case,曖昧な場合,ambiguous case,,noun,us-precalculus-analytic-trigonometry,trigonometry,—,Precalculus,none,textbook,,,,,SSA で 2 通りの三角形ができる場合
area-formula-with-sine,三角形の面積 ½ab sin C,area formula with sine,,noun,us-precalculus-analytic-trigonometry,trigonometry,大学,Precalculus,exact,textbook,,,,,
component-form-vectors,成分形,component form,,noun,us-precalculus-vectors,vectors,大学,Precalculus,exact,textbook,,,,id-dedup,
magnitude-and-direction,大きさと向き,magnitude and direction,,noun,us-precalculus-vectors,vectors,大学,Precalculus,exact,textbook,,,,,
standard-unit-vectors,"単位ベクトル i, j",standard unit vectors,,noun,us-precalculus-vectors,vectors,大学,Precalculus,near,textbook,,,,,"i, j, k"
direction-angle,方向角,direction angle,,noun,us-precalculus-vectors,vectors,大学,Precalculus,exact,textbook,,,,,
dot-product-vectors,ドット積,dot product,,noun,us-precalculus-vectors,vectors,大学,Precalculus,exact,wikipedia-langlink,ドット積,Dot product,Q181365,id-dedup,
vector-projection,ベクトル射影,vector projection,,noun,us-precalculus-vectors,vectors,大学,Precalculus,near,textbook,ベクトルの成分分解,,Q2734388,wiki-redirect,日本の高校では扱わない
orthogonal-projection,正射影,orthogonal projection,,noun,us-precalculus-vectors,vectors,大学,Precalculus,exact,textbook,,,,,
work,仕事,work,,noun,us-precalculus-vectors,vectors,大学,Precalculus,exact,wikipedia-langlink,仕事 (物理学),Work (physics),Q42213,,物理の応用
resultant,合力,resultant,,noun,us-precalculus-vectors,vectors,大学,Precalculus,near,textbook,力 (物理学),Force,Q11402,wiki-redirect,「和ベクトル」
graphs-of-polar-equations,極方程式のグラフ,graphs of polar equations,,noun,us-precalculus-polar-and-complex,complex-numbers,大学,Precalculus,exact,textbook,,,,,
cardioid,心臓形,cardioid,,noun,us-precalculus-polar-and-complex,complex-numbers,大学,Precalculus,exact,textbook,,,,,
rose-curve,バラ曲線,rose curve,,noun,us-precalculus-polar-and-complex,complex-numbers,大学,Precalculus,exact,wikipedia-langlink,バラ曲線,Rose (mathematics),Q1155211,,
limacon,リマソン,limaçon,,noun,us-precalculus-polar-and-complex,complex-numbers,大学,Precalculus,none,textbook,カラコール,Caracole,Q520596,wiki-redirect wiki-nonmath,
trigonometric-form-of-a-complex-number,複素数の三角形式,trigonometric form of a complex number,,noun,us-precalculus-polar-and-complex,complex-numbers,大学,Precalculus,near,textbook,,,,,極形式
nth-roots-of-a-complex-number,複素数の n 乗根,nth roots of a complex number,,noun,us-precalculus-polar-and-complex,complex-numbers,大学,Precalculus,exact,textbook,,,,,
parametric-equations-complex,媒介変数方程式,parametric equations,,noun,us-precalculus-polar-and-complex,complex-numbers,大学,Precalculus,exact,textbook,,,,id-dedup,
eliminating-the-parameter,媒介変数の消去,eliminating the parameter,,noun,us-precalculus-polar-and-complex,complex-numbers,大学,Precalculus,exact,textbook,,,,,
orientation,向き,orientation,,noun,us-precalculus-polar-and-complex,complex-numbers,—,Precalculus,none,wikipedia-langlink,向き,Orientation (space),Q1052451,,媒介変数曲線の進む向き
focus-and-directrix,放物線の焦点と準線,focus and directrix,,noun,us-precalculus-conics,geometry,大学,Precalculus,exact,textbook,,,,,
foci-of-an-ellipse,楕円の焦点,foci of an ellipse,,noun,us-precalculus-conics,geometry,大学,Precalculus,exact,textbook,,,,,
major-and-minor-axes,長軸・短軸,major and minor axes,,noun,us-precalculus-conics,geometry,大学,Precalculus,exact,textbook,,,,,
asymptotes-of-a-hyperbola,双曲線の漸近線,asymptotes of a hyperbola,,noun,us-precalculus-conics,geometry,大学,Precalculus,exact,textbook,,,,,
rotated-conics,回転した円錐曲線,rotated conics,,noun,us-precalculus-conics,geometry,大学,Precalculus,none,textbook,,,,,日本の高校では扱わない
conics-in-polar-coordinates,極座標での円錐曲線,conics in polar coordinates,,noun,us-precalculus-conics,geometry,大学,Precalculus,none,textbook,,,,,
latus-rectum,通径,latus rectum,,noun,us-precalculus-conics,geometry,大学,Precalculus,none,textbook,,,,,
augmented-matrix,拡大係数行列,augmented matrix,,noun,us-precalculus-matrices-and-systems,linear-algebra,大学,Precalculus,near,textbook,拡大行列,Augmented matrix,Q2750301,wiki-redirect,日本の高校では扱わない
row-operations,行基本変形,row operations,,noun,us-precalculus-matrices-and-systems,linear-algebra,大学,Precalculus,near,textbook,行列の基本変形,Elementary matrix,Q609566,wiki-redirect,
gaussian-elimination,ガウスの消去法,Gaussian elimination,,noun,us-precalculus-matrices-and-systems,linear-algebra,大学,Precalculus,near,wikipedia-langlink,ガウスの消去法,Gaussian elimination,Q2658,,
row-echelon-form,行階段形,row echelon form,,noun,us-precalculus-matrices-and-systems,linear-algebra,大学,Precalculus,none,wikipedia-langlink,行階段形,Row echelon form,Q2091296,,
cramers-rule,クラメルの公式,Cramer's rule,,noun,us-precalculus-matrices-and-systems,linear-algebra,大学,Precalculus,none,wikipedia-langlink,クラメルの公式,Cramer's rule,Q322666,,
system-of-three-equations,三元連立一次方程式,system of three equations,,noun,us-precalculus-matrices-and-systems,linear-algebra,大学,Precalculus,exact,textbook,,,,,
feasible-region,実行可能領域,feasible region,,noun,us-precalculus-matrices-and-systems,linear-algebra,大学,Precalculus,near,wikipedia-langlink,実行可能領域,Feasible region,Q17013331,,日本の「連立不等式の表す領域」
objective-function,目的関数,objective function,,noun,us-precalculus-matrices-and-systems,linear-algebra,大学,Precalculus,near,textbook,損失関数,Loss function,Q1036748,wiki-redirect,
constraint,制約条件,constraint,,noun,us-precalculus-matrices-and-systems,linear-algebra,大学,Precalculus,exact,textbook,制約 (数学),Constraint (mathematics),Q2303305,wiki-redirect,
base-case-induction,基底段階,base case,,noun,us-precalculus-sequences-and-induction,sequences,—,Precalculus,none,textbook,,,,id-dedup,n = 1 のとき
inductive-step,帰納段階,inductive step,,noun,us-precalculus-sequences-and-induction,sequences,—,Precalculus,none,textbook,,,,,
combination-notation,組合せ記法,combination notation,,noun,us-precalculus-sequences-and-induction,sequences,大学,Precalculus,near,textbook,,,,,"C(n, r) / n choose r"
intuitive-definition-of-a-limit,極限の直感的定義,intuitive definition of a limit,,noun,us-precalculus-limits,calculus,大学,Precalculus,exact,textbook,,,,,
finding-limits-numerically,数値的に極限を求める,finding limits numerically,,phrase,us-precalculus-limits,calculus,—,Precalculus,none,textbook,,,,,表を作って調べる
finding-limits-graphically,グラフから極限を読む,finding limits graphically,,phrase,us-precalculus-limits,calculus,大学,Precalculus,exact,textbook,,,,,
limit-definition-of-the-slope,接線の傾きの極限,limit definition of the slope,,noun,us-precalculus-limits,calculus,大学,Precalculus,exact,textbook,,,,,
area-under-a-curve,曲線下の面積,area under a curve,,noun,us-precalculus-limits,calculus,大学,Precalculus,exact,textbook,,,,,
representations-of-a-function,関数の表現,representations of a function,,noun,us-integrated-1-linear,algebra,—,Integrated Math 1,none,textbook,,,,,表・式・グラフ・言葉
linear-functions-in-context,文脈の中の一次関数,linear functions in context,,noun,us-integrated-1-linear,algebra,—,Integrated Math 1,none,textbook,,,,,
one-variable-data,一変量データ,one-variable data,,noun,us-integrated-1-statistics,statistics,大学,Integrated Math 1,exact,textbook,,,,,
two-variable-data,二変量データ,two-variable data,,noun,us-integrated-1-statistics,statistics,大学,Integrated Math 1,exact,textbook,,,,,
relative-frequency-table,相対度数表,relative frequency table,,noun,us-integrated-1-statistics,statistics,大学,Integrated Math 1,exact,textbook,,,,,
conditional-relative-frequency,条件付き相対度数,conditional relative frequency,,noun,us-integrated-1-statistics,statistics,—,Integrated Math 1,none,textbook,,,,,二元分割表で
sine-cosine-and-tangent,正弦・余弦・正接,"sine, cosine, and tangent",,noun,us-integrated-2-similarity-and-trig,geometry,大学,Integrated Math 2,exact,textbook,,,,,
geometric-modeling,幾何的モデル化,geometric modeling,,noun,us-integrated-3-geometric-modeling,geometry,—,Integrated Math 3,none,textbook,,,,,密度・設計の問題
limit-notation,極限の表記,limit notation,,noun,us-ap-calculus-ab-1-limits,analysis,大学,AP Calculus AB,exact,textbook,,,,,
infinite-limit,無限大の極限,infinite limit,,noun,us-ap-calculus-ab-1-limits,analysis,大学,AP Calculus AB,exact,textbook,,,,,
limit-at-infinity,無限遠での極限,limit at infinity,,noun,us-ap-calculus-ab-1-limits,analysis,大学,AP Calculus AB,exact,textbook,,,,,
squeeze-theorem-limits,はさみうちの定理,squeeze theorem,,noun,us-ap-calculus-ab-1-limits,analysis,大学,AP Calculus AB,exact,textbook,はさみうちの原理,Squeeze theorem,Q1065257,id-dedup wiki-redirect,
removable-discontinuity-limits,除去可能な不連続,removable discontinuity,,noun,us-ap-calculus-ab-1-limits,analysis,大学,AP Calculus AB,near,textbook,,,,id-dedup,「穴」
jump-discontinuity,跳躍不連続,jump discontinuity,,noun,us-ap-calculus-ab-1-limits,analysis,大学,AP Calculus AB,none,textbook,,,,,日本の高校では名前がない
infinite-discontinuity,無限不連続,infinite discontinuity,,noun,us-ap-calculus-ab-1-limits,analysis,大学,AP Calculus AB,none,textbook,,,,,
epsilon-delta-definition,イプシロン・デルタ,epsilon-delta definition,,noun,us-ap-calculus-ab-1-limits,analysis,大学,AP Calculus AB,none,textbook,,,,,極限の厳密な定義。日本の高校では扱わない。AP でも扱わないことが多い
limit-of-a-piecewise-function,区分的関数の極限,limit of a piecewise function,,noun,us-ap-calculus-ab-1-limits,analysis,大学,AP Calculus AB,exact,textbook,,,,,
evaluate-limits-algebraically,代数的に極限を求める,evaluate limits algebraically,,phrase,us-ap-calculus-ab-1-limits,analysis,大学,AP Calculus AB,exact,textbook,,,,,
limit-definition-of-the-derivative,導関数の定義,limit definition of the derivative,,noun,us-ap-calculus-ab-2-differentiation-basics,calculus,大学,AP Calculus AB,exact,textbook,,,,,
differentiability-and-continuity,微分可能性と連続性,differentiability and continuity,,noun,us-ap-calculus-ab-2-differentiation-basics,calculus,大学,AP Calculus AB,exact,textbook,,,,,
power-rule-basics,べき乗則,power rule,,noun,us-ap-calculus-ab-2-differentiation-basics,calculus,—,AP Calculus AB,none,textbook,冪乗則,Power law,Q428971,id-dedup wiki-redirect,xⁿ の微分公式。日本では名前をつけない
constant-multiple-rule,定数倍の法則,constant multiple rule,,noun,us-ap-calculus-ab-2-differentiation-basics,calculus,大学,AP Calculus AB,exact,textbook,,,,,
derivative-of-e-to-the-x,e^x の導関数,derivative of e to the x,,noun,us-ap-calculus-ab-2-differentiation-basics,calculus,大学,AP Calculus AB,exact,textbook,,,,,
derivative-of-natural-log,ln x の導関数,derivative of natural log,,noun,us-ap-calculus-ab-2-differentiation-basics,calculus,大学,AP Calculus AB,exact,textbook,,,,,
instantaneous-rate-of-change,瞬間変化率,instantaneous rate of change,,noun,us-ap-calculus-ab-2-differentiation-basics,calculus,大学,AP Calculus AB,exact,textbook,,,,,
corner-nondifferentiable,角（微分不可能点）,corner,,noun,us-ap-calculus-ab-2-differentiation-basics,calculus,—,AP Calculus AB,none,textbook,,,,,微分不可能な点（尖った角）。cusp と区別
vertical-tangent,垂直接線,vertical tangent,,noun,us-ap-calculus-ab-2-differentiation-basics,calculus,大学,AP Calculus AB,none,wikipedia-langlink,垂直接線,Vertical tangent,Q2908441,,日本の高校では扱わない
chain-rule-advanced,連鎖律,chain rule,,noun,us-ap-calculus-ab-3-differentiation-advanced,calculus,大学,AP Calculus AB,exact,wikipedia-langlink,連鎖律,Chain rule,Q207455,id-dedup,合成関数の微分
implicit-differentiation-advanced,陰関数微分,implicit differentiation,,noun,us-ap-calculus-ab-3-differentiation-advanced,calculus,大学,AP Calculus AB,exact,wikipedia-langlink,陰関数,Implicit function,Q1196523,id-dedup,
derivatives-of-inverse-trig-functions,逆三角関数の導関数,derivatives of inverse trig functions,,noun,us-ap-calculus-ab-3-differentiation-advanced,calculus,大学,AP Calculus AB,exact,textbook,,,,,
higher-order-derivatives,高階導関数,higher-order derivatives,,noun,us-ap-calculus-ab-3-differentiation-advanced,calculus,大学,AP Calculus AB,exact,textbook,,,,,
outer-function,外側の関数,outer function,,noun,us-ap-calculus-ab-3-differentiation-advanced,calculus,—,AP Calculus AB,none,textbook,,,,,連鎖律の説明で
inner-function,内側の関数,inner function,,noun,us-ap-calculus-ab-3-differentiation-advanced,calculus,—,AP Calculus AB,none,textbook,,,,,
differentiate-both-sides,両辺を微分する,differentiate both sides,,phrase,us-ap-calculus-ab-3-differentiation-advanced,calculus,大学,AP Calculus AB,exact,textbook,,,,,
solve-for-y-prime,y' について解く,solve for y prime,,phrase,us-ap-calculus-ab-3-differentiation-advanced,calculus,大学,AP Calculus AB,exact,textbook,,,,,
related-rates,関連変化率,related rates,,noun,us-ap-calculus-ab-4-contextual-applications,calculus,大学,AP Calculus AB,none,textbook,,,,,「xとyの変化率の関係」。日本の高校では扱わないが数III の応用に近い
linearization-applications,線形近似,linearization,,noun,us-ap-calculus-ab-4-contextual-applications,calculus,大学,AP Calculus AB,exact,textbook,線型近似,Linear approximation,Q2071054,id-dedup wiki-redirect,
tangent-line-approximation,接線近似,tangent line approximation,,noun,us-ap-calculus-ab-4-contextual-applications,calculus,大学,AP Calculus AB,exact,textbook,,,,,
lhopitals-rule,ロピタルの定理,L'Hôpital's rule,,noun,us-ap-calculus-ab-4-contextual-applications,calculus,大学,AP Calculus AB,none,wikipedia-langlink,ロピタルの定理,L'Hôpital's rule,Q190557,,日本の高校では使えない（答案で減点されることがある）
position-velocity-and-acceleration,位置・速度・加速度,"position, velocity, and acceleration",,noun,us-ap-calculus-ab-4-contextual-applications,calculus,大学,AP Calculus AB,exact,textbook,,,,,
rectilinear-motion,直線運動,rectilinear motion,,noun,us-ap-calculus-ab-4-contextual-applications,calculus,大学,AP Calculus AB,exact,textbook,,,,,
units-of-a-rate-of-change,変化率の単位,units of a rate of change,,noun,us-ap-calculus-ab-4-contextual-applications,calculus,—,AP Calculus AB,none,textbook,,,,,
extreme-value-theorem-applications,極値定理,extreme value theorem,,noun,us-ap-calculus-ab-5-analytical-applications,calculus,大学,AP Calculus AB,exact,textbook,最大値最小値定理,,Q752375,id-dedup wiki-redirect,
critical-point-applications,臨界点,critical point,,noun,us-ap-calculus-ab-5-analytical-applications,calculus,大学,AP Calculus AB,none,wikipedia-langlink,臨界点,Critical point (thermodynamics),Q111059,id-dedup,f' = 0 または存在しない点。日本では名前がない
first-derivative-test-applications,第 1 次導関数テスト,first derivative test,,noun,us-ap-calculus-ab-5-analytical-applications,calculus,大学,AP Calculus AB,near,textbook,,,,id-dedup,増減表の役割
second-derivative-test,第 2 次導関数テスト,second derivative test,,noun,us-ap-calculus-ab-5-analytical-applications,calculus,大学,AP Calculus AB,near,textbook,,,,,f'' の符号で極大・極小を判定
candidates-test,候補点テスト,candidates test,,noun,us-ap-calculus-ab-5-analytical-applications,calculus,—,AP Calculus AB,none,textbook,,,,,閉区間の最大・最小を端点と臨界点で調べる
absolute-extrema-applications,絶対極値,absolute extrema,,noun,us-ap-calculus-ab-5-analytical-applications,calculus,大学,AP Calculus AB,exact,textbook,,,,id-dedup,
relative-extrema,相対極値,relative extrema,,noun,us-ap-calculus-ab-5-analytical-applications,calculus,大学,AP Calculus AB,exact,textbook,,,,,
concavity-applications,凹凸,concavity,,noun,us-ap-calculus-ab-5-analytical-applications,calculus,大学,AP Calculus AB,exact,textbook,凸凹,,Q11395486,id-dedup wiki-redirect wiki-nonmath,
optimization-problem,最適化問題,optimization problem,,noun,us-ap-calculus-ab-5-analytical-applications,calculus,—,AP Calculus AB,none,wikipedia-langlink,最適化問題,Optimization problem,Q984063,,文章題としての最大・最小。日本では「最大・最小の応用」
curve-sketching,曲線の概形,curve sketching,,noun,us-ap-calculus-ab-5-analytical-applications,calculus,大学,AP Calculus AB,exact,textbook,,,,,
implicit-curves,陰関数のグラフ,implicit curves,,noun,us-ap-calculus-ab-5-analytical-applications,calculus,大学,AP Calculus AB,exact,textbook,,,,,
connecting-f-f-prime-and-f-double-prime,f と f' と f'' のグラフの関係,"connecting f, f prime, and f double prime",,noun,us-ap-calculus-ab-5-analytical-applications,calculus,—,AP Calculus AB,none,textbook,,,,,AP の頻出問題
accumulation,累積,accumulation,,noun,us-ap-calculus-ab-6-integration,calculus,—,AP Calculus AB,none,textbook,,,,,積分を「変化量の累積」として見る
riemann-sum-integration,リーマン和,Riemann sum,,noun,us-ap-calculus-ab-6-integration,calculus,大学,AP Calculus AB,exact,wikidata,リーマン和,,Q1156903,id-dedup,区分求積法
left-riemann-sum,左リーマン和,left Riemann sum,,noun,us-ap-calculus-ab-6-integration,calculus,大学,AP Calculus AB,exact,textbook,,,,,
right-riemann-sum,右リーマン和,right Riemann sum,,noun,us-ap-calculus-ab-6-integration,calculus,大学,AP Calculus AB,exact,textbook,,,,,
midpoint-riemann-sum,中点リーマン和,midpoint Riemann sum,,noun,us-ap-calculus-ab-6-integration,calculus,大学,AP Calculus AB,exact,textbook,,,,,
trapezoidal-sum,台形公式,trapezoidal sum,,noun,us-ap-calculus-ab-6-integration,calculus,大学,AP Calculus AB,near,wikipedia-langlink,台形公式,Trapezoidal rule,Q833293,,台形則
fundamental-theorem-of-calculus-integration,微積分学の基本定理,fundamental theorem of calculus,,noun,us-ap-calculus-ab-6-integration,calculus,大学,AP Calculus AB,exact,textbook,微分積分学の基本定理,Fundamental theorem of calculus,Q1217677,id-dedup wiki-redirect,
u-substitution,u 置換,u-substitution,,noun,us-ap-calculus-ab-6-integration,calculus,大学,AP Calculus AB,exact,textbook,,,,,置換積分
integration-formulas,積分表,integration formulas,,noun,us-ap-calculus-ab-6-integration,calculus,大学,AP Calculus AB,exact,textbook,,,,,
integration-by-long-division,長除法による積分,integration by long division,,noun,us-ap-calculus-ab-6-integration,calculus,大学,AP Calculus AB,none,textbook,,,,,
integration-by-completing-the-square,平方完成による積分,integration by completing the square,,noun,us-ap-calculus-ab-6-integration,calculus,大学,AP Calculus AB,none,textbook,,,,,
function-defined-by-an-integral-integration,積分で定義された関数,function defined by an integral,,noun,us-ap-calculus-ab-6-integration,calculus,大学,AP Calculus AB,exact,textbook,,,,id-dedup,
accumulation-function,累積関数,accumulation function,,noun,us-ap-calculus-ab-6-integration,calculus,—,AP Calculus AB,none,textbook,,,,,∫ₐˣ f(t) dt
net-change,純変化量,net change,,noun,us-ap-calculus-ab-6-integration,calculus,—,AP Calculus AB,none,textbook,,,,,定積分と変化量。日本では名前がない
overestimate-and-underestimate,過大評価・過小評価,overestimate and underestimate,,noun,us-ap-calculus-ab-6-integration,calculus,—,AP Calculus AB,none,textbook,,,,,リーマン和の誤差の向き
slope-field,勾配場,slope field,,noun,us-ap-calculus-ab-7-differential-equations,calculus,大学,AP Calculus AB,none,textbook,,,,,日本の高校では扱わない
separation-of-variables,変数分離,separation of variables,,noun,us-ap-calculus-ab-7-differential-equations,calculus,大学,AP Calculus AB,exact,wikipedia-langlink,変数分離,Separation of variables,Q913323,,
particular-solution,特殊解,particular solution,,noun,us-ap-calculus-ab-7-differential-equations,calculus,大学,AP Calculus AB,exact,textbook,方程式,Equation,Q11345,wiki-redirect,
initial-condition,初期条件,initial condition,,noun,us-ap-calculus-ab-7-differential-equations,calculus,大学,AP Calculus AB,exact,textbook,初期値問題,,Q10167591,wiki-redirect,
exponential-model,指数モデル,exponential model,,noun,us-ap-calculus-ab-7-differential-equations,calculus,大学,AP Calculus AB,exact,textbook,,,,,
verifying-solutions,微分方程式の検証,verifying solutions,,noun,us-ap-calculus-ab-7-differential-equations,calculus,大学,AP Calculus AB,exact,textbook,,,,,
average-value-of-a-function,関数の平均値,average value of a function,average value [calculus-1-applications-of-integration],noun,us-ap-calculus-ab-8-applications-of-integration,calculus,大学,AP Calculus AB,none,textbook,,,,ja-merged,日本の高校では扱わない ／ 同上
displacement,変位,displacement,,noun,us-ap-calculus-ab-8-applications-of-integration,calculus,大学,AP Calculus AB,exact,wikipedia-langlink,変位,Displacement (geometry),Q190291,,
total-distance-traveled,移動距離,total distance traveled,,noun,us-ap-calculus-ab-8-applications-of-integration,calculus,大学,AP Calculus AB,exact,textbook,,,,,
area-between-curves,曲線間の面積,area between curves,,noun,us-ap-calculus-ab-8-applications-of-integration,calculus,大学,AP Calculus AB,exact,textbook,,,,,
disk-method,円板法,disk method,,noun,us-ap-calculus-ab-8-applications-of-integration,calculus,—,AP Calculus AB,none,textbook,,,,,回転体の体積。日本では名前をつけない
washer-method,ワッシャー法,washer method,,noun,us-ap-calculus-ab-8-applications-of-integration,calculus,—,AP Calculus AB,none,textbook,,,,,穴あきの回転体
shell-method,シェル法,shell method,,noun,us-ap-calculus-ab-8-applications-of-integration,calculus,大学,AP Calculus AB,none,textbook,,,,,円筒殻で積分。日本の高校では扱わない
axis-of-revolution,回転軸,axis of revolution,,noun,us-ap-calculus-ab-8-applications-of-integration,calculus,大学,AP Calculus AB,exact,textbook,軸 (機械要素),Shaft (mechanical engineering),Q309383,wiki-redirect wiki-nonmath,
arc-length-integration,弧長,arc length,,noun,us-ap-calculus-ab-8-applications-of-integration,calculus,大学,AP Calculus AB,exact,wikidata,弧長,,Q670036,id-dedup,
integration-by-parts-techniques,部分積分,integration by parts,,noun,us-ap-calculus-bc-6-integration-techniques,calculus,大学,AP Calculus BC,exact,wikipedia-langlink,部分積分,Integration by parts,Q273328,id-dedup,
integration-by-partial-fractions,部分分数による積分,integration by partial fractions,,noun,us-ap-calculus-bc-6-integration-techniques,calculus,大学,AP Calculus BC,exact,textbook,,,,,
improper-integral,広義積分,improper integral,,noun,us-ap-calculus-bc-6-integration-techniques,calculus,大学,AP Calculus BC,none,wikidata,広義積分,,Q464118,,日本の高校では扱わない
eulers-method,オイラー法,Euler's method,,noun,us-ap-calculus-bc-6-integration-techniques,calculus,大学,AP Calculus BC,none,wikipedia-langlink,オイラー法,Euler method,Q868454,,
logistic-differential-equation,ロジスティック微分方程式,logistic differential equation,,noun,us-ap-calculus-bc-6-integration-techniques,calculus,大学,AP Calculus BC,none,textbook,,,,,
liate,LIATE,LIATE,,noun,us-ap-calculus-bc-6-integration-techniques,calculus,—,AP Calculus BC,none,textbook,,,,,部分積分でどちらを微分するかの覚え方
derivatives-of-parametric-equations,媒介変数曲線の微分,derivatives of parametric equations,,noun,us-ap-calculus-bc-9-parametric-polar-vector,calculus,大学,AP Calculus BC,exact,textbook,,,,,
arc-length-of-a-parametric-curve,媒介変数曲線の弧長,arc length of a parametric curve,,noun,us-ap-calculus-bc-9-parametric-polar-vector,calculus,大学,AP Calculus BC,exact,textbook,,,,,
vector-valued-function,ベクトル値関数,vector-valued function,,noun,us-ap-calculus-bc-9-parametric-polar-vector,calculus,大学,AP Calculus BC,none,textbook,ベクトル値函数,,Q1375954,wiki-redirect,
area-in-polar-coordinates,極座標での面積,area in polar coordinates,,noun,us-ap-calculus-bc-9-parametric-polar-vector,calculus,大学,AP Calculus BC,none,textbook,,,,,
derivatives-in-polar-form,極曲線の微分,derivatives in polar form,,noun,us-ap-calculus-bc-9-parametric-polar-vector,calculus,大学,AP Calculus BC,none,textbook,,,,,
convergence-and-divergence,収束・発散,convergence and divergence,,noun,us-ap-calculus-bc-10-series,analysis,大学,AP Calculus BC,exact,textbook,,,,,
nth-term-test,n 項判定法,nth term test,,noun,us-ap-calculus-bc-10-series,analysis,大学,AP Calculus BC,none,textbook,,,,,収束判定法。日本の高校では扱わない
integral-test,積分判定法,integral test,,noun,us-ap-calculus-bc-10-series,analysis,大学,AP Calculus BC,none,wikidata,積分判定法,,Q1155313,,
harmonic-series,調和級数,harmonic series,,noun,us-ap-calculus-bc-10-series,analysis,大学,AP Calculus BC,none,wikidata,調和級数,,Q464100,,
p-series,p 級数,p-series,,noun,us-ap-calculus-bc-10-series,analysis,大学,AP Calculus BC,none,textbook,,,,,
comparison-test,比較判定法,comparison test,,noun,us-ap-calculus-bc-10-series,analysis,大学,AP Calculus BC,none,wikipedia-langlink,比較判定法,Direct comparison test,Q1050206,,
limit-comparison-test,極限比較判定法,limit comparison test,,noun,us-ap-calculus-bc-10-series,analysis,大学,AP Calculus BC,none,textbook,,,,,
alternating-series,交代級数,alternating series,,noun,us-ap-calculus-bc-10-series,analysis,大学,AP Calculus BC,none,textbook,交項級数,,Q438842,wiki-redirect,
alternating-series-test,交代級数判定法,alternating series test,,noun,us-ap-calculus-bc-10-series,analysis,大学,AP Calculus BC,none,wikidata,交代級数判定法,,Q914099,,
ratio-test,比判定法,ratio test,,noun,us-ap-calculus-bc-10-series,analysis,大学,AP Calculus BC,none,textbook,,,,,
absolute-convergence,絶対収束,absolute convergence,,noun,us-ap-calculus-bc-10-series,analysis,大学,AP Calculus BC,none,wikipedia-langlink,絶対収束,Absolute convergence,Q332465,,
conditional-convergence,条件収束,conditional convergence,,noun,us-ap-calculus-bc-10-series,analysis,大学,AP Calculus BC,none,wikipedia-langlink,条件収束,Conditional convergence,Q2425336,,
alternating-series-error-bound,交代級数の誤差限界,alternating series error bound,,noun,us-ap-calculus-bc-10-series,analysis,大学,AP Calculus BC,none,textbook,,,,,
taylor-polynomial,テイラー多項式,Taylor polynomial,,noun,us-ap-calculus-bc-10-series,analysis,大学,AP Calculus BC,none,textbook,テイラー展開,Taylor series,Q131187,wiki-redirect,
lagrange-error-bound,ラグランジュの誤差限界,Lagrange error bound,,noun,us-ap-calculus-bc-10-series,analysis,大学,AP Calculus BC,none,textbook,,,,,
power-series,べき級数,power series,,noun,us-ap-calculus-bc-10-series,analysis,大学,AP Calculus BC,none,textbook,冪級数,Power series,Q206925,wiki-redirect,
radius-of-convergence,収束半径,radius of convergence,,noun,us-ap-calculus-bc-10-series,analysis,大学,AP Calculus BC,none,wikipedia-langlink,収束半径,Radius of convergence,Q1428097,,
interval-of-convergence,収束区間,interval of convergence,,noun,us-ap-calculus-bc-10-series,analysis,大学,AP Calculus BC,none,textbook,,,,,
taylor-series,テイラー級数,Taylor series,,noun,us-ap-calculus-bc-10-series,analysis,大学,AP Calculus BC,none,textbook,テイラー展開,Taylor series,Q131187,wiki-redirect,
maclaurin-series,マクローリン級数,Maclaurin series,,noun,us-ap-calculus-bc-10-series,analysis,大学,AP Calculus BC,none,textbook,テイラー展開,Taylor series,Q131187,wiki-redirect,
term-by-term-differentiation,級数の項別微分,term-by-term differentiation,,noun,us-ap-calculus-bc-10-series,analysis,大学,AP Calculus BC,none,textbook,,,,,
representing-a-function-as-a-series,関数の級数表示,representing a function as a series,,noun,us-ap-calculus-bc-10-series,analysis,大学,AP Calculus BC,none,textbook,,,,,
categorical-variable,カテゴリ変数,categorical variable,,noun,us-ap-statistics-1-one-variable,statistics,大学,AP Statistics,none,textbook,,,,,日本の高校では「質的データ」
quantitative-variable,量的変数,quantitative variable,,noun,us-ap-statistics-1-one-variable,statistics,大学,AP Statistics,none,textbook,,,,,
bar-chart,棒グラフ,bar chart,,noun,us-ap-statistics-1-one-variable,statistics,大学,AP Statistics,exact,wikidata,棒グラフ,,Q1124595,,
shape-center-and-spread,分布の形・中心・散らばり,"shape, center, and spread",,noun,us-ap-statistics-1-one-variable,statistics,—,AP Statistics,none,textbook,,,,,AP の記述の型
skewness,歪度,skewness,,noun,us-ap-statistics-1-one-variable,statistics,大学,AP Statistics,exact,wikipedia-langlink,歪度,Skewness,Q330828,,
skewed-right,右に歪んだ,skewed right,,adjective,us-ap-statistics-1-one-variable,statistics,—,AP Statistics,none,textbook,,,,,裾が右に長い
outlier-rule,外れ値の判定,outlier rule,,noun,us-ap-statistics-1-one-variable,statistics,—,AP Statistics,none,textbook,,,,,1.5 × IQR
resistant-statistic,抵抗性のある統計量,resistant statistic,,noun,us-ap-statistics-1-one-variable,statistics,—,AP Statistics,none,textbook,,,,,外れ値の影響を受けにくい
percentile,パーセンタイル,percentile,,noun,us-ap-statistics-1-one-variable,statistics,大学,AP Statistics,exact,textbook,分位数,Quantile,Q578714,wiki-redirect,
cumulative-relative-frequency-graph,累積相対度数グラフ,cumulative relative frequency graph,,noun,us-ap-statistics-1-one-variable,statistics,大学,AP Statistics,exact,textbook,,,,,
density-curve,密度曲線,density curve,,noun,us-ap-statistics-1-one-variable,statistics,大学,AP Statistics,exact,textbook,,,,,
normal-probability-plot,正規確率プロット,normal probability plot,,noun,us-ap-statistics-1-one-variable,statistics,大学,AP Statistics,none,textbook,,,,,
explanatory-variable,説明変数,explanatory variable,,noun,us-ap-statistics-2-two-variable,statistics,大学,AP Statistics,exact,textbook,数式,Expression (mathematics),Q6498784,wiki-redirect,
response-variable,応答変数,response variable,,noun,us-ap-statistics-2-two-variable,statistics,大学,AP Statistics,exact,textbook,,,,,
least-squares-regression-line,最小二乗回帰直線,least-squares regression line,,noun,us-ap-statistics-2-two-variable,statistics,大学,AP Statistics,exact,textbook,,,,,
coefficient-of-determination,決定係数,coefficient of determination,,noun,us-ap-statistics-2-two-variable,statistics,大学,AP Statistics,exact,wikidata,決定係数,,Q192830,,r²
residual-plot,残差プロット,residual plot,,noun,us-ap-statistics-2-two-variable,statistics,大学,AP Statistics,exact,textbook,,,,,
influential-point,影響点,influential point,,noun,us-ap-statistics-2-two-variable,statistics,大学,AP Statistics,none,textbook,,,,,
transforming-data,データの変換,transforming data,,noun,us-ap-statistics-2-two-variable,statistics,大学,AP Statistics,none,textbook,,,,,対数変換など
extrapolation-variable,外挿の危険,extrapolation,,noun,us-ap-statistics-2-two-variable,statistics,大学,AP Statistics,exact,textbook,,,,id-dedup,
population-and-sample,母集団と標本,population and sample,,noun,us-ap-statistics-3-collecting-data,statistics,大学,AP Statistics,exact,textbook,,,,,
simple-random-sample,単純無作為抽出,simple random sample,,noun,us-ap-statistics-3-collecting-data,statistics,大学,AP Statistics,exact,wikipedia-langlink,無作為抽出,Simple random sample,Q1056998,,
stratified-sampling,層化抽出,stratified sampling,,noun,us-ap-statistics-3-collecting-data,statistics,大学,AP Statistics,exact,wikipedia-langlink,層化抽出法,Stratified sampling,Q1517706,,
cluster-sampling,集落抽出,cluster sampling,,noun,us-ap-statistics-3-collecting-data,statistics,大学,AP Statistics,exact,textbook,,,,,
systematic-sampling,系統抽出,systematic sampling,,noun,us-ap-statistics-3-collecting-data,statistics,大学,AP Statistics,exact,textbook,,,,,
convenience-sample,便宜的抽出,convenience sample,,noun,us-ap-statistics-3-collecting-data,statistics,大学,AP Statistics,none,textbook,,,,,
voluntary-response-bias,自発的回答の偏り,voluntary response bias,,noun,us-ap-statistics-3-collecting-data,statistics,大学,AP Statistics,none,textbook,,,,,
nonresponse,無回答,nonresponse,,noun,us-ap-statistics-3-collecting-data,statistics,大学,AP Statistics,none,textbook,,,,,
confounding-variable,交絡変数,confounding variable,,noun,us-ap-statistics-3-collecting-data,statistics,大学,AP Statistics,exact,textbook,交絡,,Q1125472,wiki-redirect,
treatment,処理,treatment,,noun,us-ap-statistics-3-collecting-data,statistics,大学,AP Statistics,exact,textbook,,,,wiki-disambig,
control-group,対照群,control group,,noun,us-ap-statistics-3-collecting-data,statistics,大学,AP Statistics,exact,textbook,対照実験,Scientific control,Q367359,wiki-redirect,
placebo,プラセボ,placebo,,noun,us-ap-statistics-3-collecting-data,statistics,大学,AP Statistics,exact,textbook,偽薬,Placebo,Q269829,wiki-redirect,
blinding,盲検,blinding,,noun,us-ap-statistics-3-collecting-data,statistics,大学,AP Statistics,exact,textbook,,,,,
blocking,ブロック化,blocking,,noun,us-ap-statistics-3-collecting-data,statistics,大学,AP Statistics,none,textbook,,,,,
completely-randomized-design,完全無作為化計画,completely randomized design,,noun,us-ap-statistics-3-collecting-data,statistics,大学,AP Statistics,none,textbook,,,,,
probability-rules,確率の法則,probability rules,,noun,us-ap-statistics-4-probability,probability,大学,AP Statistics,exact,textbook,,,,,
general-addition-rule,一般加法法則,general addition rule,,noun,us-ap-statistics-4-probability,probability,大学,AP Statistics,exact,textbook,,,,,
general-multiplication-rule,一般乗法法則,general multiplication rule,,noun,us-ap-statistics-4-probability,probability,大学,AP Statistics,exact,textbook,,,,,
bayes-theorem,ベイズの定理,Bayes' theorem,,noun,us-ap-statistics-4-probability,probability,大学,AP Statistics,none,wikipedia-langlink,ベイズの定理,Bayes' theorem,Q182505,,
geometric-distribution,幾何分布,geometric distribution,,noun,us-ap-statistics-4-probability,probability,大学,AP Statistics,none,wikipedia-langlink,幾何分布,Geometric distribution,Q729523,,
combining-random-variables,確率変数の和と差,combining random variables,,noun,us-ap-statistics-4-probability,probability,大学,AP Statistics,exact,textbook,,,,,
sampling-distribution,標本分布,sampling distribution,,noun,us-ap-statistics-5-sampling-distributions,statistics,大学,AP Statistics,exact,textbook,,,,,
sampling-distribution-of-a-proportion,標本比率の分布,sampling distribution of a proportion,,noun,us-ap-statistics-5-sampling-distributions,statistics,大学,AP Statistics,exact,textbook,,,,,
unbiased-estimator,不偏推定量,unbiased estimator,,noun,us-ap-statistics-5-sampling-distributions,statistics,大学,AP Statistics,exact,textbook,偏り,,Q2257880,wiki-redirect,
sampling-variability,標本の変動,sampling variability,,noun,us-ap-statistics-5-sampling-distributions,statistics,大学,AP Statistics,none,textbook,,,,,
critical-value,臨界値,critical value,,noun,us-ap-statistics-6-proportions,statistics,大学,AP Statistics,none,textbook,,,,,z* / t*
test-statistic,検定統計量,test statistic,,noun,us-ap-statistics-6-proportions,statistics,大学,AP Statistics,exact,wikipedia-langlink,検定統計量,Test statistic,Q1461038,,
p-value,p 値,p-value,,noun,us-ap-statistics-6-proportions,statistics,大学,AP Statistics,exact,textbook,,,,,
reject-the-null-hypothesis,帰無仮説を棄却する,reject the null hypothesis,,phrase,us-ap-statistics-6-proportions,statistics,大学,AP Statistics,exact,textbook,,,,,
type-i-error,第一種の過誤,Type I error,,noun,us-ap-statistics-6-proportions,statistics,大学,AP Statistics,exact,textbook,第一種過誤と第二種過誤,,Q989120,wiki-redirect,
type-ii-error,第二種の過誤,Type II error,,noun,us-ap-statistics-6-proportions,statistics,大学,AP Statistics,exact,textbook,第一種過誤と第二種過誤,,Q989120,wiki-redirect,
power-proportions,検出力,power,,noun,us-ap-statistics-6-proportions,statistics,大学,AP Statistics,exact,textbook,仮説検定,Statistical hypothesis test,Q210832,id-dedup wiki-redirect,
statistically-significant,有意,statistically significant,,adjective,us-ap-statistics-6-proportions,statistics,大学,AP Statistics,exact,textbook,有意,Statistical significance,Q425265,,
checking-conditions,条件の確認,checking conditions,,noun,us-ap-statistics-6-proportions,statistics,—,AP Statistics,none,textbook,,,,,検定の前提条件を確認する手順
two-proportion-z-test,2 標本比率の検定,two-proportion z-test,,noun,us-ap-statistics-6-proportions,statistics,大学,AP Statistics,exact,textbook,,,,,
t-distribution,t 分布,t-distribution,,noun,us-ap-statistics-7-means,statistics,大学,AP Statistics,exact,textbook,,,,,
degrees-of-freedom,自由度,degrees of freedom,,noun,us-ap-statistics-7-means,statistics,大学,AP Statistics,exact,wikipedia-langlink,自由度,Degrees of freedom (physics and chemistry),Q274502,,
one-sample-t-test,1 標本 t 検定,one-sample t-test,,noun,us-ap-statistics-7-means,statistics,大学,AP Statistics,exact,textbook,,,,,
paired-t-test,対応のある t 検定,paired t-test,,noun,us-ap-statistics-7-means,statistics,大学,AP Statistics,exact,textbook,,,,,
two-sample-t-test,2 標本 t 検定,two-sample t-test,,noun,us-ap-statistics-7-means,statistics,大学,AP Statistics,exact,textbook,,,,,
chi-square-test,カイ二乗検定,chi-square test,,noun,us-ap-statistics-8-chi-square,statistics,大学,AP Statistics,exact,wikipedia-langlink,カイ二乗検定,Chi-squared test,Q1071004,,
goodness-of-fit-test,適合度検定,goodness-of-fit test,,noun,us-ap-statistics-8-chi-square,statistics,大学,AP Statistics,exact,textbook,,,,,
test-for-independence,独立性の検定,test for independence,,noun,us-ap-statistics-8-chi-square,statistics,大学,AP Statistics,exact,textbook,,,,,
test-for-homogeneity,同質性の検定,test for homogeneity,,noun,us-ap-statistics-8-chi-square,statistics,大学,AP Statistics,exact,textbook,,,,,
expected-count,期待度数,expected count,,noun,us-ap-statistics-8-chi-square,statistics,大学,AP Statistics,exact,textbook,,,,,
observed-count,観測度数,observed count,,noun,us-ap-statistics-8-chi-square,statistics,大学,AP Statistics,exact,textbook,,,,,
inference-for-the-slope,回帰の傾きの推測,inference for the slope,,noun,us-ap-statistics-9-slopes,statistics,大学,AP Statistics,none,textbook,,,,,
confidence-interval-for-the-slope,傾きの信頼区間,confidence interval for the slope,,noun,us-ap-statistics-9-slopes,statistics,大学,AP Statistics,exact,textbook,,,,,
t-test-for-the-slope,傾きの t 検定,t-test for the slope,,noun,us-ap-statistics-9-slopes,statistics,大学,AP Statistics,exact,textbook,,,,,
hyperbolic-functions,双曲線関数,hyperbolic functions,,noun,us-calculus-1-functions,functions,大学,Calculus I,none,wikipedia-langlink,双曲線関数,Hyperbolic functions,Q204034,,"sinh, cosh, tanh。日本の高校では扱わない"
inverse-hyperbolic-functions,逆双曲線関数,inverse hyperbolic functions,,noun,us-calculus-1-functions,functions,大学,Calculus I,none,wikidata,逆双曲線関数,,Q640600,,
properties-of-logarithms-functions,対数関数の性質,properties of logarithms,,noun,us-calculus-1-functions,functions,大学,Calculus I,exact,textbook,,,,id-dedup,
types-of-functions,関数の型,types of functions,,noun,us-calculus-1-functions,functions,大学,Calculus I,none,textbook,,,,,代数関数・超越関数など
transcendental-function,超越関数,transcendental function,,noun,us-calculus-1-functions,functions,大学,Calculus I,none,wikipedia-langlink,超越関数,Transcendental function,Q864333,,
algebraic-function,代数関数,algebraic function,,noun,us-calculus-1-functions,functions,大学,Calculus I,none,wikidata,代数関数,,Q746863,,
precise-definition-of-a-limit,極限の厳密な定義,precise definition of a limit,,noun,us-calculus-1-limits,analysis,大学,Calculus I,none,textbook,,,,,ε-δ
limit-theorems,極限と連続の定理,limit theorems,,noun,us-calculus-1-limits,analysis,大学,Calculus I,exact,textbook,,,,,
tangent-problem,接線問題,tangent problem,,noun,us-calculus-1-limits,analysis,—,Calculus I,none,textbook,,,,,微分の動機づけ
area-problem,面積問題,area problem,,noun,us-calculus-1-limits,analysis,—,Calculus I,none,textbook,,,,,積分の動機づけ
notations-for-the-derivative,微分の記法,notations for the derivative,,noun,us-calculus-1-derivatives,calculus,大学,Calculus I,exact,wikipedia-langlink,微分の記法,Notation for differentiation,Q3269411,,
differential-operator,微分作用素,differential operator,,noun,us-calculus-1-derivatives,calculus,大学,Calculus I,none,wikidata,微分作用素,,Q1058681,,d/dx
implicit-function-derivatives,陰関数の定理,implicit function,,noun,us-calculus-1-derivatives,calculus,大学,Calculus I,exact,textbook,,,,id-dedup,
logarithmic-differentiation-derivatives,対数微分,logarithmic differentiation,,noun,us-calculus-1-derivatives,calculus,大学,Calculus I,exact,wikidata,対数微分,,Q762521,id-dedup,
newtons-method,ニュートン法,Newton's method,,noun,us-calculus-1-applications-of-derivatives,calculus,大学,Calculus I,none,wikipedia-langlink,ニュートン法,Newton's method,Q374195,,日本の高校では扱わない
related-rates-calc1,関連変化率の問題,related rates problems,,noun,us-calculus-1-applications-of-derivatives,calculus,大学,Calculus I,none,textbook,,,,,
concavity-and-the-second-derivative,凹凸と第 2 次導関数,concavity and the second derivative,,noun,us-calculus-1-applications-of-derivatives,calculus,大学,Calculus I,exact,textbook,,,,,
asymptotes-and-end-behavior,漸近線とグラフ,asymptotes and end behavior,,noun,us-calculus-1-applications-of-derivatives,calculus,大学,Calculus I,exact,textbook,,,,,
derivatives-and-inequalities,微分と不等式,derivatives and inequalities,,noun,us-calculus-1-applications-of-derivatives,calculus,大学,Calculus I,exact,textbook,,,,,
antiderivatives,不定積分と原始関数,antiderivatives,,noun,us-calculus-1-integration,calculus,大学,Calculus I,exact,textbook,,,,,
areas-and-distances,面積と距離,areas and distances,,noun,us-calculus-1-integration,calculus,—,Calculus I,none,textbook,,,,,
summation-notation-integration,シグマ記法での和,summation notation,,noun,us-calculus-1-integration,calculus,大学,Calculus I,exact,textbook,,,,id-dedup,
limit-of-riemann-sums,リーマン和の極限,limit of Riemann sums,,noun,us-calculus-1-integration,calculus,大学,Calculus I,exact,textbook,,,,,
fundamental-theorem-of-calculus-part-1,微積分学の基本定理 第 1 部,fundamental theorem of calculus part 1,,noun,us-calculus-1-integration,calculus,大学,Calculus I,none,textbook,,,,,
fundamental-theorem-of-calculus-part-2,微積分学の基本定理 第 2 部,fundamental theorem of calculus part 2,,noun,us-calculus-1-integration,calculus,大学,Calculus I,none,textbook,,,,,evaluation theorem
net-change-theorem,純変化定理,net change theorem,,noun,us-calculus-1-integration,calculus,大学,Calculus I,none,textbook,,,,,
substitution-rule,置換法則,substitution rule,,noun,us-calculus-1-integration,calculus,大学,Calculus I,exact,textbook,,,,,
trigonometric-substitution,三角置換,trigonometric substitution,,noun,us-calculus-2-techniques-of-integration,calculus,大学,Calculus II,none,textbook,,,,,x = a sin θ の置換。日本の高校では個別に扱う
trigonometric-integrals,三角関数の積の積分,trigonometric integrals,,noun,us-calculus-2-techniques-of-integration,calculus,大学,Calculus II,exact,textbook,,,,,
rationalizing-substitution,有理化置換,rationalizing substitution,,noun,us-calculus-2-techniques-of-integration,calculus,大学,Calculus II,none,textbook,,,,,
using-integral-tables,積分表の利用,using integral tables,,noun,us-calculus-2-techniques-of-integration,calculus,大学,Calculus II,none,textbook,,,,,
numerical-integration,数値積分,numerical integration,,noun,us-calculus-2-techniques-of-integration,calculus,大学,Calculus II,none,wikipedia-langlink,数値積分,Numerical integration,Q753445,,
simpsons-rule,シンプソンの公式,Simpson's rule,,noun,us-calculus-2-techniques-of-integration,calculus,大学,Calculus II,none,wikipedia-langlink,シンプソンの公式,Simpson's rule,Q722507,,
trapezoidal-rule,台形則,trapezoidal rule,,noun,us-calculus-2-techniques-of-integration,calculus,大学,Calculus II,none,textbook,台形公式,Trapezoidal rule,Q833293,wiki-redirect,
convergence-of-improper-integrals,広義積分の収束,convergence of improper integrals,,noun,us-calculus-2-techniques-of-integration,calculus,大学,Calculus II,none,textbook,,,,,
comparison-test-for-integrals,比較判定法（積分）,comparison test for integrals,,noun,us-calculus-2-techniques-of-integration,calculus,大学,Calculus II,none,textbook,,,,,
surface-area-of-revolution,回転面の面積,surface area of revolution,,noun,us-calculus-2-applications-of-integration,calculus,大学,Calculus II,none,textbook,,,,,
hydrostatic-force,静水圧,hydrostatic force,,noun,us-calculus-2-applications-of-integration,calculus,大学,Calculus II,none,textbook,流体静力学,,Q177807,wiki-redirect,
center-of-mass,重心（質量中心）,center of mass,,noun,us-calculus-2-applications-of-integration,calculus,大学,Calculus II,none,textbook,,,,,
probability-density-and-integrals,確率密度と積分,probability density and integrals,,noun,us-calculus-2-applications-of-integration,calculus,大学,Calculus II,none,textbook,,,,,
direction-field,方向場,direction field,,noun,us-calculus-2-differential-equations,calculus,大学,Calculus II,none,textbook,,,,,勾配場
separable-equation,分離可能な方程式,separable equation,,noun,us-calculus-2-differential-equations,calculus,大学,Calculus II,exact,textbook,,,,,
first-order-linear-differential-equation,線形一階微分方程式,first-order linear differential equation,,noun,us-calculus-2-differential-equations,calculus,大学,Calculus II,none,textbook,,,,,
integrating-factor,積分因子,integrating factor,,noun,us-calculus-2-differential-equations,calculus,大学,Calculus II,none,wikipedia-langlink,積分因子,Integrating factor,Q2734005,,
exponential-growth-and-decay-models,指数増加・減衰のモデル,exponential growth and decay models,,noun,us-calculus-2-differential-equations,calculus,大学,Calculus II,exact,textbook,,,,,
logistic-equation,ロジスティック方程式,logistic equation,,noun,us-calculus-2-differential-equations,calculus,大学,Calculus II,none,wikipedia-langlink,ロジスティック方程式,Logistic differential equation,Q736352,,
convergence-of-a-sequence,数列の収束,convergence of a sequence,,noun,us-calculus-2-sequences-and-series,analysis,大学,Calculus II,exact,textbook,極限,Limit (mathematics),Q177239,wiki-redirect,
monotone-convergence-theorem,単調数列定理,monotone convergence theorem,,noun,us-calculus-2-sequences-and-series,analysis,大学,Calculus II,none,textbook,,,,,
telescoping-series,望遠鏡級数,telescoping series,,noun,us-calculus-2-sequences-and-series,analysis,大学,Calculus II,none,textbook,,,,,途中の項が打ち消し合う和。日本では名前をつけない
strategy-for-testing-series,判定法のまとめ,strategy for testing series,,noun,us-calculus-2-sequences-and-series,analysis,大学,Calculus II,none,textbook,,,,,
estimating-the-sum-of-a-series,級数の和の評価,estimating the sum of a series,,noun,us-calculus-2-sequences-and-series,analysis,大学,Calculus II,none,textbook,,,,,
taylors-theorem,テイラーの定理,Taylor's theorem,,noun,us-calculus-2-power-series,analysis,大学,Calculus II,none,wikipedia-langlink,テイラーの定理,Taylor's theorem,Q1137206,,
binomial-series,二項級数,binomial series,,noun,us-calculus-2-power-series,analysis,大学,Calculus II,none,wikidata,二項級数,,Q833480,,
operations-on-power-series,べき級数の演算,operations on power series,,noun,us-calculus-2-power-series,analysis,大学,Calculus II,none,textbook,,,,,
approximating-functions,関数の近似,approximating functions,,noun,us-calculus-2-power-series,analysis,大学,Calculus II,none,textbook,,,,,
area-polar-calc2,極座標の面積,area in polar coordinates,,noun,us-calculus-2-parametric-and-polar,calculus,大学,Calculus II,none,textbook,,,,,同上
arc-length-in-polar-coordinates,極曲線の弧長,arc length in polar coordinates,,noun,us-calculus-2-parametric-and-polar,calculus,大学,Calculus II,none,textbook,,,,,
polar-equations-of-conics,円錐曲線の極方程式,polar equations of conics,,noun,us-calculus-2-parametric-and-polar,calculus,大学,Calculus II,none,textbook,,,,,
three-dimensional-coordinate-system,三次元座標系,three-dimensional coordinate system,,noun,us-calculus-3-vectors-in-space,vectors,大学,Calculus III,exact,textbook,,,,,
scalar-triple-product,スカラー三重積,scalar triple product,,noun,us-calculus-3-vectors-in-space,vectors,大学,Calculus III,none,wikidata,三重積 (ベクトル解析),,Q36248,,
lines-and-planes-in-space,空間の直線と平面,lines and planes in space,,noun,us-calculus-3-vectors-in-space,vectors,大学,Calculus III,exact,textbook,,,,,
quadric-surface,二次曲面,quadric surface,,noun,us-calculus-3-vectors-in-space,vectors,大学,Calculus III,none,wikipedia-langlink,二次曲面,Quadric,Q852117,,
cylindrical-coordinates,円柱座標,cylindrical coordinates,,noun,us-calculus-3-vectors-in-space,vectors,大学,Calculus III,none,textbook,円筒座標系,,Q211851,wiki-redirect,
spherical-coordinates,球座標,spherical coordinates,,noun,us-calculus-3-vectors-in-space,vectors,大学,Calculus III,none,textbook,球面座標系,,Q203218,wiki-redirect,
derivative-of-a-vector-function,ベクトル値関数の微分,derivative of a vector function,,noun,us-calculus-3-vector-valued-functions,calculus,大学,Calculus III,none,textbook,,,,,
space-curve,空間曲線,space curve,,noun,us-calculus-3-vector-valued-functions,calculus,大学,Calculus III,none,textbook,曲線,Curve,Q161973,wiki-redirect,
curvature,曲率,curvature,,noun,us-calculus-3-vector-valued-functions,calculus,大学,Calculus III,none,wikipedia-langlink,曲率,Curvature,Q214881,,
unit-tangent-vector,単位接ベクトル,unit tangent vector,,noun,us-calculus-3-vector-valued-functions,calculus,大学,Calculus III,none,textbook,,,,,
normal-and-binormal-vectors,法線ベクトルと従法線ベクトル,normal and binormal vectors,,noun,us-calculus-3-vector-valued-functions,calculus,大学,Calculus III,none,textbook,,,,,
velocity-and-acceleration-vectors,速度ベクトルと加速度ベクトル,velocity and acceleration vectors,,noun,us-calculus-3-vector-valued-functions,calculus,大学,Calculus III,exact,textbook,,,,,
function-of-several-variables,多変数関数,function of several variables,,noun,us-calculus-3-partial-derivatives,calculus,大学,Calculus III,none,textbook,関数 (数学),Function (mathematics),Q11348,wiki-redirect,
level-curve,等高線,level curve,,noun,us-calculus-3-partial-derivatives,calculus,大学,Calculus III,none,wikipedia-langlink,等高線,Contour line,Q193311,,
partial-derivative,偏導関数,partial derivative,,noun,us-calculus-3-partial-derivatives,calculus,大学,Calculus III,none,textbook,偏微分,Partial derivative,Q186475,wiki-redirect,
tangent-plane,接平面,tangent plane,,noun,us-calculus-3-partial-derivatives,calculus,大学,Calculus III,none,textbook,,,,,
total-differential,全微分,total differential,,noun,us-calculus-3-partial-derivatives,calculus,大学,Calculus III,none,wikipedia-langlink,全微分,Derivative (multivariable calculus),Q636889,,
multivariable-chain-rule,多変数の連鎖律,multivariable chain rule,,noun,us-calculus-3-partial-derivatives,calculus,大学,Calculus III,none,textbook,,,,,
directional-derivative,方向微分,directional derivative,,noun,us-calculus-3-partial-derivatives,calculus,大学,Calculus III,none,wikidata,方向微分,,Q383851,,
gradient,勾配,gradient,,noun,us-calculus-3-partial-derivatives,calculus,大学,Calculus III,none,wikidata,勾配,,Q68297121,,
extrema-of-functions-of-two-variables,多変数の極値,extrema of functions of two variables,,noun,us-calculus-3-partial-derivatives,calculus,大学,Calculus III,none,textbook,,,,,
saddle-point,鞍点,saddle point,,noun,us-calculus-3-partial-derivatives,calculus,大学,Calculus III,none,wikidata,鞍点,,Q690935,,
lagrange-multipliers,ラグランジュの未定乗数法,Lagrange multipliers,,noun,us-calculus-3-partial-derivatives,calculus,大学,Calculus III,none,wikidata,ラグランジュの未定乗数法,,Q598870,,
take-the-partial-derivative,偏微分する,take the partial derivative,,phrase,us-calculus-3-partial-derivatives,calculus,大学,Calculus III,none,textbook,偏微分,Partial derivative,Q186475,,
del,デル,del,,noun,us-calculus-3-partial-derivatives,calculus,大学,Calculus III,none,wikidata,デル・テクノロジーズ,,Q30873,,∇ の読み方。nabla とも
double-integral,二重積分,double integral,,noun,us-calculus-3-multiple-integrals,calculus,大学,Calculus III,none,textbook,多重積分,,Q844937,wiki-redirect,
iterated-integral,累次積分,iterated integral,,noun,us-calculus-3-multiple-integrals,calculus,大学,Calculus III,none,textbook,逐次積分,,Q6094400,wiki-redirect,
changing-the-order-of-integration,積分順序の交換,changing the order of integration,,noun,us-calculus-3-multiple-integrals,calculus,大学,Calculus III,none,textbook,,,,,
double-integrals-in-polar-coordinates,極座標の二重積分,double integrals in polar coordinates,,noun,us-calculus-3-multiple-integrals,calculus,大学,Calculus III,none,textbook,,,,,
triple-integral,三重積分,triple integral,,noun,us-calculus-3-multiple-integrals,calculus,大学,Calculus III,none,textbook,,,,,
change-of-variables,変数変換,change of variables,,noun,us-calculus-3-multiple-integrals,calculus,大学,Calculus III,none,textbook,,,,,
jacobian,ヤコビアン,Jacobian,,noun,us-calculus-3-multiple-integrals,calculus,大学,Calculus III,none,textbook,ヤコビ行列,Jacobian matrix and determinant,Q506041,wiki-redirect,
fubinis-theorem,フビニの定理,Fubini's theorem,,noun,us-calculus-3-multiple-integrals,calculus,大学,Calculus III,none,wikidata,フビニの定理,,Q1149022,,
vector-field,ベクトル場,vector field,,noun,us-calculus-3-vector-calculus,calculus,大学,Calculus III,none,wikidata,ベクトル場,,Q186247,,
line-integral,線積分,line integral,,noun,us-calculus-3-vector-calculus,calculus,大学,Calculus III,none,wikidata,線積分,,Q467699,,
conservative-vector-field,保存場,conservative vector field,,noun,us-calculus-3-vector-calculus,calculus,大学,Calculus III,none,textbook,,,,,
potential-function,ポテンシャル関数,potential function,,noun,us-calculus-3-vector-calculus,calculus,大学,Calculus III,none,textbook,,,,wiki-disambig,
greens-theorem,グリーンの定理,Green's theorem,,noun,us-calculus-3-vector-calculus,calculus,大学,Calculus III,none,wikipedia-langlink,グリーンの定理,Green's theorem,Q321237,,
curl-vector,回転（ベクトル解析）,curl,,noun,us-calculus-3-vector-calculus,calculus,大学,Calculus III,none,textbook,,,,,
divergence-vector,発散（ベクトル解析）,divergence,,noun,us-calculus-3-vector-calculus,calculus,大学,Calculus III,none,textbook,,,,,
surface-integral,面積分,surface integral,,noun,us-calculus-3-vector-calculus,calculus,大学,Calculus III,none,wikidata,面積分,,Q598146,,
stokes-theorem,ストークスの定理,Stokes' theorem,,noun,us-calculus-3-vector-calculus,calculus,大学,Calculus III,none,textbook,ストークスの定理,,,wiki-nonmath,
divergence-theorem,発散定理,divergence theorem,,noun,us-calculus-3-vector-calculus,calculus,大学,Calculus III,none,wikipedia-langlink,発散定理,Divergence theorem,Q338886,,
system-of-linear-equations,線形方程式系,system of linear equations,,noun,us-linear-algebra-systems-and-matrices,linear-algebra,大学,Linear Algebra,exact,textbook,線型方程式系,System of linear equations,Q11203,wiki-redirect,
row-reduction,行簡約,row reduction,,noun,us-linear-algebra-systems-and-matrices,linear-algebra,大学,Linear Algebra,none,textbook,,,,,
reduced-row-echelon-form,既約行階段形,reduced row echelon form,,noun,us-linear-algebra-systems-and-matrices,linear-algebra,大学,Linear Algebra,none,wikidata,行階段形,,Q2091296,,RREF
pivot,ピボット,pivot,,noun,us-linear-algebra-systems-and-matrices,linear-algebra,大学,Linear Algebra,none,textbook,,,,wiki-disambig,
free-variable,自由変数,free variable,,noun,us-linear-algebra-systems-and-matrices,linear-algebra,大学,Linear Algebra,none,wikidata,自由変数と束縛変数,,Q935944,,
basic-variable,基本変数,basic variable,,noun,us-linear-algebra-systems-and-matrices,linear-algebra,大学,Linear Algebra,none,textbook,,,,,
matrix-operations,行列の演算,matrix operations,,noun,us-linear-algebra-systems-and-matrices,linear-algebra,大学,Linear Algebra,exact,textbook,,,,,
transpose,転置,transpose,,noun,us-linear-algebra-systems-and-matrices,linear-algebra,大学,Linear Algebra,none,textbook,,,,wiki-disambig,
invertible-matrix,可逆行列,invertible matrix,,noun,us-linear-algebra-systems-and-matrices,linear-algebra,大学,Linear Algebra,none,textbook,正則行列,Invertible matrix,Q242188,wiki-redirect,正則行列
singular-matrix,特異行列,singular matrix,,noun,us-linear-algebra-systems-and-matrices,linear-algebra,大学,Linear Algebra,none,textbook,,,,,
elementary-matrix,基本行列,elementary matrix,,noun,us-linear-algebra-systems-and-matrices,linear-algebra,大学,Linear Algebra,none,textbook,行列の基本変形,,Q609566,wiki-redirect,
lu-decomposition,LU 分解,LU decomposition,,noun,us-linear-algebra-systems-and-matrices,linear-algebra,大学,Linear Algebra,none,textbook,,,,,
block-matrix,ブロック行列,block matrix,,noun,us-linear-algebra-systems-and-matrices,linear-algebra,大学,Linear Algebra,none,textbook,区分行列,,Q884772,wiki-redirect,
homogeneous-system,同次方程式系,homogeneous system,,noun,us-linear-algebra-systems-and-matrices,linear-algebra,大学,Linear Algebra,none,textbook,,,,,
existence-and-uniqueness,解の存在と一意性,existence and uniqueness,,noun,us-linear-algebra-systems-and-matrices,linear-algebra,大学,Linear Algebra,none,textbook,,,,,
cofactor-expansion,余因子展開,cofactor expansion,,noun,us-linear-algebra-determinants,linear-algebra,大学,Linear Algebra,none,wikidata,余因子展開,,Q2044612,,
cofactor,余因子,cofactor,,noun,us-linear-algebra-determinants,linear-algebra,大学,Linear Algebra,none,textbook,小行列式,,Q1341061,wiki-redirect,
minor,小行列式,minor,,noun,us-linear-algebra-determinants,linear-algebra,大学,Linear Algebra,none,wikidata,小行列式,,Q1341061,,
properties-of-determinants,行列式の性質,properties of determinants,,noun,us-linear-algebra-determinants,linear-algebra,大学,Linear Algebra,exact,textbook,,,,,
adjugate,随伴行列,adjugate,,noun,us-linear-algebra-determinants,linear-algebra,大学,Linear Algebra,none,wikidata,随伴行列,,Q2051983,,
determinants-as-volume,行列式と体積,determinants as volume,,noun,us-linear-algebra-determinants,linear-algebra,大学,Linear Algebra,none,textbook,,,,,
vector-space,ベクトル空間,vector space,,noun,us-linear-algebra-vector-spaces,linear-algebra,大学,Linear Algebra,none,wikipedia-langlink,ベクトル空間,Vector space,Q125977,,
subspace,部分空間,subspace,,noun,us-linear-algebra-vector-spaces,linear-algebra,大学,Linear Algebra,none,textbook,,,,wiki-disambig,
span,張る,span,,verb,us-linear-algebra-vector-spaces,linear-algebra,大学,Linear Algebra,none,textbook,,,,,「ベクトルが空間を張る」
linear-independence,線形独立,linear independence,,noun,us-linear-algebra-vector-spaces,linear-algebra,大学,Linear Algebra,exact,textbook,線型独立,,Q27670,wiki-redirect,
basis,基底,basis,,noun,us-linear-algebra-vector-spaces,linear-algebra,大学,Linear Algebra,none,wikipedia-langlink,基底 (位相空間論),Base (topology),Q810214,,
dimension,次元,dimension,,noun,us-linear-algebra-vector-spaces,linear-algebra,大学,Linear Algebra,none,wikipedia-langlink,次元,Dimension,Q4440864,,
null-space,零空間,null space,,noun,us-linear-algebra-vector-spaces,linear-algebra,大学,Linear Algebra,none,wikipedia-langlink,零空間,Kernel (linear algebra),Q2914509,,核
column-space,列空間,column space,,noun,us-linear-algebra-vector-spaces,linear-algebra,大学,Linear Algebra,none,wikidata,列空間,,Q4131105,,
row-space,行空間,row space,,noun,us-linear-algebra-vector-spaces,linear-algebra,大学,Linear Algebra,none,wikidata,行空間,,Q2088159,,
rank,階数,rank,,noun,us-linear-algebra-vector-spaces,linear-algebra,大学,Linear Algebra,none,textbook,,,,wiki-disambig,
rank-nullity-theorem,階数・退化次数の定理,rank-nullity theorem,,noun,us-linear-algebra-vector-spaces,linear-algebra,大学,Linear Algebra,none,wikidata,階数・退化次数の定理,,Q303402,,
coordinate-vector,座標ベクトル,coordinate vector,,noun,us-linear-algebra-vector-spaces,linear-algebra,大学,Linear Algebra,none,textbook,,,,,
change-of-basis,基底の変換,change of basis,,noun,us-linear-algebra-vector-spaces,linear-algebra,大学,Linear Algebra,none,textbook,,,,,
linear-transformation-transformations,線形変換,linear transformation,,noun,us-linear-algebra-linear-transformations,linear-algebra,大学,Linear Algebra,exact,textbook,線型写像,Linear map,Q207643,id-dedup wiki-redirect,
linear-map,線形写像,linear map,,noun,us-linear-algebra-linear-transformations,linear-algebra,大学,Linear Algebra,none,textbook,線型写像,Linear map,Q207643,wiki-redirect,
standard-matrix,標準行列,standard matrix,,noun,us-linear-algebra-linear-transformations,linear-algebra,大学,Linear Algebra,none,textbook,,,,,
kernel,核,kernel,,noun,us-linear-algebra-linear-transformations,linear-algebra,大学,Linear Algebra,none,wikipedia-langlink,核 (代数学),Kernel (algebra),Q574844,,
range-linear-map,像（線形写像）,range,,noun,us-linear-algebra-linear-transformations,linear-algebra,大学,Linear Algebra,none,textbook,,,,,
one-to-one-transformations,単射,one-to-one,,adjective,us-linear-algebra-linear-transformations,linear-algebra,大学,Linear Algebra,none,textbook,単射,Injective function,Q182003,id-dedup,injective
onto,全射,onto,,adjective,us-linear-algebra-linear-transformations,linear-algebra,大学,Linear Algebra,none,textbook,全射,Surjective function,Q229102,,surjective
isomorphism,同型,isomorphism,,noun,us-linear-algebra-linear-transformations,linear-algebra,大学,Linear Algebra,none,wikidata,同型写像,,Q189112,,
composition-linalg,変換の合成,composition of transformations,,noun,us-linear-algebra-linear-transformations,linear-algebra,大学,Linear Algebra,none,textbook,,,,,
eigenvalue,固有値,eigenvalue,,noun,us-linear-algebra-eigenvalues,linear-algebra,大学,Linear Algebra,none,wikipedia-langlink,固有値と固有ベクトル,Eigenvalues and eigenvectors,Q190524,,
eigenvector,固有ベクトル,eigenvector,,noun,us-linear-algebra-eigenvalues,linear-algebra,大学,Linear Algebra,none,wikipedia-langlink,固有値と固有ベクトル,Eigenvalues and eigenvectors,Q190524,,
eigenspace,固有空間,eigenspace,,noun,us-linear-algebra-eigenvalues,linear-algebra,大学,Linear Algebra,none,textbook,固有値と固有ベクトル,Eigenvalues and eigenvectors,Q190524,wiki-redirect,
characteristic-polynomial,特性多項式,characteristic polynomial,,noun,us-linear-algebra-eigenvalues,linear-algebra,大学,Linear Algebra,none,textbook,固有多項式,,Q849705,wiki-redirect,
diagonalization,対角化,diagonalization,,noun,us-linear-algebra-eigenvalues,linear-algebra,大学,Linear Algebra,none,wikidata,対角化,,Q11917068,,
diagonalizable,対角化可能,diagonalizable,,adjective,us-linear-algebra-eigenvalues,linear-algebra,大学,Linear Algebra,none,textbook,対角化,,Q11917068,,
similar-matrices,相似な行列,similar matrices,,noun,us-linear-algebra-eigenvalues,linear-algebra,大学,Linear Algebra,none,textbook,,,,,
algebraic-multiplicity,代数的重複度,algebraic multiplicity,,noun,us-linear-algebra-eigenvalues,linear-algebra,大学,Linear Algebra,none,textbook,固有値と固有ベクトル,Eigenvalues and eigenvectors,Q190524,wiki-redirect,
geometric-multiplicity,幾何的重複度,geometric multiplicity,,noun,us-linear-algebra-eigenvalues,linear-algebra,大学,Linear Algebra,none,textbook,,,,,
complex-eigenvalues,複素固有値,complex eigenvalues,,noun,us-linear-algebra-eigenvalues,linear-algebra,大学,Linear Algebra,none,textbook,,,,,
markov-chain,マルコフ連鎖,Markov chain,,noun,us-linear-algebra-eigenvalues,linear-algebra,大学,Linear Algebra,none,wikidata,マルコフ連鎖,,Q176645,,
dynamical-system,動的システム,dynamical system,,noun,us-linear-algebra-eigenvalues,linear-algebra,大学,Linear Algebra,none,textbook,力学系,Dynamical system,Q638328,wiki-redirect,
orthogonal,直交,orthogonal,,adjective,us-linear-algebra-orthogonality,linear-algebra,大学,Linear Algebra,none,textbook,直交,Orthogonality,Q215067,,
orthonormal-basis,正規直交基底,orthonormal basis,,noun,us-linear-algebra-orthogonality,linear-algebra,大学,Linear Algebra,none,wikidata,正規直交基底,,Q2365325,,
orthogonal-projection-linalg,直交射影,orthogonal projection,,noun,us-linear-algebra-orthogonality,linear-algebra,大学,Linear Algebra,none,textbook,射影作用素,Projection (linear algebra),Q519967,wiki-redirect,同上
gram-schmidt-process,グラム・シュミットの直交化,Gram-Schmidt process,,noun,us-linear-algebra-orthogonality,linear-algebra,大学,Linear Algebra,none,textbook,,,,,
least-squares-solution,最小二乗解,least-squares solution,,noun,us-linear-algebra-orthogonality,linear-algebra,大学,Linear Algebra,none,textbook,,,,,
orthogonal-complement,直交補空間,orthogonal complement,,noun,us-linear-algebra-orthogonality,linear-algebra,大学,Linear Algebra,none,wikidata,直交補空間,,Q1780921,,
qr-factorization,QR 分解,QR factorization,,noun,us-linear-algebra-orthogonality,linear-algebra,大学,Linear Algebra,none,textbook,,,,,
diagonalization-of-symmetric-matrices,対称行列の対角化,diagonalization of symmetric matrices,,noun,us-linear-algebra-orthogonality,linear-algebra,大学,Linear Algebra,none,textbook,,,,,
quadratic-form-linalg,二次形式,quadratic form,,noun,us-linear-algebra-orthogonality,linear-algebra,大学,Linear Algebra,none,wikipedia-langlink,二次形式,Quadratic form,Q736753,,
singular-value-decomposition,特異値分解,singular value decomposition,,noun,us-linear-algebra-orthogonality,linear-algebra,大学,Linear Algebra,none,wikidata,特異値分解,,Q420904,,
norm,ノルム,norm,,noun,us-linear-algebra-orthogonality,linear-algebra,大学,Linear Algebra,none,wikipedia-langlink,ノルム,Norm (mathematics),Q956437,,
statistics,統計学,statistics,,noun,us-intro-statistics-sampling-and-data,statistics,大学,Intro Statistics,exact,wikipedia-langlink,統計学,Statistics,Q12483,,
descriptive-statistics,記述統計,descriptive statistics,,noun,us-intro-statistics-sampling-and-data,statistics,大学,Intro Statistics,exact,textbook,,,,,
inferential-statistics,推測統計,inferential statistics,,noun,us-intro-statistics-sampling-and-data,statistics,大学,Intro Statistics,exact,textbook,,,,,
statistic,統計量,statistic,,noun,us-intro-statistics-sampling-and-data,statistics,大学,Intro Statistics,exact,wikidata,統計量,,Q1949963,,
levels-of-measurement,変数の種類,levels of measurement,,noun,us-intro-statistics-sampling-and-data,statistics,大学,Intro Statistics,none,textbook,,,,,名義・順序・間隔・比
frequency-distribution,度数分布,frequency distribution,,noun,us-intro-statistics-sampling-and-data,statistics,大学,Intro Statistics,exact,wikidata,度数分布,,Q1627586,,
sampling-error,標本抽出の誤り,sampling error,,noun,us-intro-statistics-sampling-and-data,statistics,大学,Intro Statistics,exact,textbook,,,,,
survey-data,質問票,survey,,noun,us-intro-statistics-sampling-and-data,statistics,大学,Intro Statistics,exact,textbook,,,,id-dedup,
stem-and-leaf-stats,幹葉表示,stem-and-leaf graph,,noun,us-intro-statistics-descriptive-statistics,statistics,大学,Intro Statistics,none,wikidata,幹葉表示,,Q737802,,同上
measures-of-location,位置の測度,measures of location,,noun,us-intro-statistics-descriptive-statistics,statistics,大学,Intro Statistics,none,textbook,,,,,四分位数・パーセンタイル
measures-of-central-tendency,中心の測度,measures of central tendency,,noun,us-intro-statistics-descriptive-statistics,statistics,大学,Intro Statistics,near,textbook,,,,,代表値
measures-of-spread,散らばりの測度,measures of spread,,noun,us-intro-statistics-descriptive-statistics,statistics,大学,Intro Statistics,near,textbook,,,,,散布度
coefficient-of-variation,変動係数,coefficient of variation,,noun,us-intro-statistics-descriptive-statistics,statistics,大学,Intro Statistics,none,wikidata,変動係数,,Q623738,,
skewness-of-a-distribution,分布の歪み,skewness of a distribution,,noun,us-intro-statistics-descriptive-statistics,statistics,大学,Intro Statistics,exact,textbook,,,,,
sample-space-probability,標本空間,sample space,,noun,us-intro-statistics-probability,probability,大学,Intro Statistics,exact,wikidata,標本空間,,Q467440,id-dedup,
independence-of-events,事象の独立,independence of events,,noun,us-intro-statistics-probability,probability,大学,Intro Statistics,exact,textbook,,,,,
contingency-table,分割表,contingency table,,noun,us-intro-statistics-probability,probability,大学,Intro Statistics,exact,wikidata,分割表,,Q1541178,,
tree-and-venn-diagrams,樹形図と Venn 図,tree and Venn diagrams,,noun,us-intro-statistics-probability,probability,大学,Intro Statistics,exact,textbook,,,,,
inclusion-exclusion,包含と排除,inclusion-exclusion,,noun,us-intro-statistics-probability,probability,大学,Intro Statistics,none,textbook,,,,,
probability-distribution-function,確率分布関数,probability distribution function,,noun,us-intro-statistics-discrete-distributions,probability,大学,Intro Statistics,exact,textbook,,,,wiki-disambig,
hypergeometric-distribution,超幾何分布,hypergeometric distribution,,noun,us-intro-statistics-discrete-distributions,probability,大学,Intro Statistics,none,wikidata,超幾何分布,,Q730600,,
poisson-distribution,ポアソン分布,Poisson distribution,,noun,us-intro-statistics-discrete-distributions,probability,大学,Intro Statistics,none,wikipedia-langlink,ポアソン分布,Poisson distribution,Q205692,,
continuous-probability-distribution,連続確率分布,continuous probability distribution,,noun,us-intro-statistics-continuous-distributions,statistics,大学,Intro Statistics,exact,wikipedia-langlink,連続確率分布,Probability distribution,Q917918,,
uniform-distribution,一様分布,uniform distribution,,noun,us-intro-statistics-continuous-distributions,statistics,大学,Intro Statistics,none,textbook,,,,wiki-disambig,
exponential-distribution,指数分布,exponential distribution,,noun,us-intro-statistics-continuous-distributions,statistics,大学,Intro Statistics,none,wikidata,指数分布,,Q237193,,
applications-of-the-normal-distribution,正規分布の応用,applications of the normal distribution,,noun,us-intro-statistics-continuous-distributions,statistics,大学,Intro Statistics,exact,textbook,,,,,
error-bound,誤差限界,error bound,,noun,us-intro-statistics-confidence-intervals,statistics,大学,Intro Statistics,none,textbook,,,,,EBM。margin of error と同じ
point-estimate-intervals,点推定値,point estimate,,noun,us-intro-statistics-confidence-intervals,statistics,大学,Intro Statistics,exact,textbook,,,,id-dedup,
required-sample-size,必要標本サイズ,required sample size,,noun,us-intro-statistics-confidence-intervals,statistics,大学,Intro Statistics,none,textbook,,,,,
students-t-distribution,スチューデントの t 分布,Student's t-distribution,,noun,us-intro-statistics-confidence-intervals,statistics,大学,Intro Statistics,exact,textbook,,,,,
conclusion-of-a-test,検定の結論,conclusion of a test,,noun,us-intro-statistics-hypothesis-testing,statistics,大学,Intro Statistics,none,textbook,,,,,
matched-pairs,対応のある標本,matched pairs,,noun,us-intro-statistics-hypothesis-testing,statistics,大学,Intro Statistics,exact,textbook,,,,,
test-of-a-single-variance,分散の検定,test of a single variance,,noun,us-intro-statistics-hypothesis-testing,statistics,大学,Intro Statistics,none,textbook,,,,,
anova,分散分析,ANOVA,,noun,us-intro-statistics-hypothesis-testing,statistics,大学,Intro Statistics,none,wikidata,分散分析,,Q42297,,
f-distribution,F 分布,F distribution,,noun,us-intro-statistics-hypothesis-testing,statistics,大学,Intro Statistics,none,textbook,,,,,
linear-regression,線形回帰,linear regression,,noun,us-intro-statistics-regression,statistics,大学,Intro Statistics,exact,wikidata,線形回帰,,Q10861030,,
prediction,予測,prediction,,noun,us-intro-statistics-regression,statistics,大学,Intro Statistics,exact,textbook,予測,,,wiki-nonmath,
outliers-in-regression,外れ値の影響,outliers in regression,,noun,us-intro-statistics-regression,statistics,大学,Intro Statistics,none,textbook,,,,,
regression-equation,回帰式,regression equation,,noun,us-intro-statistics-regression,statistics,大学,Intro Statistics,exact,textbook,回帰分析,Regression analysis,Q208042,wiki-redirect,
propositional-logic,命題論理,propositional logic,,noun,us-discrete-math-logic-and-proofs,logic,大学,Discrete Math,none,wikidata,命題論理,,Q200694,,
logical-connective,論理結合子,logical connective,,noun,us-discrete-math-logic-and-proofs,logic,大学,Discrete Math,none,textbook,論理演算,Logical connective,Q211790,wiki-redirect,
truth-table,真理値表,truth table,,noun,us-discrete-math-logic-and-proofs,logic,大学,Discrete Math,none,wikidata,真理値表,,Q219079,,
implication,含意,implication,,noun,us-discrete-math-logic-and-proofs,logic,大学,Discrete Math,none,textbook,,,,wiki-disambig,
tautology,トートロジー,tautology,,noun,us-discrete-math-logic-and-proofs,logic,大学,Discrete Math,none,wikipedia-langlink,トートロジー,Tautology (language),Q841606,,
predicate,述語,predicate,,noun,us-discrete-math-logic-and-proofs,logic,大学,Discrete Math,none,textbook,述語,,Q179080,wiki-nonmath,
quantifier,量化子,quantifier,,noun,us-discrete-math-logic-and-proofs,logic,大学,Discrete Math,none,textbook,量化,,Q27031342,wiki-redirect wiki-nonmath,∀ ∃
universal-quantifier,全称量化子,universal quantifier,,noun,us-discrete-math-logic-and-proofs,logic,大学,Discrete Math,none,textbook,全称記号,,Q126695,wiki-redirect,
existential-quantifier,存在量化子,existential quantifier,,noun,us-discrete-math-logic-and-proofs,logic,大学,Discrete Math,none,textbook,存在記号,,Q773483,wiki-redirect,
rules-of-inference,推論規則,rules of inference,,noun,us-discrete-math-logic-and-proofs,logic,大学,Discrete Math,none,wikidata,推論規則,,Q1068763,,
proof-by-contraposition,対偶による証明,proof by contraposition,,noun,us-discrete-math-logic-and-proofs,logic,大学,Discrete Math,exact,textbook,,,,,
proof-by-contradiction-proofs,背理法による証明,proof by contradiction,,noun,us-discrete-math-logic-and-proofs,logic,大学,Discrete Math,exact,textbook,,,,id-dedup,
proof-by-cases,場合分けによる証明,proof by cases,,noun,us-discrete-math-logic-and-proofs,logic,大学,Discrete Math,exact,textbook,,,,,
existence-proof,存在証明,existence proof,,noun,us-discrete-math-logic-and-proofs,logic,大学,Discrete Math,none,textbook,存在証明,,Q109599359,wiki-nonmath,
uniqueness-proof,一意性の証明,uniqueness proof,,noun,us-discrete-math-logic-and-proofs,logic,大学,Discrete Math,none,textbook,,,,,
without-loss-of-generality,一般性を失わずに,without loss of generality,,phrase,us-discrete-math-logic-and-proofs,logic,大学,Discrete Math,none,textbook,,,,,WLOG
writing-proofs,証明の書き方,writing proofs,,noun,us-discrete-math-logic-and-proofs,logic,大学,Discrete Math,none,textbook,,,,,
set-operations,集合の演算,set operations,,noun,us-discrete-math-sets-and-functions,set-theory,大学,Discrete Math,exact,textbook,,,,,
power-set,べき集合,power set,,noun,us-discrete-math-sets-and-functions,set-theory,大学,Discrete Math,none,textbook,冪集合,Power set,Q205170,wiki-redirect,
cartesian-product,直積,Cartesian product,,noun,us-discrete-math-sets-and-functions,set-theory,大学,Discrete Math,none,textbook,,,,wiki-disambig,
cardinality,基数,cardinality,,noun,us-discrete-math-sets-and-functions,set-theory,大学,Discrete Math,none,wikidata,基数,,Q163875,,
injective-and-surjective-functions,関数の全射・単射,injective and surjective functions,,noun,us-discrete-math-sets-and-functions,set-theory,大学,Discrete Math,none,textbook,,,,,
bijection,全単射,bijection,,noun,us-discrete-math-sets-and-functions,set-theory,大学,Discrete Math,none,wikipedia-langlink,全単射,Bijection,Q180907,,
floor-function-functions,床関数,floor function,,noun,us-discrete-math-sets-and-functions,set-theory,大学,Discrete Math,none,wikipedia-langlink,床関数と天井関数,Floor and ceiling functions,Q215193,id-dedup,
ceiling-function,天井関数,ceiling function,,noun,us-discrete-math-sets-and-functions,set-theory,大学,Discrete Math,none,wikipedia-langlink,床関数と天井関数,Floor and ceiling functions,Q215193,,
countable,可算,countable,,adjective,us-discrete-math-sets-and-functions,set-theory,大学,Discrete Math,none,textbook,可算集合,,Q185478,,
divisibility,整除性,divisibility,,noun,us-discrete-math-number-theory,number-theory,大学,Discrete Math,exact,textbook,,,,,
division-algorithm-theory,除法の定理,division algorithm,,noun,us-discrete-math-number-theory,number-theory,大学,Discrete Math,exact,textbook,,,,id-dedup,
modular-arithmetic,モジュラー算術,modular arithmetic,,noun,us-discrete-math-number-theory,number-theory,大学,Discrete Math,exact,textbook,,,,,
bezouts-identity,ベズーの等式,Bézout's identity,,noun,us-discrete-math-number-theory,number-theory,大学,Discrete Math,none,wikidata,ベズーの等式,,Q513028,,
extended-euclidean-algorithm,拡張ユークリッド互除法,extended Euclidean algorithm,,noun,us-discrete-math-number-theory,number-theory,大学,Discrete Math,none,textbook,,,,,
modular-inverse,逆元,modular inverse,,noun,us-discrete-math-number-theory,number-theory,大学,Discrete Math,none,wikipedia-langlink,逆元,Inverse element,Q338057,,
chinese-remainder-theorem,中国剰余定理,Chinese remainder theorem,,noun,us-discrete-math-number-theory,number-theory,大学,Discrete Math,none,textbook,中国の剰余定理,Chinese remainder theorem,Q193878,wiki-redirect,
fermats-little-theorem,フェルマーの小定理,Fermat's little theorem,,noun,us-discrete-math-number-theory,number-theory,大学,Discrete Math,none,wikipedia-langlink,フェルマーの小定理,Fermat's little theorem,Q188295,,
infinitude-of-primes,素数の無限性,infinitude of primes,,noun,us-discrete-math-number-theory,number-theory,大学,Discrete Math,exact,textbook,,,,,
cryptography,暗号,cryptography,,noun,us-discrete-math-number-theory,number-theory,大学,Discrete Math,none,textbook,暗号,Encryption,Q141090,wiki-nonmath,
strong-induction,強帰納法,strong induction,,noun,us-discrete-math-induction-and-recursion,proof,大学,Discrete Math,none,textbook,,,,,
well-ordering-principle,整列原理,well-ordering principle,,noun,us-discrete-math-induction-and-recursion,proof,大学,Discrete Math,none,textbook,,,,,
recursive-definition-recursion,再帰的定義,recursive definition,,noun,us-discrete-math-induction-and-recursion,proof,大学,Discrete Math,exact,wikidata,再帰的定義,,Q2466486,id-dedup,
structural-induction,構造帰納法,structural induction,,noun,us-discrete-math-induction-and-recursion,proof,大学,Discrete Math,none,textbook,,,,,
recursive-algorithm,再帰アルゴリズム,recursive algorithm,,noun,us-discrete-math-induction-and-recursion,proof,大学,Discrete Math,none,textbook,,,,,
solving-recurrence-relations,漸化式の解法,solving recurrence relations,,noun,us-discrete-math-induction-and-recursion,proof,大学,Discrete Math,exact,textbook,,,,,
linear-recurrence-relation,線形漸化式,linear recurrence relation,,noun,us-discrete-math-induction-and-recursion,proof,大学,Discrete Math,none,textbook,,,,,
pigeonhole-principle,鳩の巣原理,pigeonhole principle,,noun,us-discrete-math-counting,combinatorics,大学,Discrete Math,none,wikidata,鳩の巣原理,,Q188276,,日本の高校では「部屋割り論法」として登場することがある
inclusion-exclusion-principle,包含排除原理,inclusion-exclusion principle,,noun,us-discrete-math-counting,combinatorics,大学,Discrete Math,none,textbook,,,,,
binomial-identities,二項係数の恒等式,binomial identities,,noun,us-discrete-math-counting,combinatorics,大学,Discrete Math,none,textbook,,,,,
stars-and-bars,星と棒,stars and bars,,noun,us-discrete-math-counting,combinatorics,大学,Discrete Math,none,textbook,,,,,重複組合せの数え方
generalized-permutations,一般化順列,generalized permutations,,noun,us-discrete-math-counting,combinatorics,大学,Discrete Math,none,textbook,,,,,
generating-function,母関数,generating function,,noun,us-discrete-math-counting,combinatorics,大学,Discrete Math,none,wikidata,母関数,,Q860609,,
discrete-probability,離散確率,discrete probability,,noun,us-discrete-math-discrete-probability,probability,大学,Discrete Math,exact,textbook,,,,,
probability-axioms,確率の公理,probability axioms,,noun,us-discrete-math-discrete-probability,probability,大学,Discrete Math,none,wikipedia-langlink,確率の公理,Probability axioms,Q974605,,
bernoulli-trial,ベルヌーイ試行,Bernoulli trial,,noun,us-discrete-math-discrete-probability,probability,大学,Discrete Math,none,wikidata,ベルヌーイ試行,,Q1077800,,反復試行
linearity-of-expectation,期待値の線形性,linearity of expectation,,noun,us-discrete-math-discrete-probability,probability,大学,Discrete Math,none,textbook,,,,,
chebyshevs-inequality,チェビシェフの不等式,Chebyshev's inequality,,noun,us-discrete-math-discrete-probability,probability,大学,Discrete Math,none,wikidata,チェビシェフの不等式,,Q249514,,
relation,関係（二項関係）,relation,,noun,us-discrete-math-graphs-and-relations,discrete,大学,Discrete Math,none,textbook,,,,,
equivalence-relation,同値関係,equivalence relation,,noun,us-discrete-math-graphs-and-relations,discrete,大学,Discrete Math,none,wikipedia-langlink,同値関係,Equivalence relation,Q130998,,
equivalence-class,同値類,equivalence class,,noun,us-discrete-math-graphs-and-relations,discrete,大学,Discrete Math,none,wikipedia-langlink,同値類,Equivalence class,Q1211071,,
partial-order,半順序,partial order,,noun,us-discrete-math-graphs-and-relations,discrete,大学,Discrete Math,none,textbook,順序集合,Ordered set,Q7994926,wiki-redirect,
directed-graph,有向グラフ,directed graph,,noun,us-discrete-math-graphs-and-relations,discrete,大学,Discrete Math,none,textbook,グラフ理論,Graph theory,Q131476,wiki-redirect,
degree-vertex,次数（頂点）,degree of a vertex,,noun,us-discrete-math-graphs-and-relations,discrete,大学,Discrete Math,none,textbook,,,,,
handshaking-lemma,握手補題,handshaking lemma,,noun,us-discrete-math-graphs-and-relations,discrete,大学,Discrete Math,none,textbook,,,,,
connected,連結,connected,,adjective,us-discrete-math-graphs-and-relations,discrete,大学,Discrete Math,none,textbook,,,,wiki-disambig,
euler-path,オイラー路,Euler path,,noun,us-discrete-math-graphs-and-relations,discrete,大学,Discrete Math,exact,wikipedia-langlink,オイラー路,Eulerian path,Q624580,,
hamiltonian-path,ハミルトン路,Hamiltonian path,,noun,us-discrete-math-graphs-and-relations,discrete,大学,Discrete Math,none,wikipedia-langlink,ハミルトン路,Hamiltonian path,Q273037,,
spanning-tree,全域木,spanning tree,,noun,us-discrete-math-graphs-and-relations,discrete,大学,Discrete Math,none,wikidata,全域木,,Q831672,,
bipartite-graph,二部グラフ,bipartite graph,,noun,us-discrete-math-graphs-and-relations,discrete,大学,Discrete Math,none,textbook,2部グラフ,Bipartite graph,Q174733,wiki-redirect,
planar-graph,平面グラフ,planar graph,,noun,us-discrete-math-graphs-and-relations,discrete,大学,Discrete Math,none,wikipedia-langlink,平面グラフ,Planar graph,Q547823,,
graph-coloring,グラフ彩色,graph coloring,,noun,us-discrete-math-graphs-and-relations,discrete,大学,Discrete Math,none,wikidata,グラフ彩色,,Q504843,,
