seq,batch,collection,id,group,unit
1,1,terms,squeeze-theorem,微積分:極限,jp-suugaku-3-kyokugen
2,1,terms,limit,微積分:極限,jp-suugaku-3-kyokugen
3,1,terms,rational-function,微積分:極限,jp-suugaku-3-kyokugen
4,1,terms,radical-function,微積分:極限,jp-suugaku-3-kyokugen
5,1,terms,composite-function,微積分:極限,jp-suugaku-3-kyokugen
6,1,terms,convergence,微積分:極限,jp-suugaku-3-kyokugen
7,1,terms,divergence,微積分:極限,jp-suugaku-3-kyokugen
8,1,terms,diverge-to-positive-infinity,微積分:極限,jp-suugaku-3-kyokugen
9,1,terms,diverge-to-negative-infinity,微積分:極限,jp-suugaku-3-kyokugen
10,1,terms,oscillate,微積分:極限,jp-suugaku-3-kyokugen
11,1,terms,infinity,微積分:極限,jp-suugaku-3-kyokugen
12,1,terms,comparison-for-divergence,微積分:極限,jp-suugaku-3-kyokugen
13,1,terms,infinite-geometric-sequence,微積分:極限,jp-suugaku-3-kyokugen
14,1,terms,infinite-series,微積分:極限,jp-suugaku-3-kyokugen
15,1,terms,sum-of-the-series,微積分:極限,jp-suugaku-3-kyokugen
16,1,terms,right-hand-limit,微積分:極限,jp-suugaku-3-kyokugen
17,1,terms,left-hand-limit,微積分:極限,jp-suugaku-3-kyokugen
18,1,terms,one-sided-limit,微積分:極限,jp-suugaku-3-kyokugen
19,1,terms,as-x-approaches-infinity,微積分:極限,jp-suugaku-3-kyokugen
20,1,terms,as-x-approaches-a,微積分:極限,jp-suugaku-3-kyokugen
21,1,terms,the-limit-does-not-exist,微積分:極限,jp-suugaku-3-kyokugen
22,1,terms,indeterminate-form,微積分:極限,jp-suugaku-3-kyokugen
23,1,terms,continuous,微積分:極限,jp-suugaku-3-kyokugen
24,1,terms,discontinuous,微積分:極限,jp-suugaku-3-kyokugen
25,1,terms,continuous-function,微積分:極限,jp-suugaku-3-kyokugen
26,1,terms,intermediate-value-theorem,微積分:極限,jp-suugaku-3-kyokugen
27,1,terms,extreme-value-theorem,微積分:極限,jp-suugaku-3-kyokugen
28,1,terms,limit-of-sine-x-over-x,微積分:極限,jp-suugaku-3-kyokugen
29,1,terms,base-of-the-natural-logarithm,微積分:極限,jp-suugaku-3-kyokugen
30,1,terms,find-the-limit,微積分:極限,jp-suugaku-3-kyokugen
31,1,terms,approaches,微積分:極限,jp-suugaku-3-kyokugen
32,1,terms,limit-laws,微積分:極限,jp-suugaku-3-kyokugen
33,1,terms,find-the-domain,微積分:極限,jp-suugaku-3-kyokugen
34,1,terms,find-the-asymptotes,微積分:極限,jp-suugaku-3-kyokugen
35,1,terms,find-the-inverse,微積分:極限,jp-suugaku-3-kyokugen
36,1,terms,compose,微積分:極限,jp-suugaku-3-kyokugen
37,1,terms,one-to-one,微積分:極限,jp-suugaku-3-kyokugen
38,1,terms,bounded,微積分:極限,jp-suugaku-3-kyokugen
39,1,terms,monotonic,微積分:極限,jp-suugaku-3-kyokugen
40,1,terms,squeeze,微積分:極限,jp-suugaku-3-kyokugen
41,1,terms,removable-discontinuity,微積分:極限,us-ap-calculus-ab-1-limits
42,1,terms,infinite-limit,微積分:極限,us-ap-calculus-ab-1-limits
43,1,terms,limit-at-infinity,微積分:極限,us-ap-calculus-ab-1-limits
44,1,terms,jump-discontinuity,微積分:極限,us-ap-calculus-ab-1-limits
45,1,terms,infinite-discontinuity,微積分:極限,us-ap-calculus-ab-1-limits
46,1,terms,epsilon-delta-definition,微積分:極限,us-ap-calculus-ab-1-limits
47,1,terms,asymptote,微積分:極限,us-ap-calculus-ab-1-limits
48,1,terms,continuity,微積分:極限,us-ap-calculus-ab-1-limits
49,1,terms,take-the-limit,微積分:極限,us-ap-calculus-ab-1-limits
50,1,terms,tangent-problem,微積分:極限,us-calculus-1-limits
51,2,terms,area-problem,微積分:極限,us-calculus-1-limits
52,2,terms,area-under-the-curve,微積分:極限,us-precalculus-limits
53,2,terms,tangent-line,微積分:極限,us-precalculus-limits
54,2,terms,derivative-at-a-point,微積分:微分,jp-suugaku-2-bibun-no-kangae
55,2,terms,sign-chart,微積分:微分,jp-suugaku-2-bibun-no-kangae
56,2,terms,point-of-tangency,微積分:微分,jp-suugaku-2-bibun-no-kangae
57,2,terms,rate-of-change,微積分:微分,jp-suugaku-2-bibun-no-kangae
58,2,terms,average-rate-of-change,微積分:微分,jp-suugaku-2-bibun-no-kangae
59,2,terms,derivative,微積分:微分,jp-suugaku-2-bibun-no-kangae
60,2,terms,differentiation,微積分:微分,jp-suugaku-2-bibun-no-kangae
61,2,terms,differentiate,微積分:微分,jp-suugaku-2-bibun-no-kangae
62,2,terms,slope-of-the-tangent-line,微積分:微分,jp-suugaku-2-bibun-no-kangae
63,2,terms,normal-line,微積分:微分,jp-suugaku-2-bibun-no-kangae
64,2,terms,increasing-and-decreasing,微積分:微分,jp-suugaku-2-bibun-no-kangae
65,2,terms,local-extremum,微積分:微分,jp-suugaku-2-bibun-no-kangae
66,2,terms,local-maximum,微積分:微分,jp-suugaku-2-bibun-no-kangae
67,2,terms,local-minimum,微積分:微分,jp-suugaku-2-bibun-no-kangae
68,2,terms,first-derivative-test,微積分:微分,jp-suugaku-2-bibun-no-kangae
69,2,terms,number-of-real-solutions,微積分:微分,jp-suugaku-2-bibun-no-kangae
70,2,terms,instantaneous-velocity,微積分:微分,jp-suugaku-2-bibun-no-kangae
71,2,terms,find-the-derivative-at,微積分:微分,jp-suugaku-2-bibun-no-kangae
72,2,terms,find-the-equation-of-the-tangent-line,微積分:微分,jp-suugaku-2-bibun-no-kangae
73,2,terms,determine-where-the-function-is-increasing-and-decreasing,微積分:微分,jp-suugaku-2-bibun-no-kangae
74,2,terms,find-the-local-extrema,微積分:微分,jp-suugaku-2-bibun-no-kangae
75,2,terms,make-a-sign-chart,微積分:微分,jp-suugaku-2-bibun-no-kangae
76,2,terms,sketch-the-graph,微積分:微分,jp-suugaku-2-bibun-no-kangae
77,2,terms,has-a-local-maximum-at,微積分:微分,jp-suugaku-2-bibun-no-kangae
78,2,terms,critical-point,微積分:微分,jp-suugaku-2-bibun-no-kangae
79,2,terms,differentiable,微積分:微分,jp-suugaku-2-bibun-no-kangae
80,2,terms,derivative-of-a-sum,微積分:微分,jp-suugaku-2-bibun-no-kangae
81,2,terms,power-rule,微積分:微分,jp-suugaku-2-bibun-no-kangae
82,2,terms,changes-sign,微積分:微分,jp-suugaku-2-bibun-no-kangae
83,2,terms,is-monotonically-increasing,微積分:微分,jp-suugaku-2-bibun-no-kangae
84,2,terms,constant-multiple-rule,微積分:微分,jp-suugaku-2-bibun-no-kangae
85,2,terms,optimization-problem,微積分:微分,jp-suugaku-2-bibun-no-kangae
86,2,terms,cubic-function,微積分:微分,jp-suugaku-2-bibun-no-kangae
87,2,terms,parameter,微積分:微分,jp-suugaku-3-bibun
88,2,terms,differentiability,微積分:微分,jp-suugaku-3-bibun
89,2,terms,product-rule,微積分:微分,jp-suugaku-3-bibun
90,2,terms,quotient-rule,微積分:微分,jp-suugaku-3-bibun
91,2,terms,chain-rule,微積分:微分,jp-suugaku-3-bibun
92,2,terms,derivative-of-an-inverse-function,微積分:微分,jp-suugaku-3-bibun
93,2,terms,implicit-function,微積分:微分,jp-suugaku-3-bibun
94,2,terms,implicit-differentiation,微積分:微分,jp-suugaku-3-bibun
95,2,terms,parametric-equations,微積分:微分,jp-suugaku-3-bibun
96,2,terms,derivative-of-a-parametric-curve,微積分:微分,jp-suugaku-3-bibun
97,2,terms,derivatives-of-trigonometric-functions,微積分:微分,jp-suugaku-3-bibun
98,2,terms,derivative-of-the-exponential-function,微積分:微分,jp-suugaku-3-bibun
99,2,terms,derivative-of-the-logarithm,微積分:微分,jp-suugaku-3-bibun
100,2,terms,logarithmic-differentiation,微積分:微分,jp-suugaku-3-bibun
101,3,terms,higher-order-derivative,微積分:微分,jp-suugaku-3-bibun
102,3,terms,second-derivative,微積分:微分,jp-suugaku-3-bibun
103,3,terms,nth-derivative,微積分:微分,jp-suugaku-3-bibun
104,3,terms,mean-value-theorem,微積分:微分,jp-suugaku-3-bibun
105,3,terms,rolles-theorem,微積分:微分,jp-suugaku-3-bibun
106,3,terms,concavity,微積分:微分,jp-suugaku-3-bibun
107,3,terms,inflection-point,微積分:微分,jp-suugaku-3-bibun
108,3,terms,absolute-extrema,微積分:微分,jp-suugaku-3-bibun
109,3,terms,velocity,微積分:微分,jp-suugaku-3-bibun
110,3,terms,acceleration,微積分:微分,jp-suugaku-3-bibun
111,3,terms,linear-approximation,微積分:微分,jp-suugaku-3-bibun
112,3,terms,small-change,微積分:微分,jp-suugaku-3-bibun
113,3,terms,differential,微積分:微分,jp-suugaku-3-bibun
114,3,terms,leibniz-notation,微積分:微分,jp-suugaku-3-bibun
115,3,terms,prime-notation,微積分:微分,jp-suugaku-3-bibun
116,3,terms,differentiate-twice,微積分:微分,jp-suugaku-3-bibun
117,3,terms,check-the-concavity,微積分:微分,jp-suugaku-3-bibun
118,3,terms,find-the-inflection-points,微積分:微分,jp-suugaku-3-bibun
119,3,terms,has-a-local-extremum,微積分:微分,jp-suugaku-3-bibun
120,3,terms,not-differentiable,微積分:微分,jp-suugaku-3-bibun
121,3,terms,cusp,微積分:微分,jp-suugaku-3-bibun
122,3,terms,differentiate-both-sides,微積分:微分,jp-suugaku-3-bibun
123,3,terms,limit-definition-of-the-derivative,微積分:微分,us-ap-calculus-ab-2-differentiation-basics
124,3,terms,instantaneous-rate-of-change,微積分:微分,us-ap-calculus-ab-2-differentiation-basics
125,3,terms,corner-nondifferentiable,微積分:微分,us-ap-calculus-ab-2-differentiation-basics
126,3,terms,vertical-tangent,微積分:微分,us-ap-calculus-ab-2-differentiation-basics
127,3,terms,natural-logarithm,微積分:微分,us-ap-calculus-ab-2-differentiation-basics
128,3,terms,secant-line,微積分:微分,us-ap-calculus-ab-2-differentiation-basics
129,3,terms,derivatives-of-inverse-trig-functions,微積分:微分,us-ap-calculus-ab-3-differentiation-advanced
130,3,terms,outer-function,微積分:微分,us-ap-calculus-ab-3-differentiation-advanced
131,3,terms,inner-function,微積分:微分,us-ap-calculus-ab-3-differentiation-advanced
132,3,terms,solve-for-y-prime,微積分:微分,us-ap-calculus-ab-3-differentiation-advanced
133,3,terms,arccosine,微積分:微分,us-ap-calculus-ab-3-differentiation-advanced
134,3,terms,arcsine,微積分:微分,us-ap-calculus-ab-3-differentiation-advanced
135,3,terms,arctangent,微積分:微分,us-ap-calculus-ab-3-differentiation-advanced
136,3,terms,inverse-trigonometric-function,微積分:微分,us-ap-calculus-ab-3-differentiation-advanced
137,3,terms,related-rates,微積分:微分,us-ap-calculus-ab-4-contextual-applications
138,3,terms,lhopitals-rule,微積分:微分,us-ap-calculus-ab-4-contextual-applications
139,3,terms,rectilinear-motion,微積分:微分,us-ap-calculus-ab-4-contextual-applications
140,3,terms,second-derivative-test,微積分:微分,us-ap-calculus-ab-5-analytical-applications
141,3,terms,candidates-test,微積分:微分,us-ap-calculus-ab-5-analytical-applications
142,3,terms,curve-sketching,微積分:微分,us-ap-calculus-ab-5-analytical-applications
143,3,terms,newtons-method,微積分:微分,us-calculus-1-applications-of-derivatives
144,3,terms,constraint,微積分:微分,us-calculus-1-applications-of-derivatives
145,3,terms,decreasing,微積分:微分,us-calculus-1-applications-of-derivatives
146,3,terms,sketch,微積分:微分,us-calculus-1-applications-of-derivatives
147,3,terms,test-point,微積分:微分,us-calculus-1-applications-of-derivatives
148,3,terms,indefinite-integral,微積分:微分,us-calculus-1-applications-of-derivatives
149,3,terms,constant-of-integration,微積分:微分,us-calculus-1-applications-of-derivatives
150,3,terms,find-an-antiderivative,微積分:微分,us-calculus-1-applications-of-derivatives
151,4,terms,reverse-of-differentiation,微積分:微分,us-calculus-1-applications-of-derivatives
152,4,terms,antiderivative,微積分:積分,jp-suugaku-2-sekibun-no-kangae
153,4,terms,definite-integral,微積分:積分,jp-suugaku-2-sekibun-no-kangae
154,4,terms,integration,微積分:積分,jp-suugaku-2-sekibun-no-kangae
155,4,terms,integrate,微積分:積分,jp-suugaku-2-sekibun-no-kangae
156,4,terms,integrand,微積分:積分,jp-suugaku-2-sekibun-no-kangae
157,4,terms,interval-of-integration,微積分:積分,jp-suugaku-2-sekibun-no-kangae
158,4,terms,upper-limit,微積分:積分,jp-suugaku-2-sekibun-no-kangae
159,4,terms,lower-limit,微積分:積分,jp-suugaku-2-sekibun-no-kangae
160,4,terms,area-between-two-curves,微積分:積分,jp-suugaku-2-sekibun-no-kangae
161,4,terms,fundamental-theorem-of-calculus,微積分:積分,jp-suugaku-2-sekibun-no-kangae
162,4,terms,properties-of-integrals,微積分:積分,jp-suugaku-2-sekibun-no-kangae
163,4,terms,integrals-of-even-and-odd-functions,微積分:積分,jp-suugaku-2-sekibun-no-kangae
164,4,terms,one-sixth-formula,微積分:積分,jp-suugaku-2-sekibun-no-kangae
165,4,terms,accumulation-function,微積分:積分,jp-suugaku-2-sekibun-no-kangae
166,4,terms,evaluate-the-integral,微積分:積分,jp-suugaku-2-sekibun-no-kangae
167,4,terms,integral-involving-absolute-value,微積分:積分,jp-suugaku-2-sekibun-no-kangae
168,4,terms,below-the-x-axis,微積分:積分,jp-suugaku-2-sekibun-no-kangae
169,4,terms,integration-by-substitution,微積分:積分,jp-suugaku-3-sekibun
170,4,terms,integration-by-parts,微積分:積分,jp-suugaku-3-sekibun
171,4,terms,trigonometric-integrals,微積分:積分,jp-suugaku-3-sekibun
172,4,terms,integration-formulas,微積分:積分,jp-suugaku-3-sekibun
173,4,terms,partial-fraction-decomposition,微積分:積分,jp-suugaku-3-sekibun
174,4,terms,trigonometric-substitution,微積分:積分,jp-suugaku-3-sekibun
175,4,terms,substitution-in-a-definite-integral,微積分:積分,jp-suugaku-3-sekibun
176,4,terms,riemann-sum,微積分:積分,jp-suugaku-3-sekibun
177,4,terms,limit-of-a-riemann-sum,微積分:積分,jp-suugaku-3-sekibun
178,4,terms,volume-of-a-solid-of-revolution,微積分:積分,jp-suugaku-3-sekibun
179,4,terms,cross-sectional-area,微積分:積分,jp-suugaku-3-sekibun
180,4,terms,volume-by-cross-sections,微積分:積分,jp-suugaku-3-sekibun
181,4,terms,displacement,微積分:積分,jp-suugaku-3-sekibun
182,4,terms,differential-equation,微積分:積分,jp-suugaku-3-sekibun
183,4,terms,separable-differential-equation,微積分:積分,jp-suugaku-3-sekibun
184,4,terms,variable-of-integration,微積分:積分,jp-suugaku-3-sekibun
185,4,terms,let-u-equal,微積分:積分,jp-suugaku-3-sekibun
186,4,terms,write-dx-in-terms-of-du,微積分:積分,jp-suugaku-3-sekibun
187,4,terms,change-the-limits-of-integration,微積分:積分,jp-suugaku-3-sekibun
188,4,terms,integrate-by-parts,微積分:積分,jp-suugaku-3-sekibun
189,4,terms,which-one-to-differentiate,微積分:積分,jp-suugaku-3-sekibun
190,4,terms,decompose-into-partial-fractions,微積分:積分,jp-suugaku-3-sekibun
191,4,terms,revolve-around-the-x-axis,微積分:積分,jp-suugaku-3-sekibun
192,4,terms,revolve-around-the-y-axis,微積分:積分,jp-suugaku-3-sekibun
193,4,terms,disk,微積分:積分,jp-suugaku-3-sekibun
194,4,terms,cylindrical-shell,微積分:積分,jp-suugaku-3-sekibun
195,4,terms,find-the-arc-length,微積分:積分,jp-suugaku-3-sekibun
196,4,terms,as-n-approaches-infinity,微積分:積分,jp-suugaku-3-sekibun
197,4,terms,can-be-integrated,微積分:積分,jp-suugaku-3-sekibun
198,4,terms,integrals-giving-inverse-trig-functions,微積分:積分,jp-suugaku-3-sekibun
199,4,terms,integral,微積分:積分,jp-suugaku-3-sekibun
200,4,terms,arc-length-of-a-curve,微積分:積分,jp-suugaku-3-sekibun
201,5,terms,substitute-new-variable,微積分:積分,jp-suugaku-3-sekibun
202,5,terms,net-change,微積分:積分,us-ap-calculus-ab-6-integration
203,5,terms,left-riemann-sum,微積分:積分,us-ap-calculus-ab-6-integration
204,5,terms,right-riemann-sum,微積分:積分,us-ap-calculus-ab-6-integration
205,5,terms,midpoint-riemann-sum,微積分:積分,us-ap-calculus-ab-6-integration
206,5,terms,integration-by-long-division,微積分:積分,us-ap-calculus-ab-6-integration
207,5,terms,integration-by-completing-the-square,微積分:積分,us-ap-calculus-ab-6-integration
208,5,terms,overestimate-and-underestimate,微積分:積分,us-ap-calculus-ab-6-integration
209,5,terms,trapezoidal-rule,微積分:積分,us-ap-calculus-ab-6-integration
210,5,terms,fundamental-theorem-of-calculus-part-1,微積分:積分,us-ap-calculus-ab-6-integration
211,5,terms,fundamental-theorem-of-calculus-part-2,微積分:積分,us-ap-calculus-ab-6-integration
212,5,terms,slope-field,微積分:積分,us-ap-calculus-ab-7-differential-equations
213,5,terms,separation-of-variables,微積分:積分,us-ap-calculus-ab-7-differential-equations
214,5,terms,particular-solution,微積分:積分,us-ap-calculus-ab-7-differential-equations
215,5,terms,initial-condition,微積分:積分,us-ap-calculus-ab-7-differential-equations
216,5,terms,exponential-model,微積分:積分,us-ap-calculus-ab-7-differential-equations
217,5,terms,average-value-of-a-function,微積分:積分,us-ap-calculus-ab-8-applications-of-integration
218,5,terms,total-distance-traveled,微積分:積分,us-ap-calculus-ab-8-applications-of-integration
219,5,terms,disk-method,微積分:積分,us-ap-calculus-ab-8-applications-of-integration
220,5,terms,washer-method,微積分:積分,us-ap-calculus-ab-8-applications-of-integration
221,5,terms,shell-method,微積分:積分,us-ap-calculus-ab-8-applications-of-integration
222,5,terms,axis-of-revolution,微積分:積分,us-ap-calculus-ab-8-applications-of-integration
223,5,terms,cross-section,微積分:積分,us-ap-calculus-ab-8-applications-of-integration
224,5,terms,solid-of-revolution,微積分:積分,us-ap-calculus-ab-8-applications-of-integration
225,5,terms,improper-integral,微積分:積分,us-ap-calculus-bc-6-integration-techniques
226,5,terms,eulers-method,微積分:積分,us-ap-calculus-bc-6-integration-techniques
227,5,terms,logistic-differential-equation,微積分:積分,us-ap-calculus-bc-6-integration-techniques
228,5,terms,liate,微積分:積分,us-ap-calculus-bc-6-integration-techniques
229,5,terms,convergence-of-improper-integrals,微積分:積分,us-ap-calculus-bc-6-integration-techniques
230,5,terms,summation-notation,微積分:積分,us-calculus-1-integration
231,5,terms,surface-area-of-revolution,微積分:積分,us-calculus-1-applications-of-integration
232,5,terms,work,微積分:積分,us-calculus-1-applications-of-integration
233,5,terms,hydrostatic-force,微積分:積分,us-calculus-1-applications-of-integration
234,5,terms,center-of-mass,微積分:積分,us-calculus-1-applications-of-integration
235,5,terms,exponential-growth,微積分:積分,us-calculus-1-applications-of-integration
236,5,terms,exponential-decay,微積分:積分,us-calculus-1-applications-of-integration
237,5,terms,half-life,微積分:積分,us-calculus-1-applications-of-integration
238,5,terms,numerical-integration,微積分:積分,us-calculus-2-techniques-of-integration
239,5,terms,simpsons-rule,微積分:積分,us-calculus-2-techniques-of-integration
240,5,terms,comparison-test-for-integrals,微積分:積分,us-calculus-2-techniques-of-integration
241,5,terms,compare-coefficients,微積分:積分,us-calculus-2-techniques-of-integration
242,5,terms,substituting-values,微積分:積分,us-calculus-2-techniques-of-integration
243,5,terms,probability-density-function,微積分:積分,us-calculus-2-applications-of-integration
244,5,terms,centroid,微積分:積分,us-calculus-2-applications-of-integration
245,5,terms,first-order-linear-differential-equation,微積分:積分,us-calculus-2-differential-equations
246,5,terms,integrating-factor,微積分:積分,us-calculus-2-differential-equations
247,5,terms,compare,用語:中1,jp-chuugaku-1-data-no-katsuyou
248,5,terms,data,用語:中1,jp-chuugaku-1-data-no-katsuyou
249,5,terms,frequency,用語:中1,jp-chuugaku-1-data-no-katsuyou
250,5,terms,frequency-table,用語:中1,jp-chuugaku-1-data-no-katsuyou
251,6,terms,class,用語:中1,jp-chuugaku-1-data-no-katsuyou
252,6,terms,class-width,用語:中1,jp-chuugaku-1-data-no-katsuyou
253,6,terms,class-midpoint,用語:中1,jp-chuugaku-1-data-no-katsuyou
254,6,terms,histogram,用語:中1,jp-chuugaku-1-data-no-katsuyou
255,6,terms,frequency-polygon,用語:中1,jp-chuugaku-1-data-no-katsuyou
256,6,terms,relative-frequency,用語:中1,jp-chuugaku-1-data-no-katsuyou
257,6,terms,cumulative-frequency,用語:中1,jp-chuugaku-1-data-no-katsuyou
258,6,terms,cumulative-relative-frequency,用語:中1,jp-chuugaku-1-data-no-katsuyou
259,6,terms,measure-of-center,用語:中1,jp-chuugaku-1-data-no-katsuyou
260,6,terms,median,用語:中1,jp-chuugaku-1-data-no-katsuyou
261,6,terms,mode,用語:中1,jp-chuugaku-1-data-no-katsuyou
262,6,terms,distribution,用語:中1,jp-chuugaku-1-data-no-katsuyou
263,6,terms,experimental-probability,用語:中1,jp-chuugaku-1-data-no-katsuyou
264,6,terms,trend,用語:中1,jp-chuugaku-1-data-no-katsuyou
265,6,terms,spread,用語:中1,jp-chuugaku-1-data-no-katsuyou
266,6,terms,maximum,用語:中1,jp-chuugaku-1-data-no-katsuyou
267,6,terms,minimum,用語:中1,jp-chuugaku-1-data-no-katsuyou
268,6,terms,read-off,用語:中1,jp-chuugaku-1-data-no-katsuyou
269,6,terms,analyze,用語:中1,jp-chuugaku-1-data-no-katsuyou
270,6,terms,tally,用語:中1,jp-chuugaku-1-data-no-katsuyou
271,6,terms,be-skewed,用語:中1,jp-chuugaku-1-data-no-katsuyou
272,6,terms,take-the-average,用語:中1,jp-chuugaku-1-data-no-katsuyou
273,6,terms,arithmetic-mean,用語:中1,jp-chuugaku-1-data-no-katsuyou
274,6,terms,range-of-data,用語:中1,jp-chuugaku-1-data-no-katsuyou
275,6,terms,rotation,用語:中1,jp-chuugaku-1-heimen-zukei
276,6,terms,rotate,用語:中1,jp-chuugaku-1-heimen-zukei
277,6,terms,perpendicular-bisector,用語:中1,jp-chuugaku-1-heimen-zukei
278,6,terms,midpoint,用語:中1,jp-chuugaku-1-heimen-zukei
279,6,terms,reflection,用語:中1,jp-chuugaku-1-heimen-zukei
280,6,terms,intersect,用語:中1,jp-chuugaku-1-heimen-zukei
281,6,terms,symmetric,用語:中1,jp-chuugaku-1-heimen-zukei
282,6,terms,distance,用語:中1,jp-chuugaku-1-heimen-zukei
283,6,terms,point-of-intersection,用語:中1,jp-chuugaku-1-heimen-zukei
284,6,terms,segment,用語:中1,jp-chuugaku-1-heimen-zukei
285,6,terms,angle,用語:中1,jp-chuugaku-1-heimen-zukei
286,6,terms,vertex,用語:中1,jp-chuugaku-1-heimen-zukei
287,6,terms,chord,用語:中1,jp-chuugaku-1-heimen-zukei
288,6,terms,area,用語:中1,jp-chuugaku-1-heimen-zukei
289,6,terms,translation,用語:中1,jp-chuugaku-1-heimen-zukei
290,6,terms,triangle,用語:中1,jp-chuugaku-1-heimen-zukei
291,6,terms,perpendicular-lines,用語:中1,jp-chuugaku-1-heimen-zukei
292,6,terms,rigid-motion,用語:中1,jp-chuugaku-1-heimen-zukei
293,6,terms,line,用語:中1,jp-chuugaku-1-heimen-zukei
294,6,terms,ray,用語:中1,jp-chuugaku-1-heimen-zukei
295,6,terms,side,用語:中1,jp-chuugaku-1-heimen-zukei
296,6,terms,perpendicular,用語:中1,jp-chuugaku-1-heimen-zukei
297,6,terms,parallel,用語:中1,jp-chuugaku-1-heimen-zukei
298,6,terms,angle-bisector,用語:中1,jp-chuugaku-1-heimen-zukei
299,6,terms,circle,用語:中1,jp-chuugaku-1-heimen-zukei
300,6,terms,center,用語:中1,jp-chuugaku-1-heimen-zukei
301,7,terms,radius,用語:中1,jp-chuugaku-1-heimen-zukei
302,7,terms,diameter,用語:中1,jp-chuugaku-1-heimen-zukei
303,7,terms,arc,用語:中1,jp-chuugaku-1-heimen-zukei
304,7,terms,sector,用語:中1,jp-chuugaku-1-heimen-zukei
305,7,terms,central-angle,用語:中1,jp-chuugaku-1-heimen-zukei
306,7,terms,circumference,用語:中1,jp-chuugaku-1-heimen-zukei
307,7,terms,pi,用語:中1,jp-chuugaku-1-heimen-zukei
308,7,terms,perimeter,用語:中1,jp-chuugaku-1-heimen-zukei
309,7,terms,construction,用語:中1,jp-chuugaku-1-heimen-zukei
310,7,terms,compass,用語:中1,jp-chuugaku-1-heimen-zukei
311,7,terms,straightedge,用語:中1,jp-chuugaku-1-heimen-zukei
312,7,terms,line-of-reflection,用語:中1,jp-chuugaku-1-heimen-zukei
313,7,terms,line-symmetry,用語:中1,jp-chuugaku-1-heimen-zukei
314,7,terms,point-symmetry,用語:中1,jp-chuugaku-1-heimen-zukei
315,7,terms,quadrilateral,用語:中1,jp-chuugaku-1-heimen-zukei
316,7,terms,polygon,用語:中1,jp-chuugaku-1-heimen-zukei
317,7,terms,regular-polygon,用語:中1,jp-chuugaku-1-heimen-zukei
318,7,terms,construct,用語:中1,jp-chuugaku-1-heimen-zukei
319,7,terms,be-tangent-to,用語:中1,jp-chuugaku-1-heimen-zukei
320,7,terms,coincide,用語:中1,jp-chuugaku-1-heimen-zukei
321,7,terms,bisect,用語:中1,jp-chuugaku-1-heimen-zukei
322,7,terms,translate,用語:中1,jp-chuugaku-1-heimen-zukei
323,7,terms,reflect,用語:中1,jp-chuugaku-1-heimen-zukei
324,7,terms,measure,用語:中1,jp-chuugaku-1-heimen-zukei
325,7,terms,coordinates,用語:中1,jp-chuugaku-1-hirei-hanpirei
326,7,terms,variable,用語:中1,jp-chuugaku-1-hirei-hanpirei
327,7,terms,constant,用語:中1,jp-chuugaku-1-hirei-hanpirei
328,7,terms,function,用語:中1,jp-chuugaku-1-hirei-hanpirei
329,7,terms,direct-proportion,用語:中1,jp-chuugaku-1-hirei-hanpirei
330,7,terms,inverse-proportion,用語:中1,jp-chuugaku-1-hirei-hanpirei
331,7,terms,constant-of-proportionality,用語:中1,jp-chuugaku-1-hirei-hanpirei
332,7,terms,domain-and-range,用語:中1,jp-chuugaku-1-hirei-hanpirei
333,7,terms,coordinate-plane,用語:中1,jp-chuugaku-1-hirei-hanpirei
334,7,terms,x-coordinate,用語:中1,jp-chuugaku-1-hirei-hanpirei
335,7,terms,y-coordinate,用語:中1,jp-chuugaku-1-hirei-hanpirei
336,7,terms,x-axis,用語:中1,jp-chuugaku-1-hirei-hanpirei
337,7,terms,y-axis,用語:中1,jp-chuugaku-1-hirei-hanpirei
338,7,terms,coordinate-axes,用語:中1,jp-chuugaku-1-hirei-hanpirei
339,7,terms,quadrant,用語:中1,jp-chuugaku-1-hirei-hanpirei
340,7,terms,graph,用語:中1,jp-chuugaku-1-hirei-hanpirei
341,7,terms,hyperbola,用語:中1,jp-chuugaku-1-hirei-hanpirei
342,7,terms,plot-a-point,用語:中1,jp-chuugaku-1-hirei-hanpirei
343,7,terms,correspond,用語:中1,jp-chuugaku-1-hirei-hanpirei
344,7,terms,increase,用語:中1,jp-chuugaku-1-hirei-hanpirei
345,7,terms,decrease,用語:中1,jp-chuugaku-1-hirei-hanpirei
346,7,terms,table-of-values,用語:中1,jp-chuugaku-1-hirei-hanpirei
347,7,terms,write-an-equation,用語:中1,jp-chuugaku-1-hirei-hanpirei
348,7,terms,change-together,用語:中1,jp-chuugaku-1-hirei-hanpirei
349,7,terms,draw-a-graph,用語:中1,jp-chuugaku-1-hirei-hanpirei
350,7,terms,pass-through,用語:中1,jp-chuugaku-1-hirei-hanpirei
351,8,terms,move-term-to-other-side,用語:中1,jp-chuugaku-1-ichiji-houteishiki
352,8,terms,solution,用語:中1,jp-chuugaku-1-ichiji-houteishiki
353,8,terms,solve,用語:中1,jp-chuugaku-1-ichiji-houteishiki
354,8,terms,equation,用語:中1,jp-chuugaku-1-ichiji-houteishiki
355,8,terms,linear-equation,用語:中1,jp-chuugaku-1-ichiji-houteishiki
356,8,terms,properties-of-equality,用語:中1,jp-chuugaku-1-ichiji-houteishiki
357,8,terms,ratio,用語:中1,jp-chuugaku-1-ichiji-houteishiki
358,8,terms,value-of-a-ratio,用語:中1,jp-chuugaku-1-ichiji-houteishiki
359,8,terms,proportion,用語:中1,jp-chuugaku-1-ichiji-houteishiki
360,8,terms,cross-multiply,用語:中1,jp-chuugaku-1-ichiji-houteishiki
361,8,terms,word-problem,用語:中1,jp-chuugaku-1-ichiji-houteishiki
362,8,terms,unknown,用語:中1,jp-chuugaku-1-ichiji-houteishiki
363,8,terms,hold,用語:中1,jp-chuugaku-1-ichiji-houteishiki
364,8,terms,find,用語:中1,jp-chuugaku-1-ichiji-houteishiki
365,8,terms,check,用語:中1,jp-chuugaku-1-ichiji-houteishiki
366,8,terms,simplify,用語:中1,jp-chuugaku-1-ichiji-houteishiki
367,8,terms,clear-the-denominators,用語:中1,jp-chuugaku-1-ichiji-houteishiki
368,8,terms,work-backwards,用語:中1,jp-chuugaku-1-ichiji-houteishiki
369,8,terms,satisfy,用語:中1,jp-chuugaku-1-ichiji-houteishiki
370,8,terms,slant-height,用語:中1,jp-chuugaku-1-kuukan-zukei
371,8,terms,solid,用語:中1,jp-chuugaku-1-kuukan-zukei
372,8,terms,plane,用語:中1,jp-chuugaku-1-kuukan-zukei
373,8,terms,prism,用語:中1,jp-chuugaku-1-kuukan-zukei
374,8,terms,pyramid,用語:中1,jp-chuugaku-1-kuukan-zukei
375,8,terms,cylinder,用語:中1,jp-chuugaku-1-kuukan-zukei
376,8,terms,cone,用語:中1,jp-chuugaku-1-kuukan-zukei
377,8,terms,sphere,用語:中1,jp-chuugaku-1-kuukan-zukei
378,8,terms,regular-polyhedron,用語:中1,jp-chuugaku-1-kuukan-zukei
379,8,terms,polyhedron,用語:中1,jp-chuugaku-1-kuukan-zukei
380,8,terms,lateral-face,用語:中1,jp-chuugaku-1-kuukan-zukei
381,8,terms,lateral-area,用語:中1,jp-chuugaku-1-kuukan-zukei
382,8,terms,surface-area,用語:中1,jp-chuugaku-1-kuukan-zukei
383,8,terms,volume,用語:中1,jp-chuugaku-1-kuukan-zukei
384,8,terms,area-of-the-base,用語:中1,jp-chuugaku-1-kuukan-zukei
385,8,terms,height,用語:中1,jp-chuugaku-1-kuukan-zukei
386,8,terms,net,用語:中1,jp-chuugaku-1-kuukan-zukei
387,8,terms,orthographic-projection,用語:中1,jp-chuugaku-1-kuukan-zukei
388,8,terms,skew-lines,用語:中1,jp-chuugaku-1-kuukan-zukei
389,8,terms,rectangular-prism,用語:中1,jp-chuugaku-1-kuukan-zukei
390,8,terms,triangular-prism,用語:中1,jp-chuugaku-1-kuukan-zukei
391,8,terms,square-pyramid,用語:中1,jp-chuugaku-1-kuukan-zukei
392,8,terms,regular-tetrahedron,用語:中1,jp-chuugaku-1-kuukan-zukei
393,8,terms,edge,用語:中1,jp-chuugaku-1-kuukan-zukei
394,8,terms,face,用語:中1,jp-chuugaku-1-kuukan-zukei
395,8,terms,lie-in,用語:中1,jp-chuugaku-1-kuukan-zukei
396,8,terms,line-of-intersection,用語:中1,jp-chuugaku-1-kuukan-zukei
397,8,terms,base-of-a-solid,用語:中1,jp-chuugaku-1-kuukan-zukei
398,8,terms,cube-solid,用語:中1,jp-chuugaku-1-kuukan-zukei
399,8,terms,sketch-of-a-solid,用語:中1,jp-chuugaku-1-kuukan-zukei
400,8,terms,substitute,用語:中1,jp-chuugaku-1-moji-to-shiki
401,9,terms,evaluate,用語:中1,jp-chuugaku-1-moji-to-shiki
402,9,terms,rate,用語:中1,jp-chuugaku-1-moji-to-shiki
403,9,terms,algebraic-expression,用語:中1,jp-chuugaku-1-moji-to-shiki
404,9,terms,expression,用語:中1,jp-chuugaku-1-moji-to-shiki
405,9,terms,coefficient,用語:中1,jp-chuugaku-1-moji-to-shiki
406,9,terms,constant-term,用語:中1,jp-chuugaku-1-moji-to-shiki
407,9,terms,like-terms,用語:中1,jp-chuugaku-1-moji-to-shiki
408,9,terms,linear-expression,用語:中1,jp-chuugaku-1-moji-to-shiki
409,9,terms,value-of-the-expression,用語:中1,jp-chuugaku-1-moji-to-shiki
410,9,terms,quantity,用語:中1,jp-chuugaku-1-moji-to-shiki
411,9,terms,inequality,用語:中1,jp-chuugaku-1-moji-to-shiki
412,9,terms,left-hand-side,用語:中1,jp-chuugaku-1-moji-to-shiki
413,9,terms,right-hand-side,用語:中1,jp-chuugaku-1-moji-to-shiki
414,9,terms,both-sides,用語:中1,jp-chuugaku-1-moji-to-shiki
415,9,terms,equal-sign,用語:中1,jp-chuugaku-1-moji-to-shiki
416,9,terms,inequality-sign,用語:中1,jp-chuugaku-1-moji-to-shiki
417,9,terms,unit,用語:中1,jp-chuugaku-1-moji-to-shiki
418,9,terms,percent,用語:中1,jp-chuugaku-1-moji-to-shiki
419,9,terms,speed,用語:中1,jp-chuugaku-1-moji-to-shiki
420,9,terms,combine-like-terms,用語:中1,jp-chuugaku-1-moji-to-shiki
421,9,terms,represent,用語:中1,jp-chuugaku-1-moji-to-shiki
422,9,terms,times,用語:中1,jp-chuugaku-1-moji-to-shiki
423,9,terms,number-line,用語:中1,jp-chuugaku-1-seifu-no-suu
424,9,terms,prime-factorization,用語:中1,jp-chuugaku-1-seifu-no-suu
425,9,terms,positive-number,用語:中1,jp-chuugaku-1-seifu-no-suu
426,9,terms,negative-number,用語:中1,jp-chuugaku-1-seifu-no-suu
427,9,terms,positive-and-negative-numbers,用語:中1,jp-chuugaku-1-seifu-no-suu
428,9,terms,sign,用語:中1,jp-chuugaku-1-seifu-no-suu
429,9,terms,absolute-value,用語:中1,jp-chuugaku-1-seifu-no-suu
430,9,terms,origin,用語:中1,jp-chuugaku-1-seifu-no-suu
431,9,terms,integer,用語:中1,jp-chuugaku-1-seifu-no-suu
432,9,terms,natural-number,用語:中1,jp-chuugaku-1-seifu-no-suu
433,9,terms,opposite,用語:中1,jp-chuugaku-1-seifu-no-suu
434,9,terms,addition,用語:中1,jp-chuugaku-1-seifu-no-suu
435,9,terms,subtraction,用語:中1,jp-chuugaku-1-seifu-no-suu
436,9,terms,multiplication,用語:中1,jp-chuugaku-1-seifu-no-suu
437,9,terms,division,用語:中1,jp-chuugaku-1-seifu-no-suu
438,9,terms,the-four-operations,用語:中1,jp-chuugaku-1-seifu-no-suu
439,9,terms,reciprocal,用語:中1,jp-chuugaku-1-seifu-no-suu
440,9,terms,power,用語:中1,jp-chuugaku-1-seifu-no-suu
441,9,terms,exponent,用語:中1,jp-chuugaku-1-seifu-no-suu
442,9,terms,square,用語:中1,jp-chuugaku-1-seifu-no-suu
443,9,terms,cube,用語:中1,jp-chuugaku-1-seifu-no-suu
444,9,terms,prime-number,用語:中1,jp-chuugaku-1-seifu-no-suu
445,9,terms,prime-factor,用語:中1,jp-chuugaku-1-seifu-no-suu
446,9,terms,commutative-property,用語:中1,jp-chuugaku-1-seifu-no-suu
447,9,terms,associative-property,用語:中1,jp-chuugaku-1-seifu-no-suu
448,9,terms,distributive-property,用語:中1,jp-chuugaku-1-seifu-no-suu
449,9,terms,term,用語:中1,jp-chuugaku-1-seifu-no-suu
450,9,terms,fraction,用語:中1,jp-chuugaku-1-seifu-no-suu
451,10,terms,decimal,用語:中1,jp-chuugaku-1-seifu-no-suu
452,10,terms,add,用語:中1,jp-chuugaku-1-seifu-no-suu
453,10,terms,subtract,用語:中1,jp-chuugaku-1-seifu-no-suu
454,10,terms,multiply,用語:中1,jp-chuugaku-1-seifu-no-suu
455,10,terms,divide,用語:中1,jp-chuugaku-1-seifu-no-suu
456,10,terms,compute,用語:中1,jp-chuugaku-1-seifu-no-suu
457,10,terms,greater-than,用語:中1,jp-chuugaku-1-seifu-no-suu
458,10,terms,less-than,用語:中1,jp-chuugaku-1-seifu-no-suu
459,10,terms,greater-than-or-equal-to,用語:中1,jp-chuugaku-1-seifu-no-suu
460,10,terms,less-than-or-equal-to,用語:中1,jp-chuugaku-1-seifu-no-suu
461,10,terms,round,用語:中1,jp-chuugaku-1-seifu-no-suu
462,10,terms,parentheses,用語:中1,jp-chuugaku-1-seifu-no-suu
463,10,terms,approximate-value,用語:中1,jp-chuugaku-1-seifu-no-suu
464,10,terms,base-of-a-power,用語:中1,jp-chuugaku-1-seifu-no-suu
465,10,terms,quartile,用語:中2,jp-chuugaku-2-data-no-katsuyou
466,10,terms,interquartile-range,用語:中2,jp-chuugaku-2-data-no-katsuyou
467,10,terms,box-plot,用語:中2,jp-chuugaku-2-data-no-katsuyou
468,10,terms,whisker,用語:中2,jp-chuugaku-2-data-no-katsuyou
469,10,terms,outlier,用語:中2,jp-chuugaku-2-data-no-katsuyou
470,10,terms,five-number-summary,用語:中2,jp-chuugaku-2-data-no-katsuyou
471,10,terms,congruent,用語:中2,jp-chuugaku-2-heikou-to-goudou
472,10,terms,proof,用語:中2,jp-chuugaku-2-heikou-to-goudou
473,10,terms,counterexample,用語:中2,jp-chuugaku-2-heikou-to-goudou
474,10,terms,hypothesis,用語:中2,jp-chuugaku-2-heikou-to-goudou
475,10,terms,prove,用語:中2,jp-chuugaku-2-heikou-to-goudou
476,10,terms,parallel-lines,用語:中2,jp-chuugaku-2-heikou-to-goudou
477,10,terms,sss-congruence,用語:中2,jp-chuugaku-2-heikou-to-goudou
478,10,terms,sas-congruence,用語:中2,jp-chuugaku-2-heikou-to-goudou
479,10,terms,asa-congruence,用語:中2,jp-chuugaku-2-heikou-to-goudou
480,10,terms,vertical-angles,用語:中2,jp-chuugaku-2-heikou-to-goudou
481,10,terms,corresponding-angles,用語:中2,jp-chuugaku-2-heikou-to-goudou
482,10,terms,alternate-interior-angles,用語:中2,jp-chuugaku-2-heikou-to-goudou
483,10,terms,same-side-interior-angles,用語:中2,jp-chuugaku-2-heikou-to-goudou
484,10,terms,interior-angle,用語:中2,jp-chuugaku-2-heikou-to-goudou
485,10,terms,exterior-angle,用語:中2,jp-chuugaku-2-heikou-to-goudou
486,10,terms,sum-of-the-interior-angles,用語:中2,jp-chuugaku-2-heikou-to-goudou
487,10,terms,sum-of-the-exterior-angles,用語:中2,jp-chuugaku-2-heikou-to-goudou
488,10,terms,angle-sum-of-a-triangle,用語:中2,jp-chuugaku-2-heikou-to-goudou
489,10,terms,acute-angle,用語:中2,jp-chuugaku-2-heikou-to-goudou
490,10,terms,right-angle,用語:中2,jp-chuugaku-2-heikou-to-goudou
491,10,terms,obtuse-angle,用語:中2,jp-chuugaku-2-heikou-to-goudou
492,10,terms,acute-triangle,用語:中2,jp-chuugaku-2-heikou-to-goudou
493,10,terms,right-triangle,用語:中2,jp-chuugaku-2-heikou-to-goudou
494,10,terms,obtuse-triangle,用語:中2,jp-chuugaku-2-heikou-to-goudou
495,10,terms,corresponding-sides,用語:中2,jp-chuugaku-2-heikou-to-goudou
496,10,terms,congruence-criteria,用語:中2,jp-chuugaku-2-heikou-to-goudou
497,10,terms,conclusion,用語:中2,jp-chuugaku-2-heikou-to-goudou
498,10,terms,theorem,用語:中2,jp-chuugaku-2-heikou-to-goudou
499,10,terms,definition,用語:中2,jp-chuugaku-2-heikou-to-goudou
500,10,terms,converse,用語:中2,jp-chuugaku-2-heikou-to-goudou
501,11,terms,auxiliary-line,用語:中2,jp-chuugaku-2-heikou-to-goudou
502,11,terms,equal,用語:中2,jp-chuugaku-2-heikou-to-goudou
503,11,terms,corresponding-angles-of-congruent-figures,用語:中2,jp-chuugaku-2-heikou-to-goudou
504,11,terms,equation-of-a-line,用語:中2,jp-chuugaku-2-ichiji-kansuu
505,11,terms,find-the-equation,用語:中2,jp-chuugaku-2-ichiji-kansuu
506,11,terms,x-intercept,用語:中2,jp-chuugaku-2-ichiji-kansuu
507,11,terms,linear-equation-in-two-variables,用語:中2,jp-chuugaku-2-ichiji-kansuu
508,11,terms,linear-function,用語:中2,jp-chuugaku-2-ichiji-kansuu
509,11,terms,slope,用語:中2,jp-chuugaku-2-ichiji-kansuu
510,11,terms,y-intercept,用語:中2,jp-chuugaku-2-ichiji-kansuu
511,11,terms,change,用語:中2,jp-chuugaku-2-ichiji-kansuu
512,11,terms,domain,用語:中2,jp-chuugaku-2-ichiji-kansuu
513,11,terms,constant-function,用語:中2,jp-chuugaku-2-ichiji-kansuu
514,11,terms,linear,用語:中2,jp-chuugaku-2-ichiji-kansuu
515,11,terms,representations-of-a-function,用語:中2,jp-chuugaku-2-ichiji-kansuu
516,11,terms,range,用語:中2,jp-chuugaku-2-ichiji-kansuu
517,11,terms,tree-diagram,用語:中2,jp-chuugaku-2-kakuritsu
518,11,terms,probability,用語:中2,jp-chuugaku-2-kakuritsu
519,11,terms,at-least-one,用語:中2,jp-chuugaku-2-kakuritsu
520,11,terms,sample-space,用語:中2,jp-chuugaku-2-kakuritsu
521,11,terms,sampling-with-replacement,用語:中2,jp-chuugaku-2-kakuritsu
522,11,terms,sampling-without-replacement,用語:中2,jp-chuugaku-2-kakuritsu
523,11,terms,complementary-event,用語:中2,jp-chuugaku-2-kakuritsu
524,11,terms,number-of-possible-outcomes,用語:中2,jp-chuugaku-2-kakuritsu
525,11,terms,equally-likely,用語:中2,jp-chuugaku-2-kakuritsu
526,11,terms,event,用語:中2,jp-chuugaku-2-kakuritsu
527,11,terms,die,用語:中2,jp-chuugaku-2-kakuritsu
528,11,terms,coin,用語:中2,jp-chuugaku-2-kakuritsu
529,11,terms,draw,用語:中2,jp-chuugaku-2-kakuritsu
530,11,terms,toss,用語:中2,jp-chuugaku-2-kakuritsu
531,11,terms,likelihood,用語:中2,jp-chuugaku-2-kakuritsu
532,11,terms,certain,用語:中2,jp-chuugaku-2-kakuritsu
533,11,terms,impossible,用語:中2,jp-chuugaku-2-kakuritsu
534,11,terms,system-of-linear-equations,用語:中2,jp-chuugaku-2-renritsu-houteishiki
535,11,terms,elimination,用語:中2,jp-chuugaku-2-renritsu-houteishiki
536,11,terms,solution-pair,用語:中2,jp-chuugaku-2-renritsu-houteishiki
537,11,terms,eliminate,用語:中2,jp-chuugaku-2-renritsu-houteishiki
538,11,terms,checking-whether-the-solution-makes-sense,用語:中2,jp-chuugaku-2-renritsu-houteishiki
539,11,terms,no-solution,用語:中2,jp-chuugaku-2-renritsu-houteishiki
540,11,terms,infinitely-many-solutions,用語:中2,jp-chuugaku-2-renritsu-houteishiki
541,11,terms,surplus-and-shortage,用語:中2,jp-chuugaku-2-renritsu-houteishiki
542,11,terms,motion-problem,用語:中2,jp-chuugaku-2-renritsu-houteishiki
543,11,terms,mixture-problem,用語:中2,jp-chuugaku-2-renritsu-houteishiki
544,11,terms,substitution-method,用語:中2,jp-chuugaku-2-renritsu-houteishiki
545,11,terms,isosceles-triangle,用語:中2,jp-chuugaku-2-sankakkei-to-shikakkei
546,11,terms,necessary-and-sufficient-condition,用語:中2,jp-chuugaku-2-sankakkei-to-shikakkei
547,11,terms,collinear,用語:中2,jp-chuugaku-2-sankakkei-to-shikakkei
548,11,terms,reflexive-property,用語:中2,jp-chuugaku-2-sankakkei-to-shikakkei
549,11,terms,base-angle,用語:中2,jp-chuugaku-2-sankakkei-to-shikakkei
550,11,terms,vertex-angle,用語:中2,jp-chuugaku-2-sankakkei-to-shikakkei
551,12,terms,equilateral-triangle,用語:中2,jp-chuugaku-2-sankakkei-to-shikakkei
552,12,terms,congruence-criteria-for-right-triangles,用語:中2,jp-chuugaku-2-sankakkei-to-shikakkei
553,12,terms,hypotenuse,用語:中2,jp-chuugaku-2-sankakkei-to-shikakkei
554,12,terms,parallelogram,用語:中2,jp-chuugaku-2-sankakkei-to-shikakkei
555,12,terms,rectangle,用語:中2,jp-chuugaku-2-sankakkei-to-shikakkei
556,12,terms,rhombus,用語:中2,jp-chuugaku-2-sankakkei-to-shikakkei
557,12,terms,trapezoid,用語:中2,jp-chuugaku-2-sankakkei-to-shikakkei
558,12,terms,diagonal,用語:中2,jp-chuugaku-2-sankakkei-to-shikakkei
559,12,terms,opposite-side,用語:中2,jp-chuugaku-2-sankakkei-to-shikakkei
560,12,terms,opposite-angle,用語:中2,jp-chuugaku-2-sankakkei-to-shikakkei
561,12,terms,conditions-for-a-parallelogram,用語:中2,jp-chuugaku-2-sankakkei-to-shikakkei
562,12,terms,area-preserving-transformation,用語:中2,jp-chuugaku-2-sankakkei-to-shikakkei
563,12,terms,midsegment-theorem,用語:中2,jp-chuugaku-2-sankakkei-to-shikakkei
564,12,terms,base-of-a-triangle,用語:中2,jp-chuugaku-2-sankakkei-to-shikakkei
565,12,terms,square-shape,用語:中2,jp-chuugaku-2-sankakkei-to-shikakkei
566,12,terms,remainder,用語:中2,jp-chuugaku-2-shiki-no-keisan
567,12,terms,solve-for,用語:中2,jp-chuugaku-2-shiki-no-keisan
568,12,terms,polynomial,用語:中2,jp-chuugaku-2-shiki-no-keisan
569,12,terms,multiple,用語:中2,jp-chuugaku-2-shiki-no-keisan
570,12,terms,common-factor,用語:中2,jp-chuugaku-2-shiki-no-keisan
571,12,terms,digit,用語:中2,jp-chuugaku-2-shiki-no-keisan
572,12,terms,place,用語:中2,jp-chuugaku-2-shiki-no-keisan
573,12,terms,divisibility,用語:中2,jp-chuugaku-2-shiki-no-keisan
574,12,terms,monomial,用語:中2,jp-chuugaku-2-shiki-no-keisan
575,12,terms,degree,用語:中2,jp-chuugaku-2-shiki-no-keisan
576,12,terms,quadratic-expression,用語:中2,jp-chuugaku-2-shiki-no-keisan
577,12,terms,distribute,用語:中2,jp-chuugaku-2-shiki-no-keisan
578,12,terms,expand,用語:中2,jp-chuugaku-2-shiki-no-keisan
579,12,terms,rearranging-an-equation,用語:中2,jp-chuugaku-2-shiki-no-keisan
580,12,terms,explain,用語:中2,jp-chuugaku-2-shiki-no-keisan
581,12,terms,even-number,用語:中2,jp-chuugaku-2-shiki-no-keisan
582,12,terms,odd-number,用語:中2,jp-chuugaku-2-shiki-no-keisan
583,12,terms,consecutive-integers,用語:中2,jp-chuugaku-2-shiki-no-keisan
584,12,terms,divisor,用語:中2,jp-chuugaku-2-shiki-no-keisan
585,12,terms,quotient,用語:中2,jp-chuugaku-2-shiki-no-keisan
586,12,terms,product,用語:中2,jp-chuugaku-2-shiki-no-keisan
587,12,terms,sum,用語:中2,jp-chuugaku-2-shiki-no-keisan
588,12,terms,difference,用語:中2,jp-chuugaku-2-shiki-no-keisan
589,12,terms,dividend,用語:中2,jp-chuugaku-2-shiki-no-keisan
590,12,terms,cancel-out,用語:中2,jp-chuugaku-2-shiki-no-keisan
591,12,terms,divisor-in-division,用語:中2,jp-chuugaku-2-shiki-no-keisan
592,12,terms,inscribed-angle,用語:中3,jp-chuugaku-3-en
593,12,terms,cyclic-quadrilateral,用語:中3,jp-chuugaku-3-en
594,12,terms,arc-length,用語:中3,jp-chuugaku-3-en
595,12,terms,tangent-chord-theorem,用語:中3,jp-chuugaku-3-en
596,12,terms,tangent-segments-are-equal,用語:中3,jp-chuugaku-3-en
597,12,terms,position-of-a-line-relative-to-a-circle,用語:中3,jp-chuugaku-3-en
598,12,terms,inscribed-angle-theorem,用語:中3,jp-chuugaku-3-en
599,12,terms,converse-of-the-inscribed-angle-theorem,用語:中3,jp-chuugaku-3-en
600,12,terms,angle-inscribed-in-a-semicircle,用語:中3,jp-chuugaku-3-en
601,13,terms,semicircle,用語:中3,jp-chuugaku-3-en
602,13,terms,congruent-arcs,用語:中3,jp-chuugaku-3-en
603,13,terms,subtended-by,用語:中3,jp-chuugaku-3-en
604,13,terms,concyclic,用語:中3,jp-chuugaku-3-en
605,13,terms,repeating-decimal,用語:中3,jp-chuugaku-3-heihoukon
606,13,terms,simplify-radicals,用語:中3,jp-chuugaku-3-heihoukon
607,13,terms,square-root-of-a-number,用語:中3,jp-chuugaku-3-heihoukon
608,13,terms,radical-sign,用語:中3,jp-chuugaku-3-heihoukon
609,13,terms,rational-number,用語:中3,jp-chuugaku-3-heihoukon
610,13,terms,irrational-number,用語:中3,jp-chuugaku-3-heihoukon
611,13,terms,terminating-decimal,用語:中3,jp-chuugaku-3-heihoukon
612,13,terms,non-terminating-decimal,用語:中3,jp-chuugaku-3-heihoukon
613,13,terms,error,用語:中3,jp-chuugaku-3-heihoukon
614,13,terms,significant-figures,用語:中3,jp-chuugaku-3-heihoukon
615,13,terms,rationalizing-the-denominator,用語:中3,jp-chuugaku-3-heihoukon
616,13,terms,principal-square-root,用語:中3,jp-chuugaku-3-heihoukon
617,13,terms,measurement,用語:中3,jp-chuugaku-3-heihoukon
618,13,terms,radical-expression,用語:中3,jp-chuugaku-3-heihoukon
619,13,terms,bound-estimate,用語:中3,jp-chuugaku-3-heihoukon
620,13,terms,sample-survey,用語:中3,jp-chuugaku-3-hyouhon-chousa
621,13,terms,census,用語:中3,jp-chuugaku-3-hyouhon-chousa
622,13,terms,population,用語:中3,jp-chuugaku-3-hyouhon-chousa
623,13,terms,sample,用語:中3,jp-chuugaku-3-hyouhon-chousa
624,13,terms,sample-size,用語:中3,jp-chuugaku-3-hyouhon-chousa
625,13,terms,select-at-random,用語:中3,jp-chuugaku-3-hyouhon-chousa
626,13,terms,random-number,用語:中3,jp-chuugaku-3-hyouhon-chousa
627,13,terms,random-number-table,用語:中3,jp-chuugaku-3-hyouhon-chousa
628,13,terms,sample-mean,用語:中3,jp-chuugaku-3-hyouhon-chousa
629,13,terms,population-mean,用語:中3,jp-chuugaku-3-hyouhon-chousa
630,13,terms,unbiased,用語:中3,jp-chuugaku-3-hyouhon-chousa
631,13,terms,sampling,用語:中3,jp-chuugaku-3-hyouhon-chousa
632,13,terms,random-sampling,用語:中3,jp-chuugaku-3-hyouhon-chousa
633,13,terms,survey,用語:中3,jp-chuugaku-3-hyouhon-chousa
634,13,terms,estimation,用語:中3,jp-chuugaku-3-hyouhon-chousa
635,13,terms,axis-of-symmetry,用語:中3,jp-chuugaku-3-kansuu-y-ax2
636,13,terms,opens-upward,用語:中3,jp-chuugaku-3-kansuu-y-ax2
637,13,terms,opens-downward,用語:中3,jp-chuugaku-3-kansuu-y-ax2
638,13,terms,stretch-vertically,用語:中3,jp-chuugaku-3-kansuu-y-ax2
639,13,terms,quadratic-function,用語:中3,jp-chuugaku-3-kansuu-y-ax2
640,13,terms,parabola,用語:中3,jp-chuugaku-3-kansuu-y-ax2
641,13,terms,projectile-motion,用語:中3,jp-chuugaku-3-kansuu-y-ax2
642,13,terms,quadratic-formula,用語:中3,jp-chuugaku-3-niji-houteishiki
643,13,terms,completing-the-square,用語:中3,jp-chuugaku-3-niji-houteishiki
644,13,terms,quadratic-equation,用語:中3,jp-chuugaku-3-niji-houteishiki
645,13,terms,solving-by-factoring,用語:中3,jp-chuugaku-3-niji-houteishiki
646,13,terms,solving-by-taking-square-roots,用語:中3,jp-chuugaku-3-niji-houteishiki
647,13,terms,double-root,用語:中3,jp-chuugaku-3-niji-houteishiki
648,13,terms,zero-product-property,用語:中3,jp-chuugaku-3-niji-houteishiki
649,13,terms,pythagorean-theorem,用語:中3,jp-chuugaku-3-sanpeihou
650,13,terms,converse-of-the-pythagorean-theorem,用語:中3,jp-chuugaku-3-sanpeihou
651,14,terms,legs,用語:中3,jp-chuugaku-3-sanpeihou
652,14,terms,special-right-triangles,用語:中3,jp-chuugaku-3-sanpeihou
653,14,terms,45-45-90-triangle,用語:中3,jp-chuugaku-3-sanpeihou
654,14,terms,30-60-90-triangle,用語:中3,jp-chuugaku-3-sanpeihou
655,14,terms,distance-formula,用語:中3,jp-chuugaku-3-sanpeihou
656,14,terms,pythagorean-triple,用語:中3,jp-chuugaku-3-sanpeihou
657,14,terms,shortest-distance,用語:中3,jp-chuugaku-3-sanpeihou
658,14,terms,space-diagonal,用語:中3,jp-chuugaku-3-sanpeihou
659,14,terms,angle-bisector-theorem,用語:中3,jp-chuugaku-3-souji
660,14,terms,ratio-of-areas-of-similar-figures,用語:中3,jp-chuugaku-3-souji
661,14,terms,scale-factor,用語:中3,jp-chuugaku-3-souji
662,14,terms,similar-triangles,用語:中3,jp-chuugaku-3-souji
663,14,terms,dilation,用語:中3,jp-chuugaku-3-souji
664,14,terms,aa-similarity,用語:中3,jp-chuugaku-3-souji
665,14,terms,triangle-proportionality-theorem,用語:中3,jp-chuugaku-3-souji
666,14,terms,indirect-measurement,用語:中3,jp-chuugaku-3-souji
667,14,terms,similarity-criteria,用語:中3,jp-chuugaku-3-souji
668,14,terms,center-of-dilation,用語:中3,jp-chuugaku-3-souji
669,14,terms,scale-drawing,用語:中3,jp-chuugaku-3-souji
670,14,terms,ratio-of-volumes-of-similar-solids,用語:中3,jp-chuugaku-3-souji
671,14,terms,scale,用語:中3,jp-chuugaku-3-souji
672,14,terms,similar,用語:中3,jp-chuugaku-3-souji
673,14,terms,expansion,用語:中3,jp-chuugaku-3-tenkai-insuubunkai
674,14,terms,write-in-descending-order,用語:中3,jp-chuugaku-3-tenkai-insuubunkai
675,14,terms,factoring,用語:中3,jp-chuugaku-3-tenkai-insuubunkai
676,14,terms,special-products,用語:中3,jp-chuugaku-3-tenkai-insuubunkai
677,14,terms,factor,用語:中3,jp-chuugaku-3-tenkai-insuubunkai
678,14,terms,square-of-a-binomial,用語:中3,jp-chuugaku-3-tenkai-insuubunkai
679,14,terms,difference-of-squares,用語:中3,jp-chuugaku-3-tenkai-insuubunkai
680,14,terms,cross-method,用語:中3,jp-chuugaku-3-tenkai-insuubunkai
681,14,terms,perfect-square-trinomial,用語:中3,jp-chuugaku-3-tenkai-insuubunkai
682,14,terms,binomial,用語:中3,jp-chuugaku-3-tenkai-insuubunkai
683,14,terms,trinomial,用語:中3,jp-chuugaku-3-tenkai-insuubunkai
684,14,terms,leading-term,用語:中3,jp-chuugaku-3-tenkai-insuubunkai
685,14,terms,leading-coefficient,用語:中3,jp-chuugaku-3-tenkai-insuubunkai
686,14,terms,ascending-order,用語:中3,jp-chuugaku-3-tenkai-insuubunkai
687,14,terms,factoring-by-grouping,用語:中3,jp-chuugaku-3-tenkai-insuubunkai
688,14,terms,quartile-deviation,用語:数学I,jp-suugaku-1-data-no-bunseki
689,14,terms,variance,用語:数学I,jp-suugaku-1-data-no-bunseki
690,14,terms,standard-deviation,用語:数学I,jp-suugaku-1-data-no-bunseki
691,14,terms,deviation,用語:数学I,jp-suugaku-1-data-no-bunseki
692,14,terms,scatter-plot,用語:数学I,jp-suugaku-1-data-no-bunseki
693,14,terms,correlation,用語:数学I,jp-suugaku-1-data-no-bunseki
694,14,terms,positive-correlation,用語:数学I,jp-suugaku-1-data-no-bunseki
695,14,terms,negative-correlation,用語:数学I,jp-suugaku-1-data-no-bunseki
696,14,terms,correlation-coefficient,用語:数学I,jp-suugaku-1-data-no-bunseki
697,14,terms,covariance,用語:数学I,jp-suugaku-1-data-no-bunseki
698,14,terms,hypothesis-testing,用語:数学I,jp-suugaku-1-data-no-bunseki
699,14,terms,null-hypothesis,用語:数学I,jp-suugaku-1-data-no-bunseki
700,14,terms,alternative-hypothesis,用語:数学I,jp-suugaku-1-data-no-bunseki
701,15,terms,reject,用語:数学I,jp-suugaku-1-data-no-bunseki
702,15,terms,significance-level,用語:数学I,jp-suugaku-1-data-no-bunseki
703,15,terms,transformation-of-a-variable,用語:数学I,jp-suugaku-1-data-no-bunseki
704,15,terms,is-biased,用語:数学I,jp-suugaku-1-data-no-bunseki
705,15,terms,causation,用語:数学I,jp-suugaku-1-data-no-bunseki
706,15,terms,statistical-hypothesis,用語:数学I,jp-suugaku-1-data-no-bunseki
707,15,terms,statistical-variable,用語:数学I,jp-suugaku-1-data-no-bunseki
708,15,terms,absolute-value-equation,用語:数学I,jp-suugaku-1-kazu-to-shiki
709,15,terms,real-number,用語:数学I,jp-suugaku-1-kazu-to-shiki
710,15,terms,nested-radical,用語:数学I,jp-suugaku-1-kazu-to-shiki
711,15,terms,symmetric-expression,用語:数学I,jp-suugaku-1-kazu-to-shiki
712,15,terms,elementary-symmetric-polynomial,用語:数学I,jp-suugaku-1-kazu-to-shiki
713,15,terms,alternating-expression,用語:数学I,jp-suugaku-1-kazu-to-shiki
714,15,terms,linear-inequality,用語:数学I,jp-suugaku-1-kazu-to-shiki
715,15,terms,properties-of-inequalities,用語:数学I,jp-suugaku-1-kazu-to-shiki
716,15,terms,system-of-inequalities,用語:数学I,jp-suugaku-1-kazu-to-shiki
717,15,terms,absolute-value-inequality,用語:数学I,jp-suugaku-1-kazu-to-shiki
718,15,terms,solution-set,用語:数学I,jp-suugaku-1-kazu-to-shiki
719,15,terms,case-analysis,用語:数学I,jp-suugaku-1-kazu-to-shiki
720,15,terms,split-into-cases,用語:数学I,jp-suugaku-1-kazu-to-shiki
721,15,terms,integer-part,用語:数学I,jp-suugaku-1-kazu-to-shiki
722,15,terms,fractional-part,用語:数学I,jp-suugaku-1-kazu-to-shiki
723,15,terms,floor-function,用語:数学I,jp-suugaku-1-kazu-to-shiki
724,15,terms,arrange-by-the-variable-of-lowest-degree,用語:数学I,jp-suugaku-1-kazu-to-shiki
725,15,terms,exist,用語:数学I,jp-suugaku-1-kazu-to-shiki
726,15,terms,all,用語:数学I,jp-suugaku-1-kazu-to-shiki
727,15,terms,logical-connective,用語:数学I,jp-suugaku-1-kazu-to-shiki
728,15,terms,discriminant,用語:数学I,jp-suugaku-1-niji-kansuu
729,15,terms,vertex-form,用語:数学I,jp-suugaku-1-niji-kansuu
730,15,terms,standard-form,用語:数学I,jp-suugaku-1-niji-kansuu
731,15,terms,factored-form,用語:数学I,jp-suugaku-1-niji-kansuu
732,15,terms,real-solution,用語:数学I,jp-suugaku-1-niji-kansuu
733,15,terms,quadratic-inequality,用語:数学I,jp-suugaku-1-niji-kansuu
734,15,terms,endpoint,用語:数学I,jp-suugaku-1-niji-kansuu
735,15,terms,interval,用語:数学I,jp-suugaku-1-niji-kansuu
736,15,terms,closed-interval,用語:数学I,jp-suugaku-1-niji-kansuu
737,15,terms,open-interval,用語:数学I,jp-suugaku-1-niji-kansuu
738,15,terms,value-of-the-function,用語:数学I,jp-suugaku-1-niji-kansuu
739,15,terms,function-notation,用語:数学I,jp-suugaku-1-niji-kansuu
740,15,terms,always-positive,用語:数学I,jp-suugaku-1-niji-kansuu
741,15,terms,determine-the-coefficients,用語:数学I,jp-suugaku-1-niji-kansuu
742,15,terms,restricted-domain,用語:数学I,jp-suugaku-1-niji-kansuu
743,15,terms,set,用語:数学I,jp-suugaku-1-shuugou-to-meidai
744,15,terms,element,用語:数学I,jp-suugaku-1-shuugou-to-meidai
745,15,terms,subset,用語:数学I,jp-suugaku-1-shuugou-to-meidai
746,15,terms,empty-set,用語:数学I,jp-suugaku-1-shuugou-to-meidai
747,15,terms,universal-set,用語:数学I,jp-suugaku-1-shuugou-to-meidai
748,15,terms,complement,用語:数学I,jp-suugaku-1-shuugou-to-meidai
749,15,terms,union,用語:数学I,jp-suugaku-1-shuugou-to-meidai
750,15,terms,de-morgans-laws,用語:数学I,jp-suugaku-1-shuugou-to-meidai
751,16,terms,proposition,用語:数学I,jp-suugaku-1-shuugou-to-meidai
752,16,terms,true,用語:数学I,jp-suugaku-1-shuugou-to-meidai
753,16,terms,false,用語:数学I,jp-suugaku-1-shuugou-to-meidai
754,16,terms,truth-value,用語:数学I,jp-suugaku-1-shuugou-to-meidai
755,16,terms,condition,用語:数学I,jp-suugaku-1-shuugou-to-meidai
756,16,terms,inverse,用語:数学I,jp-suugaku-1-shuugou-to-meidai
757,16,terms,contrapositive,用語:数学I,jp-suugaku-1-shuugou-to-meidai
758,16,terms,negation,用語:数学I,jp-suugaku-1-shuugou-to-meidai
759,16,terms,necessary-condition,用語:数学I,jp-suugaku-1-shuugou-to-meidai
760,16,terms,sufficient-condition,用語:数学I,jp-suugaku-1-shuugou-to-meidai
761,16,terms,equivalent,用語:数学I,jp-suugaku-1-shuugou-to-meidai
762,16,terms,proof-by-contradiction,用語:数学I,jp-suugaku-1-shuugou-to-meidai
763,16,terms,proof-by-contrapositive,用語:数学I,jp-suugaku-1-shuugou-to-meidai
764,16,terms,direct-proof,用語:数学I,jp-suugaku-1-shuugou-to-meidai
765,16,terms,axiom,用語:数学I,jp-suugaku-1-shuugou-to-meidai
766,16,terms,lemma,用語:数学I,jp-suugaku-1-shuugou-to-meidai
767,16,terms,corollary,用語:数学I,jp-suugaku-1-shuugou-to-meidai
768,16,terms,contradiction,用語:数学I,jp-suugaku-1-shuugou-to-meidai
769,16,terms,lead-to-a-contradiction,用語:数学I,jp-suugaku-1-shuugou-to-meidai
770,16,terms,negate,用語:数学I,jp-suugaku-1-shuugou-to-meidai
771,16,terms,assume,用語:数学I,jp-suugaku-1-shuugou-to-meidai
772,16,terms,end-of-proof,用語:数学I,jp-suugaku-1-shuugou-to-meidai
773,16,terms,venn-diagram,用語:数学I,jp-suugaku-1-shuugou-to-meidai
774,16,terms,number-of-elements,用語:数学I,jp-suugaku-1-shuugou-to-meidai
775,16,terms,conditional-statement,用語:数学I,jp-suugaku-1-shuugou-to-meidai
776,16,terms,intersection,用語:数学I,jp-suugaku-1-shuugou-to-meidai
777,16,terms,tangent,用語:数学I,jp-suugaku-1-zukei-to-keiryou
778,16,terms,trigonometric-identities,用語:数学I,jp-suugaku-1-zukei-to-keiryou
779,16,terms,trigonometric-ratio,用語:数学I,jp-suugaku-1-zukei-to-keiryou
780,16,terms,sine,用語:数学I,jp-suugaku-1-zukei-to-keiryou
781,16,terms,cosine,用語:数学I,jp-suugaku-1-zukei-to-keiryou
782,16,terms,adjacent-side,用語:数学I,jp-suugaku-1-zukei-to-keiryou
783,16,terms,table-of-trigonometric-ratios,用語:数学I,jp-suugaku-1-zukei-to-keiryou
784,16,terms,unit-circle,用語:数学I,jp-suugaku-1-zukei-to-keiryou
785,16,terms,law-of-sines,用語:数学I,jp-suugaku-1-zukei-to-keiryou
786,16,terms,law-of-cosines,用語:数学I,jp-suugaku-1-zukei-to-keiryou
787,16,terms,circumscribed-circle,用語:数学I,jp-suugaku-1-zukei-to-keiryou
788,16,terms,area-of-a-triangle,用語:数学I,jp-suugaku-1-zukei-to-keiryou
789,16,terms,herons-formula,用語:数学I,jp-suugaku-1-zukei-to-keiryou
790,16,terms,inscribed-circle,用語:数学I,jp-suugaku-1-zukei-to-keiryou
791,16,terms,angle-of-elevation,用語:数学I,jp-suugaku-1-zukei-to-keiryou
792,16,terms,angle-of-depression,用語:数学I,jp-suugaku-1-zukei-to-keiryou
793,16,terms,bearing,用語:数学I,jp-suugaku-1-zukei-to-keiryou
794,16,terms,conditions-that-determine-a-triangle,用語:数学I,jp-suugaku-1-zukei-to-keiryou
795,16,terms,tetrahedron,用語:数学I,jp-suugaku-1-zukei-to-keiryou
796,16,terms,foot-of-the-perpendicular,用語:数学I,jp-suugaku-1-zukei-to-keiryou
797,16,terms,cofunction-identity,用語:数学I,jp-suugaku-1-zukei-to-keiryou
798,16,terms,supplementary-angle-identity,用語:数学I,jp-suugaku-1-zukei-to-keiryou
799,16,terms,side-angle-inequality,用語:数学I,jp-suugaku-1-zukei-to-keiryou
800,16,terms,expected-value,用語:数学A,jp-suugaku-a-baai-no-kazu-to-kakuritsu
801,17,terms,basic-properties-of-probability,用語:数学A,jp-suugaku-a-baai-no-kazu-to-kakuritsu
802,17,terms,general-addition-rule,用語:数学A,jp-suugaku-a-baai-no-kazu-to-kakuritsu
803,17,terms,general-multiplication-rule,用語:数学A,jp-suugaku-a-baai-no-kazu-to-kakuritsu
804,17,terms,independence-of-events,用語:数学A,jp-suugaku-a-baai-no-kazu-to-kakuritsu
805,17,terms,counting,用語:数学A,jp-suugaku-a-baai-no-kazu-to-kakuritsu
806,17,terms,enumeration,用語:数学A,jp-suugaku-a-baai-no-kazu-to-kakuritsu
807,17,terms,permutation,用語:数学A,jp-suugaku-a-baai-no-kazu-to-kakuritsu
808,17,terms,circular-permutation,用語:数学A,jp-suugaku-a-baai-no-kazu-to-kakuritsu
809,17,terms,permutation-with-repetition,用語:数学A,jp-suugaku-a-baai-no-kazu-to-kakuritsu
810,17,terms,combination,用語:数学A,jp-suugaku-a-baai-no-kazu-to-kakuritsu
811,17,terms,combination-with-repetition,用語:数学A,jp-suugaku-a-baai-no-kazu-to-kakuritsu
812,17,terms,factorial,用語:数学A,jp-suugaku-a-baai-no-kazu-to-kakuritsu
813,17,terms,binomial-theorem,用語:数学A,jp-suugaku-a-baai-no-kazu-to-kakuritsu
814,17,terms,binomial-coefficient,用語:数学A,jp-suugaku-a-baai-no-kazu-to-kakuritsu
815,17,terms,pascals-triangle,用語:数学A,jp-suugaku-a-baai-no-kazu-to-kakuritsu
816,17,terms,shortest-path,用語:数学A,jp-suugaku-a-baai-no-kazu-to-kakuritsu
817,17,terms,permutation-of-a-multiset,用語:数学A,jp-suugaku-a-baai-no-kazu-to-kakuritsu
818,17,terms,lexicographic-order,用語:数学A,jp-suugaku-a-baai-no-kazu-to-kakuritsu
819,17,terms,partitioning-into-groups,用語:数学A,jp-suugaku-a-baai-no-kazu-to-kakuritsu
820,17,terms,trial,用語:数学A,jp-suugaku-a-baai-no-kazu-to-kakuritsu
821,17,terms,elementary-event,用語:数学A,jp-suugaku-a-baai-no-kazu-to-kakuritsu
822,17,terms,mutually-exclusive-events,用語:数学A,jp-suugaku-a-baai-no-kazu-to-kakuritsu
823,17,terms,union-of-events,用語:数学A,jp-suugaku-a-baai-no-kazu-to-kakuritsu
824,17,terms,intersection-of-events,用語:数学A,jp-suugaku-a-baai-no-kazu-to-kakuritsu
825,17,terms,repeated-trials,用語:数学A,jp-suugaku-a-baai-no-kazu-to-kakuritsu
826,17,terms,binomial-probability,用語:数学A,jp-suugaku-a-baai-no-kazu-to-kakuritsu
827,17,terms,conditional-probability,用語:数学A,jp-suugaku-a-baai-no-kazu-to-kakuritsu
828,17,terms,arrange,用語:数学A,jp-suugaku-a-baai-no-kazu-to-kakuritsu
829,17,terms,choose,用語:数学A,jp-suugaku-a-baai-no-kazu-to-kakuritsu
830,17,terms,distinguish,用語:数学A,jp-suugaku-a-baai-no-kazu-to-kakuritsu
831,17,terms,double-count,用語:数学A,jp-suugaku-a-baai-no-kazu-to-kakuritsu
832,17,terms,undercount,用語:数学A,jp-suugaku-a-baai-no-kazu-to-kakuritsu
833,17,terms,order-matters,用語:数学A,jp-suugaku-a-baai-no-kazu-to-kakuritsu
834,17,terms,occur,用語:数学A,jp-suugaku-a-baai-no-kazu-to-kakuritsu
835,17,terms,addition-principle,用語:数学A,jp-suugaku-a-baai-no-kazu-to-kakuritsu
836,17,terms,multiplication-principle,用語:数学A,jp-suugaku-a-baai-no-kazu-to-kakuritsu
837,17,terms,composite-number,用語:数学A,jp-suugaku-a-suugaku-to-ningen-no-katsudou
838,17,terms,greatest-common-divisor,用語:数学A,jp-suugaku-a-suugaku-to-ningen-no-katsudou
839,17,terms,least-common-multiple,用語:数学A,jp-suugaku-a-suugaku-to-ningen-no-katsudou
840,17,terms,relatively-prime,用語:数学A,jp-suugaku-a-suugaku-to-ningen-no-katsudou
841,17,terms,number-of-divisors,用語:数学A,jp-suugaku-a-suugaku-to-ningen-no-katsudou
842,17,terms,divisibility-rules,用語:数学A,jp-suugaku-a-suugaku-to-ningen-no-katsudou
843,17,terms,classification-by-remainder,用語:数学A,jp-suugaku-a-suugaku-to-ningen-no-katsudou
844,17,terms,modulus,用語:数学A,jp-suugaku-a-suugaku-to-ningen-no-katsudou
845,17,terms,euclidean-algorithm,用語:数学A,jp-suugaku-a-suugaku-to-ningen-no-katsudou
846,17,terms,linear-diophantine-equation,用語:数学A,jp-suugaku-a-suugaku-to-ningen-no-katsudou
847,17,terms,diophantine-equation,用語:数学A,jp-suugaku-a-suugaku-to-ningen-no-katsudou
848,17,terms,integer-solution,用語:数学A,jp-suugaku-a-suugaku-to-ningen-no-katsudou
849,17,terms,base-n,用語:数学A,jp-suugaku-a-suugaku-to-ningen-no-katsudou
850,17,terms,binary,用語:数学A,jp-suugaku-a-suugaku-to-ningen-no-katsudou
851,18,terms,hexadecimal,用語:数学A,jp-suugaku-a-suugaku-to-ningen-no-katsudou
852,18,terms,numeral-system,用語:数学A,jp-suugaku-a-suugaku-to-ningen-no-katsudou
853,18,terms,parity,用語:数学A,jp-suugaku-a-suugaku-to-ningen-no-katsudou
854,18,terms,path-in-a-graph,用語:数学A,jp-suugaku-a-suugaku-to-ningen-no-katsudou
855,18,terms,congruence-modulo-n,用語:数学A,jp-suugaku-a-suugaku-to-ningen-no-katsudou
856,18,terms,decimal-system,用語:数学A,jp-suugaku-a-suugaku-to-ningen-no-katsudou
857,18,terms,point-of-internal-division,用語:数学A,jp-suugaku-a-zukei-no-seishitsu
858,18,terms,triangle-inequality,用語:数学A,jp-suugaku-a-zukei-no-seishitsu
859,18,terms,point-of-external-division,用語:数学A,jp-suugaku-a-zukei-no-seishitsu
860,18,terms,exterior-angle-bisector,用語:数学A,jp-suugaku-a-zukei-no-seishitsu
861,18,terms,circumcenter,用語:数学A,jp-suugaku-a-zukei-no-seishitsu
862,18,terms,incenter,用語:数学A,jp-suugaku-a-zukei-no-seishitsu
863,18,terms,orthocenter,用語:数学A,jp-suugaku-a-zukei-no-seishitsu
864,18,terms,excenter,用語:数学A,jp-suugaku-a-zukei-no-seishitsu
865,18,terms,the-five-centers-of-a-triangle,用語:数学A,jp-suugaku-a-zukei-no-seishitsu
866,18,terms,cevas-theorem,用語:数学A,jp-suugaku-a-zukei-no-seishitsu
867,18,terms,menelauss-theorem,用語:数学A,jp-suugaku-a-zukei-no-seishitsu
868,18,terms,power-of-a-point,用語:数学A,jp-suugaku-a-zukei-no-seishitsu
869,18,terms,relative-positions-of-two-circles,用語:数学A,jp-suugaku-a-zukei-no-seishitsu
870,18,terms,common-tangent,用語:数学A,jp-suugaku-a-zukei-no-seishitsu
871,18,terms,be-inscribed-in,用語:数学A,jp-suugaku-a-zukei-no-seishitsu
872,18,terms,be-circumscribed-about,用語:数学A,jp-suugaku-a-zukei-no-seishitsu
873,18,terms,relative-positions-of-two-lines,用語:数学A,jp-suugaku-a-zukei-no-seishitsu
874,18,terms,line-perpendicular-to-a-plane,用語:数学A,jp-suugaku-a-zukei-no-seishitsu
875,18,terms,three-perpendiculars-theorem,用語:数学A,jp-suugaku-a-zukei-no-seishitsu
876,18,terms,dihedral-angle,用語:数学A,jp-suugaku-a-zukei-no-seishitsu
877,18,terms,eulers-formula-for-polyhedra,用語:数学A,jp-suugaku-a-zukei-no-seishitsu
878,18,terms,concurrent,用語:数学A,jp-suugaku-a-zukei-no-seishitsu
879,18,terms,equal-angles,用語:数学A,jp-suugaku-a-zukei-no-seishitsu
880,18,terms,supplementary-angle,用語:数学A,jp-suugaku-a-zukei-no-seishitsu
881,18,terms,complementary-angle,用語:数学A,jp-suugaku-a-zukei-no-seishitsu
882,18,terms,median-of-a-triangle,用語:数学A,jp-suugaku-a-zukei-no-seishitsu
883,18,terms,coplanar,用語:数学A,jp-suugaku-a-zukei-no-seishitsu
884,18,terms,pure-imaginary-number,用語:数学II,jp-suugaku-2-fukusosuu-to-houteishiki
885,18,terms,complex-conjugate,用語:数学II,jp-suugaku-2-fukusosuu-to-houteishiki
886,18,terms,synthetic-division,用語:数学II,jp-suugaku-2-fukusosuu-to-houteishiki
887,18,terms,complex-number,用語:数学II,jp-suugaku-2-fukusosuu-to-houteishiki
888,18,terms,imaginary-number,用語:数学II,jp-suugaku-2-fukusosuu-to-houteishiki
889,18,terms,imaginary-unit,用語:数学II,jp-suugaku-2-fukusosuu-to-houteishiki
890,18,terms,real-part,用語:数学II,jp-suugaku-2-fukusosuu-to-houteishiki
891,18,terms,imaginary-part,用語:数学II,jp-suugaku-2-fukusosuu-to-houteishiki
892,18,terms,equality-of-complex-numbers,用語:数学II,jp-suugaku-2-fukusosuu-to-houteishiki
893,18,terms,square-root-of-a-negative-number,用語:数学II,jp-suugaku-2-fukusosuu-to-houteishiki
894,18,terms,imaginary-solution,用語:数学II,jp-suugaku-2-fukusosuu-to-houteishiki
895,18,terms,relationship-between-roots-and-coefficients,用語:数学II,jp-suugaku-2-fukusosuu-to-houteishiki
896,18,terms,remainder-theorem,用語:数学II,jp-suugaku-2-fukusosuu-to-houteishiki
897,18,terms,nth-roots-of-unity,用語:数学II,jp-suugaku-2-fukusosuu-to-houteishiki
898,18,terms,factor-theorem,用語:数学II,jp-suugaku-2-fukusosuu-to-houteishiki
899,18,terms,polynomial-equation-of-higher-degree,用語:数学II,jp-suugaku-2-fukusosuu-to-houteishiki
900,18,terms,cubic-equation,用語:数学II,jp-suugaku-2-fukusosuu-to-houteishiki
901,19,terms,quartic-equation,用語:数学II,jp-suugaku-2-fukusosuu-to-houteishiki
902,19,terms,fundamental-theorem-of-algebra,用語:数学II,jp-suugaku-2-fukusosuu-to-houteishiki
903,19,terms,rational-root-theorem,用語:数学II,jp-suugaku-2-fukusosuu-to-houteishiki
904,19,terms,conjugate-roots,用語:数学II,jp-suugaku-2-fukusosuu-to-houteishiki
905,19,terms,general-angle,用語:数学II,jp-suugaku-2-sankaku-kansuu
906,19,terms,radian-measure,用語:数学II,jp-suugaku-2-sankaku-kansuu
907,19,terms,radian,用語:数学II,jp-suugaku-2-sankaku-kansuu
908,19,terms,degree-measure,用語:数学II,jp-suugaku-2-sankaku-kansuu
909,19,terms,terminal-side,用語:数学II,jp-suugaku-2-sankaku-kansuu
910,19,terms,initial-side,用語:数学II,jp-suugaku-2-sankaku-kansuu
911,19,terms,trigonometric-function,用語:数学II,jp-suugaku-2-sankaku-kansuu
912,19,terms,period,用語:数学II,jp-suugaku-2-sankaku-kansuu
913,19,terms,periodic-function,用語:数学II,jp-suugaku-2-sankaku-kansuu
914,19,terms,amplitude,用語:数学II,jp-suugaku-2-sankaku-kansuu
915,19,terms,even-function,用語:数学II,jp-suugaku-2-sankaku-kansuu
916,19,terms,odd-function,用語:数学II,jp-suugaku-2-sankaku-kansuu
917,19,terms,angle-addition-formulas,用語:数学II,jp-suugaku-2-sankaku-kansuu
918,19,terms,double-angle-formulas,用語:数学II,jp-suugaku-2-sankaku-kansuu
919,19,terms,half-angle-formulas,用語:数学II,jp-suugaku-2-sankaku-kansuu
920,19,terms,triple-angle-formulas,用語:数学II,jp-suugaku-2-sankaku-kansuu
921,19,terms,product-to-sum-formulas,用語:数学II,jp-suugaku-2-sankaku-kansuu
922,19,terms,sum-to-product-formulas,用語:数学II,jp-suugaku-2-sankaku-kansuu
923,19,terms,auxiliary-angle-form,用語:数学II,jp-suugaku-2-sankaku-kansuu
924,19,terms,trigonometric-equation,用語:数学II,jp-suugaku-2-sankaku-kansuu
925,19,terms,trigonometric-inequality,用語:数学II,jp-suugaku-2-sankaku-kansuu
926,19,terms,area-of-a-sector,用語:数学II,jp-suugaku-2-sankaku-kansuu
927,19,terms,reference-angle,用語:数学II,jp-suugaku-2-sankaku-kansuu
928,19,terms,quadrantal-angle,用語:数学II,jp-suugaku-2-sankaku-kansuu
929,19,terms,general-solution,用語:数学II,jp-suugaku-2-sankaku-kansuu
930,19,terms,phase,用語:数学II,jp-suugaku-2-sankaku-kansuu
931,19,terms,phase-shift,用語:数学II,jp-suugaku-2-sankaku-kansuu
932,19,terms,compress-horizontally,用語:数学II,jp-suugaku-2-sankaku-kansuu
933,19,terms,counterclockwise,用語:数学II,jp-suugaku-2-sankaku-kansuu
934,19,terms,clockwise,用語:数学II,jp-suugaku-2-sankaku-kansuu
935,19,terms,am-gm-inequality,用語:数学II,jp-suugaku-2-shiki-to-shoumei
936,19,terms,find-a-common-denominator,用語:数学II,jp-suugaku-2-shiki-to-shoumei
937,19,terms,polynomial-division,用語:数学II,jp-suugaku-2-shiki-to-shoumei
938,19,terms,division-algorithm,用語:数学II,jp-suugaku-2-shiki-to-shoumei
939,19,terms,rational-expression,用語:数学II,jp-suugaku-2-shiki-to-shoumei
940,19,terms,complex-fraction,用語:数学II,jp-suugaku-2-shiki-to-shoumei
941,19,terms,identity,用語:数学II,jp-suugaku-2-shiki-to-shoumei
942,19,terms,proving-an-identity,用語:数学II,jp-suugaku-2-shiki-to-shoumei
943,19,terms,geometric-mean,用語:数学II,jp-suugaku-2-shiki-to-shoumei
944,19,terms,equality-holds,用語:数学II,jp-suugaku-2-shiki-to-shoumei
945,19,terms,multinomial-theorem,用語:数学II,jp-suugaku-2-shiki-to-shoumei
946,19,terms,general-term,用語:数学II,jp-suugaku-2-shiki-to-shoumei
947,19,terms,cauchy-schwarz-inequality,用語:数学II,jp-suugaku-2-shiki-to-shoumei
948,19,terms,reduce,用語:数学II,jp-suugaku-2-shiki-to-shoumei
949,19,terms,numerator,用語:数学II,jp-suugaku-2-shiki-to-shoumei
950,19,terms,denominator,用語:数学II,jp-suugaku-2-shiki-to-shoumei
951,20,terms,properties-of-logarithms,用語:数学II,jp-suugaku-2-shisuu-taisuu
952,20,terms,nth-root,用語:数学II,jp-suugaku-2-shisuu-taisuu
953,20,terms,laws-of-exponents,用語:数学II,jp-suugaku-2-shisuu-taisuu
954,20,terms,negative-exponent,用語:数学II,jp-suugaku-2-shisuu-taisuu
955,20,terms,rational-exponent,用語:数学II,jp-suugaku-2-shisuu-taisuu
956,20,terms,zero-exponent,用語:数学II,jp-suugaku-2-shisuu-taisuu
957,20,terms,exponential-function,用語:数学II,jp-suugaku-2-shisuu-taisuu
958,20,terms,exponential-equation,用語:数学II,jp-suugaku-2-shisuu-taisuu
959,20,terms,exponential-inequality,用語:数学II,jp-suugaku-2-shisuu-taisuu
960,20,terms,logarithm,用語:数学II,jp-suugaku-2-shisuu-taisuu
961,20,terms,argument,用語:数学II,jp-suugaku-2-shisuu-taisuu
962,20,terms,change-of-base-formula,用語:数学II,jp-suugaku-2-shisuu-taisuu
963,20,terms,common-logarithm,用語:数学II,jp-suugaku-2-shisuu-taisuu
964,20,terms,logarithmic-function,用語:数学II,jp-suugaku-2-shisuu-taisuu
965,20,terms,logarithmic-equation,用語:数学II,jp-suugaku-2-shisuu-taisuu
966,20,terms,logarithmic-inequality,用語:数学II,jp-suugaku-2-shisuu-taisuu
967,20,terms,number-of-digits,用語:数学II,jp-suugaku-2-shisuu-taisuu
968,20,terms,grow-exponentially,用語:数学II,jp-suugaku-2-shisuu-taisuu
969,20,terms,write-with-the-same-base,用語:数学II,jp-suugaku-2-shisuu-taisuu
970,20,terms,take-the-log-of-both-sides,用語:数学II,jp-suugaku-2-shisuu-taisuu
971,20,terms,leading-digit,用語:数学II,jp-suugaku-2-shisuu-taisuu
972,20,terms,undo-the-log,用語:数学II,jp-suugaku-2-shisuu-taisuu
973,20,terms,rewrite-in-exponential-form,用語:数学II,jp-suugaku-2-shisuu-taisuu
974,20,terms,rewrite-in-logarithmic-form,用語:数学II,jp-suugaku-2-shisuu-taisuu
975,20,terms,inverse-function,用語:数学II,jp-suugaku-2-shisuu-taisuu
976,20,terms,locus,用語:数学II,jp-suugaku-2-zukei-to-houteishiki
977,20,terms,distance-from-a-point-to-a-line,用語:数学II,jp-suugaku-2-zukei-to-houteishiki
978,20,terms,equation-of-a-circle,用語:数学II,jp-suugaku-2-zukei-to-houteishiki
979,20,terms,general-form-of-a-circle,用語:数学II,jp-suugaku-2-zukei-to-houteishiki
980,20,terms,circle-through-the-intersections-of-two-circles,用語:数学II,jp-suugaku-2-zukei-to-houteishiki
981,20,terms,region,用語:数学II,jp-suugaku-2-zukei-to-houteishiki
982,20,terms,linear-programming,用語:数学II,jp-suugaku-2-zukei-to-houteishiki
983,20,terms,boundary,用語:数学II,jp-suugaku-2-zukei-to-houteishiki
984,20,terms,apollonian-circle,用語:数学II,jp-suugaku-2-zukei-to-houteishiki
985,20,terms,mathematical-model,用語:数学B,jp-suugaku-b-suugaku-to-shakai-seikatsu
986,20,terms,regression-line,用語:数学B,jp-suugaku-b-suugaku-to-shakai-seikatsu
987,20,terms,least-squares,用語:数学B,jp-suugaku-b-suugaku-to-shakai-seikatsu
988,20,terms,moving-average,用語:数学B,jp-suugaku-b-suugaku-to-shakai-seikatsu
989,20,terms,time-series,用語:数学B,jp-suugaku-b-suugaku-to-shakai-seikatsu
990,20,terms,interpolation,用語:数学B,jp-suugaku-b-suugaku-to-shakai-seikatsu
991,20,terms,extrapolation,用語:数学B,jp-suugaku-b-suugaku-to-shakai-seikatsu
992,20,terms,simulation,用語:数学B,jp-suugaku-b-suugaku-to-shakai-seikatsu
993,20,terms,predict,用語:数学B,jp-suugaku-b-suugaku-to-shakai-seikatsu
994,20,terms,sequence,用語:数学B,jp-suugaku-b-suuretsu
995,20,terms,first-term,用語:数学B,jp-suugaku-b-suuretsu
996,20,terms,nth-term,用語:数学B,jp-suugaku-b-suuretsu
997,20,terms,last-term,用語:数学B,jp-suugaku-b-suuretsu
998,20,terms,arithmetic-sequence,用語:数学B,jp-suugaku-b-suuretsu
999,20,terms,common-difference,用語:数学B,jp-suugaku-b-suuretsu
1000,20,terms,geometric-sequence,用語:数学B,jp-suugaku-b-suuretsu
1001,21,terms,common-ratio,用語:数学B,jp-suugaku-b-suuretsu
1002,21,terms,sum-of-an-arithmetic-sequence,用語:数学B,jp-suugaku-b-suuretsu
1003,21,terms,sum-of-a-geometric-sequence,用語:数学B,jp-suugaku-b-suuretsu
1004,21,terms,summation-formulas,用語:数学B,jp-suugaku-b-suuretsu
1005,21,terms,sequence-of-differences,用語:数学B,jp-suugaku-b-suuretsu
1006,21,terms,grouped-sequence,用語:数学B,jp-suugaku-b-suuretsu
1007,21,terms,recurrence-relation,用語:数学B,jp-suugaku-b-suuretsu
1008,21,terms,recursive-definition,用語:数学B,jp-suugaku-b-suuretsu
1009,21,terms,characteristic-equation,用語:数学B,jp-suugaku-b-suuretsu
1010,21,terms,proof-by-induction,用語:数学B,jp-suugaku-b-suuretsu
1011,21,terms,inductive-hypothesis,用語:数学B,jp-suugaku-b-suuretsu
1012,21,terms,base-case,用語:数学B,jp-suugaku-b-suuretsu
1013,21,terms,partial-sum,用語:数学B,jp-suugaku-b-suuretsu
1014,21,terms,infinite-geometric-series,用語:数学B,jp-suugaku-b-suuretsu
1015,21,terms,find-the-sum,用語:数学B,jp-suugaku-b-suuretsu
1016,21,terms,find-the-nth-term,用語:数学B,jp-suugaku-b-suuretsu
1017,21,terms,solve-the-recurrence,用語:数学B,jp-suugaku-b-suuretsu
1018,21,terms,set-up-a-recurrence,用語:数学B,jp-suugaku-b-suuretsu
1019,21,terms,prove-by-induction,用語:数学B,jp-suugaku-b-suuretsu
1020,21,terms,write-out-the-first-few-terms,用語:数学B,jp-suugaku-b-suuretsu
1021,21,terms,subscript,用語:数学B,jp-suugaku-b-suuretsu
1022,21,terms,shift-the-index,用語:数学B,jp-suugaku-b-suuretsu
1023,21,terms,converge,用語:数学B,jp-suugaku-b-suuretsu
1024,21,terms,diverge,用語:数学B,jp-suugaku-b-suuretsu
1025,21,terms,nth,用語:数学B,jp-suugaku-b-suuretsu
1026,21,terms,consecutive-terms,用語:数学B,jp-suugaku-b-suuretsu
1027,21,terms,limit-of-a-sequence,用語:数学B,jp-suugaku-b-suuretsu
1028,21,terms,fibonacci-sequence,用語:数学B,jp-suugaku-b-suuretsu
1029,21,terms,system-of-recurrences,用語:数学B,jp-suugaku-b-suuretsu
1030,21,terms,arithmetic-middle-term,用語:数学B,jp-suugaku-b-suuretsu
1031,21,terms,geometric-middle-term,用語:数学B,jp-suugaku-b-suuretsu
1032,21,terms,random-variable,用語:数学B,jp-suugaku-b-toukei-teki-na-suisoku
1033,21,terms,probability-distribution,用語:数学B,jp-suugaku-b-toukei-teki-na-suisoku
1034,21,terms,binomial-distribution,用語:数学B,jp-suugaku-b-toukei-teki-na-suisoku
1035,21,terms,sum-of-random-variables,用語:数学B,jp-suugaku-b-toukei-teki-na-suisoku
1036,21,terms,independent-random-variables,用語:数学B,jp-suugaku-b-toukei-teki-na-suisoku
1037,21,terms,continuous-random-variable,用語:数学B,jp-suugaku-b-toukei-teki-na-suisoku
1038,21,terms,discrete-random-variable,用語:数学B,jp-suugaku-b-toukei-teki-na-suisoku
1039,21,terms,normal-distribution,用語:数学B,jp-suugaku-b-toukei-teki-na-suisoku
1040,21,terms,standard-normal-distribution,用語:数学B,jp-suugaku-b-toukei-teki-na-suisoku
1041,21,terms,standard-normal-table,用語:数学B,jp-suugaku-b-toukei-teki-na-suisoku
1042,21,terms,normal-approximation-to-the-binomial,用語:数学B,jp-suugaku-b-toukei-teki-na-suisoku
1043,21,terms,population-variance,用語:数学B,jp-suugaku-b-toukei-teki-na-suisoku
1044,21,terms,population-standard-deviation,用語:数学B,jp-suugaku-b-toukei-teki-na-suisoku
1045,21,terms,sampling-distribution-of-the-mean,用語:数学B,jp-suugaku-b-toukei-teki-na-suisoku
1046,21,terms,law-of-large-numbers,用語:数学B,jp-suugaku-b-toukei-teki-na-suisoku
1047,21,terms,central-limit-theorem,用語:数学B,jp-suugaku-b-toukei-teki-na-suisoku
1048,21,terms,point-estimate,用語:数学B,jp-suugaku-b-toukei-teki-na-suisoku
1049,21,terms,interval-estimation,用語:数学B,jp-suugaku-b-toukei-teki-na-suisoku
1050,21,terms,confidence-interval,用語:数学B,jp-suugaku-b-toukei-teki-na-suisoku
1051,22,terms,confidence-level,用語:数学B,jp-suugaku-b-toukei-teki-na-suisoku
1052,22,terms,population-proportion,用語:数学B,jp-suugaku-b-toukei-teki-na-suisoku
1053,22,terms,sample-proportion,用語:数学B,jp-suugaku-b-toukei-teki-na-suisoku
1054,22,terms,rejection-region,用語:数学B,jp-suugaku-b-toukei-teki-na-suisoku
1055,22,terms,fail-to-reject,用語:数学B,jp-suugaku-b-toukei-teki-na-suisoku
1056,22,terms,two-tailed-test,用語:数学B,jp-suugaku-b-toukei-teki-na-suisoku
1057,22,terms,one-tailed-test,用語:数学B,jp-suugaku-b-toukei-teki-na-suisoku
1058,22,terms,standardize,用語:数学B,jp-suugaku-b-toukei-teki-na-suisoku
1059,22,terms,test,用語:数学B,jp-suugaku-b-toukei-teki-na-suisoku
1060,22,terms,z-score,用語:数学B,jp-suugaku-b-toukei-teki-na-suisoku
1061,22,terms,standard-score,用語:数学B,jp-suugaku-b-toukei-teki-na-suisoku
1062,22,terms,linear-transformation-of-a-random-variable,用語:数学B,jp-suugaku-b-toukei-teki-na-suisoku
1063,22,terms,continuity-correction,用語:数学B,jp-suugaku-b-toukei-teki-na-suisoku
1064,22,terms,standard-error,用語:数学B,jp-suugaku-b-toukei-teki-na-suisoku
1065,22,terms,statistically-significant,用語:数学B,jp-suugaku-b-toukei-teki-na-suisoku
1066,22,terms,matrix,用語:数学C,jp-suugaku-c-hyougen-no-kufuu
1067,22,terms,row,用語:数学C,jp-suugaku-c-hyougen-no-kufuu
1068,22,terms,column,用語:数学C,jp-suugaku-c-hyougen-no-kufuu
1069,22,terms,entry,用語:数学C,jp-suugaku-c-hyougen-no-kufuu
1070,22,terms,square-matrix,用語:数学C,jp-suugaku-c-hyougen-no-kufuu
1071,22,terms,identity-matrix,用語:数学C,jp-suugaku-c-hyougen-no-kufuu
1072,22,terms,zero-matrix,用語:数学C,jp-suugaku-c-hyougen-no-kufuu
1073,22,terms,inverse-matrix,用語:数学C,jp-suugaku-c-hyougen-no-kufuu
1074,22,terms,matrix-multiplication,用語:数学C,jp-suugaku-c-hyougen-no-kufuu
1075,22,terms,determinant,用語:数学C,jp-suugaku-c-hyougen-no-kufuu
1076,22,terms,linear-transformation,用語:数学C,jp-suugaku-c-hyougen-no-kufuu
1077,22,terms,statistical-graph,用語:数学C,jp-suugaku-c-hyougen-no-kufuu
1078,22,terms,vertex-graph,用語:数学C,jp-suugaku-c-hyougen-no-kufuu
1079,22,terms,eulerian-path,用語:数学C,jp-suugaku-c-hyougen-no-kufuu
1080,22,terms,adjacency-matrix,用語:数学C,jp-suugaku-c-hyougen-no-kufuu
1081,22,terms,tree,用語:数学C,jp-suugaku-c-hyougen-no-kufuu
1082,22,terms,line-graph,用語:数学C,jp-suugaku-c-hyougen-no-kufuu
1083,22,terms,pie-chart,用語:数学C,jp-suugaku-c-hyougen-no-kufuu
1084,22,terms,stacked-bar-chart,用語:数学C,jp-suugaku-c-hyougen-no-kufuu
1085,22,terms,edge-of-a-graph,用語:数学C,jp-suugaku-c-hyougen-no-kufuu
1086,22,terms,graph-network,用語:数学C,jp-suugaku-c-hyougen-no-kufuu
1087,22,terms,ellipse,用語:数学C,jp-suugaku-c-kyokusen-to-fukuso-heimen
1088,22,terms,conic-section,用語:数学C,jp-suugaku-c-kyokusen-to-fukuso-heimen
1089,22,terms,focus,用語:数学C,jp-suugaku-c-kyokusen-to-fukuso-heimen
1090,22,terms,directrix,用語:数学C,jp-suugaku-c-kyokusen-to-fukuso-heimen
1091,22,terms,major-axis,用語:数学C,jp-suugaku-c-kyokusen-to-fukuso-heimen
1092,22,terms,minor-axis,用語:数学C,jp-suugaku-c-kyokusen-to-fukuso-heimen
1093,22,terms,transverse-axis,用語:数学C,jp-suugaku-c-kyokusen-to-fukuso-heimen
1094,22,terms,eccentricity,用語:数学C,jp-suugaku-c-kyokusen-to-fukuso-heimen
1095,22,terms,standard-form-of-a-conic,用語:数学C,jp-suugaku-c-kyokusen-to-fukuso-heimen
1096,22,terms,cycloid,用語:数学C,jp-suugaku-c-kyokusen-to-fukuso-heimen
1097,22,terms,polar-coordinates,用語:数学C,jp-suugaku-c-kyokusen-to-fukuso-heimen
1098,22,terms,pole,用語:数学C,jp-suugaku-c-kyokusen-to-fukuso-heimen
1099,22,terms,polar-angle,用語:数学C,jp-suugaku-c-kyokusen-to-fukuso-heimen
1100,22,terms,polar-equation,用語:数学C,jp-suugaku-c-kyokusen-to-fukuso-heimen
1101,23,terms,rectangular-coordinates,用語:数学C,jp-suugaku-c-kyokusen-to-fukuso-heimen
1102,23,terms,complex-plane,用語:数学C,jp-suugaku-c-kyokusen-to-fukuso-heimen
1103,23,terms,real-axis,用語:数学C,jp-suugaku-c-kyokusen-to-fukuso-heimen
1104,23,terms,imaginary-axis,用語:数学C,jp-suugaku-c-kyokusen-to-fukuso-heimen
1105,23,terms,polar-form,用語:数学C,jp-suugaku-c-kyokusen-to-fukuso-heimen
1106,23,terms,de-moivres-theorem,用語:数学C,jp-suugaku-c-kyokusen-to-fukuso-heimen
1107,23,terms,eulers-formula,用語:数学C,jp-suugaku-c-kyokusen-to-fukuso-heimen
1108,23,terms,raise-to-the-nth-power,用語:数学C,jp-suugaku-c-kyokusen-to-fukuso-heimen
1109,23,terms,modulus-of-a-complex-number,用語:数学C,jp-suugaku-c-kyokusen-to-fukuso-heimen
1110,23,terms,argument-of-a-complex-number,用語:数学C,jp-suugaku-c-kyokusen-to-fukuso-heimen
1111,23,terms,coordinates-in-space,用語:数学C,jp-suugaku-c-vector
1112,23,terms,equation-of-a-plane,用語:数学C,jp-suugaku-c-vector
1113,23,terms,vector,用語:数学C,jp-suugaku-c-vector
1114,23,terms,component-form,用語:数学C,jp-suugaku-c-vector
1115,23,terms,dot-product,用語:数学C,jp-suugaku-c-vector
1116,23,terms,directed-segment,用語:数学C,jp-suugaku-c-vector
1117,23,terms,initial-point,用語:数学C,jp-suugaku-c-vector
1118,23,terms,terminal-point,用語:数学C,jp-suugaku-c-vector
1119,23,terms,magnitude,用語:数学C,jp-suugaku-c-vector
1120,23,terms,unit-vector,用語:数学C,jp-suugaku-c-vector
1121,23,terms,zero-vector,用語:数学C,jp-suugaku-c-vector
1122,23,terms,opposite-vector,用語:数学C,jp-suugaku-c-vector
1123,23,terms,equal-vectors,用語:数学C,jp-suugaku-c-vector
1124,23,terms,vector-addition,用語:数学C,jp-suugaku-c-vector
1125,23,terms,vector-subtraction,用語:数学C,jp-suugaku-c-vector
1126,23,terms,scalar-multiplication,用語:数学C,jp-suugaku-c-vector
1127,23,terms,scalar,用語:数学C,jp-suugaku-c-vector
1128,23,terms,parallel-vectors,用語:数学C,jp-suugaku-c-vector
1129,23,terms,decomposition-of-a-vector,用語:数学C,jp-suugaku-c-vector
1130,23,terms,linearly-independent,用語:数学C,jp-suugaku-c-vector
1131,23,terms,linearly-dependent,用語:数学C,jp-suugaku-c-vector
1132,23,terms,linear-combination,用語:数学C,jp-suugaku-c-vector
1133,23,terms,components,用語:数学C,jp-suugaku-c-vector
1134,23,terms,position-vector,用語:数学C,jp-suugaku-c-vector
1135,23,terms,angle-between-vectors,用語:数学C,jp-suugaku-c-vector
1136,23,terms,vector-equation,用語:数学C,jp-suugaku-c-vector
1137,23,terms,vector-equation-of-a-line,用語:数学C,jp-suugaku-c-vector
1138,23,terms,normal-vector,用語:数学C,jp-suugaku-c-vector
1139,23,terms,direction-vector,用語:数学C,jp-suugaku-c-vector
1140,23,terms,vector-equation-of-a-circle,用語:数学C,jp-suugaku-c-vector
1141,23,terms,equation-of-a-sphere,用語:数学C,jp-suugaku-c-vector
1142,23,terms,collinearity-condition,用語:数学C,jp-suugaku-c-vector
1143,23,terms,coplanarity-condition,用語:数学C,jp-suugaku-c-vector
1144,23,terms,area-of-a-triangle-using-vectors,用語:数学C,jp-suugaku-c-vector
1145,23,terms,cross-product,用語:数学C,jp-suugaku-c-vector
1146,23,terms,orthogonal,用語:数学C,jp-suugaku-c-vector
1147,23,terms,bar-chart,用語:Pre-Algebra,us-pre-algebra-data-and-probability
1148,23,terms,order-of-operations,用語:Pre-Algebra,us-pre-algebra-expressions-and-equations
1149,23,terms,pemdas,用語:Pre-Algebra,us-pre-algebra-expressions-and-equations
1150,23,terms,tick-mark,用語:Pre-Algebra,us-pre-algebra-expressions-and-equations
1151,24,terms,composite-figure,用語:Pre-Algebra,us-pre-algebra-geometry-basics
1152,24,terms,cubic-units,用語:Pre-Algebra,us-pre-algebra-geometry-basics
1153,24,terms,square-units,用語:Pre-Algebra,us-pre-algebra-geometry-basics
1154,24,terms,tessellation,用語:Pre-Algebra,us-pre-algebra-geometry-basics
1155,24,terms,percent-change,用語:Pre-Algebra,us-pre-algebra-ratios-and-percents
1156,24,terms,simple-interest,用語:Pre-Algebra,us-pre-algebra-ratios-and-percents
1157,24,terms,convert,用語:Pre-Algebra,us-pre-algebra-ratios-and-percents
1158,24,terms,growth-rate,用語:Algebra 1,us-algebra-1-exponents-and-exponential-functions
1159,24,terms,compound-interest,用語:Algebra 1,us-algebra-1-exponents-and-exponential-functions
1160,24,terms,scientific-notation,用語:Algebra 1,us-algebra-1-exponents-and-exponential-functions
1161,24,terms,literal-equation,用語:Algebra 1,us-algebra-1-linear-equations
1162,24,terms,interval-notation,用語:Algebra 1,us-algebra-1-linear-equations
1163,24,terms,set-builder-notation,用語:Algebra 1,us-algebra-1-linear-equations
1164,24,terms,slope-intercept-form-of-a-line,用語:Algebra 1,us-algebra-1-linear-functions
1165,24,terms,point-slope-form,用語:Algebra 1,us-algebra-1-linear-functions
1166,24,terms,standard-form-of-a-line,用語:Algebra 1,us-algebra-1-linear-functions
1167,24,terms,slope-formula,用語:Algebra 1,us-algebra-1-linear-functions
1168,24,terms,rise-over-run,用語:Algebra 1,us-algebra-1-linear-functions
1169,24,terms,piecewise-function,用語:Algebra 1,us-algebra-1-linear-functions
1170,24,terms,absolute-value-function,用語:Algebra 1,us-algebra-1-linear-functions
1171,24,terms,step-function,用語:Algebra 1,us-algebra-1-linear-functions
1172,24,terms,negative-reciprocal,用語:Algebra 1,us-algebra-1-linear-functions
1173,24,terms,foil,用語:Algebra 1,us-algebra-1-polynomials-and-factoring
1174,24,terms,area-model,用語:Algebra 1,us-algebra-1-polynomials-and-factoring
1175,24,terms,prime-polynomial,用語:Algebra 1,us-algebra-1-polynomials-and-factoring
1176,24,terms,zeros-of-a-polynomial,用語:Algebra 1,us-algebra-1-quadratics
1177,24,terms,transformations-of-functions,用語:Algebra 1,us-algebra-1-quadratics
1178,24,terms,parent-function,用語:Algebra 1,us-algebra-1-quadratics
1179,24,terms,like-radicals,用語:Algebra 1,us-algebra-1-radicals
1180,24,terms,radical-equation,用語:Algebra 1,us-algebra-1-radicals
1181,24,terms,extraneous-solution,用語:Algebra 1,us-algebra-1-radicals
1182,24,terms,stem-and-leaf-plot,用語:Algebra 1,us-algebra-1-statistics
1183,24,terms,contingency-table,用語:Algebra 1,us-algebra-1-statistics
1184,24,terms,dot-plot,用語:Algebra 1,us-algebra-1-statistics
1185,24,terms,symmetric-distribution,用語:Algebra 1,us-algebra-1-statistics
1186,24,terms,mean-absolute-deviation,用語:Algebra 1,us-algebra-1-statistics
1187,24,terms,residual,用語:Algebra 1,us-algebra-1-statistics
1188,24,terms,categorical-variable,用語:Algebra 1,us-algebra-1-statistics
1189,24,terms,quantitative-variable,用語:Algebra 1,us-algebra-1-statistics
1190,24,terms,solving-by-graphing,用語:Algebra 1,us-algebra-1-systems
1191,24,terms,system-of-linear-inequalities,用語:Algebra 1,us-algebra-1-systems
1192,24,terms,independent-system,用語:Algebra 1,us-algebra-1-systems
1193,24,terms,area-of-a-regular-polygon,用語:Geometry,us-geometry-area-and-volume
1194,24,terms,apothem,用語:Geometry,us-geometry-area-and-volume
1195,24,terms,cavalieris-principle,用語:Geometry,us-geometry-area-and-volume
1196,24,terms,density,用語:Geometry,us-geometry-area-and-volume
1197,24,terms,intercepted-arc,用語:Geometry,us-geometry-circles
1198,24,terms,arc-measure,用語:Geometry,us-geometry-circles
1199,24,terms,major-arc,用語:Geometry,us-geometry-circles
1200,24,terms,minor-arc,用語:Geometry,us-geometry-circles
1201,25,terms,intersecting-chords-theorem,用語:Geometry,us-geometry-circles
1202,25,terms,secant-tangent-theorem,用語:Geometry,us-geometry-circles
1203,25,terms,inscribed-polygon,用語:Geometry,us-geometry-circles
1204,25,terms,circumscribed-polygon,用語:Geometry,us-geometry-circles
1205,25,terms,scalene-triangle,用語:Geometry,us-geometry-congruent-triangles
1206,25,terms,equiangular-triangle,用語:Geometry,us-geometry-congruent-triangles
1207,25,terms,exterior-angle-theorem,用語:Geometry,us-geometry-congruent-triangles
1208,25,terms,aas-congruence,用語:Geometry,us-geometry-congruent-triangles
1209,25,terms,hl-congruence,用語:Geometry,us-geometry-congruent-triangles
1210,25,terms,cpctc,用語:Geometry,us-geometry-congruent-triangles
1211,25,terms,isosceles-triangle-theorem,用語:Geometry,us-geometry-congruent-triangles
1212,25,terms,coordinate-proof,用語:Geometry,us-geometry-coordinate-geometry
1213,25,terms,midpoint-formula,用語:Geometry,us-geometry-coordinate-geometry
1214,25,terms,undefined-terms,用語:Geometry,us-geometry-foundations
1215,25,terms,segment-addition-postulate,用語:Geometry,us-geometry-foundations
1216,25,terms,angle-addition-postulate,用語:Geometry,us-geometry-foundations
1217,25,terms,adjacent-angles,用語:Geometry,us-geometry-foundations
1218,25,terms,linear-pair,用語:Geometry,us-geometry-foundations
1219,25,terms,postulate,用語:Geometry,us-geometry-foundations
1220,25,terms,straight-angle,用語:Geometry,us-geometry-foundations
1221,25,terms,reflex-angle,用語:Geometry,us-geometry-foundations
1222,25,terms,transversal,用語:Geometry,us-geometry-parallel-and-perpendicular
1223,25,terms,alternate-interior-angles-theorem,用語:Geometry,us-geometry-parallel-and-perpendicular
1224,25,terms,corresponding-angles-postulate,用語:Geometry,us-geometry-parallel-and-perpendicular
1225,25,terms,alternate-exterior-angles,用語:Geometry,us-geometry-parallel-and-perpendicular
1226,25,terms,same-side-exterior-angles,用語:Geometry,us-geometry-parallel-and-perpendicular
1227,25,terms,perpendicular-postulate,用語:Geometry,us-geometry-parallel-and-perpendicular
1228,25,terms,inductive-reasoning,用語:Geometry,us-geometry-reasoning-and-proof
1229,25,terms,deductive-reasoning,用語:Geometry,us-geometry-reasoning-and-proof
1230,25,terms,biconditional,用語:Geometry,us-geometry-reasoning-and-proof
1231,25,terms,two-column-proof,用語:Geometry,us-geometry-reasoning-and-proof
1232,25,terms,paragraph-proof,用語:Geometry,us-geometry-reasoning-and-proof
1233,25,terms,flowchart-proof,用語:Geometry,us-geometry-reasoning-and-proof
1234,25,terms,transitive-property,用語:Geometry,us-geometry-reasoning-and-proof
1235,25,terms,symmetric-property,用語:Geometry,us-geometry-reasoning-and-proof
1236,25,terms,substitution-property,用語:Geometry,us-geometry-reasoning-and-proof
1237,25,terms,law-of-syllogism,用語:Geometry,us-geometry-reasoning-and-proof
1238,25,terms,law-of-detachment,用語:Geometry,us-geometry-reasoning-and-proof
1239,25,terms,ruler-postulate,用語:Geometry,us-geometry-reasoning-and-proof
1240,25,terms,truth-table,用語:Geometry,us-geometry-reasoning-and-proof
1241,25,terms,sohcahtoa,用語:Geometry,us-geometry-right-triangles-and-trig
1242,25,terms,solve-the-right-triangle,用語:Geometry,us-geometry-right-triangles-and-trig
1243,25,terms,ambiguous-case,用語:Geometry,us-geometry-right-triangles-and-trig
1244,25,terms,area-formula-with-sine,用語:Geometry,us-geometry-right-triangles-and-trig
1245,25,terms,solving-triangles,用語:Geometry,us-geometry-right-triangles-and-trig
1246,25,terms,similarity-transformation,用語:Geometry,us-geometry-similarity
1247,25,terms,right-triangle-similarity,用語:Geometry,us-geometry-similarity
1248,25,terms,composition-of-transformations,用語:Geometry,us-geometry-transformations
1249,25,terms,glide-reflection,用語:Geometry,us-geometry-transformations
1250,25,terms,image,用語:Geometry,us-geometry-transformations
1251,26,terms,preimage,用語:Geometry,us-geometry-transformations
1252,26,terms,coordinate-rule,用語:Geometry,us-geometry-transformations
1253,26,terms,rotational-symmetry,用語:Geometry,us-geometry-transformations
1254,26,terms,continuous-compounding,用語:Algebra 2,us-algebra-2-exponential-and-logarithmic
1255,26,terms,logarithmic-scale,用語:Algebra 2,us-algebra-2-exponential-and-logarithmic
1256,26,terms,exponential-regression,用語:Algebra 2,us-algebra-2-exponential-and-logarithmic
1257,26,terms,horizontal-line-test,用語:Algebra 2,us-algebra-2-functions
1258,26,terms,vertical-line-test,用語:Algebra 2,us-algebra-2-functions
1259,26,terms,end-behavior,用語:Algebra 2,us-algebra-2-functions
1260,26,terms,polynomial-function,用語:Algebra 2,us-algebra-2-polynomials
1261,26,terms,multiplicity,用語:Algebra 2,us-algebra-2-polynomials
1262,26,terms,turning-points,用語:Algebra 2,us-algebra-2-polynomials
1263,26,terms,sum-of-cubes,用語:Algebra 2,us-algebra-2-polynomials
1264,26,terms,difference-of-cubes,用語:Algebra 2,us-algebra-2-polynomials
1265,26,terms,descartes-rule-of-signs,用語:Algebra 2,us-algebra-2-polynomials
1266,26,terms,equation-in-quadratic-form,用語:Algebra 2,us-algebra-2-polynomials
1267,26,terms,polynomial-inequality,用語:Algebra 2,us-algebra-2-polynomials
1268,26,terms,error-bound,用語:Algebra 2,us-algebra-2-probability-and-statistics
1269,26,terms,empirical-rule,用語:Algebra 2,us-algebra-2-probability-and-statistics
1270,26,terms,observational-study,用語:Algebra 2,us-algebra-2-probability-and-statistics
1271,26,terms,experiment,用語:Algebra 2,us-algebra-2-probability-and-statistics
1272,26,terms,randomization,用語:Algebra 2,us-algebra-2-probability-and-statistics
1273,26,terms,nonlinear-system,用語:Algebra 2,us-algebra-2-quadratics-and-complex-numbers
1274,26,terms,quadratic-regression,用語:Algebra 2,us-algebra-2-quadratics-and-complex-numbers
1275,26,terms,sign-chart-inequality,用語:Algebra 2,us-algebra-2-quadratics-and-complex-numbers
1276,26,terms,vertical-asymptote,用語:Algebra 2,us-algebra-2-rational-functions
1277,26,terms,horizontal-asymptote,用語:Algebra 2,us-algebra-2-rational-functions
1278,26,terms,slant-asymptote,用語:Algebra 2,us-algebra-2-rational-functions
1279,26,terms,rational-equation,用語:Algebra 2,us-algebra-2-rational-functions
1280,26,terms,joint-variation,用語:Algebra 2,us-algebra-2-rational-functions
1281,26,terms,least-common-denominator,用語:Algebra 2,us-algebra-2-rational-functions
1282,26,terms,coterminal-angle,用語:Algebra 2,us-algebra-2-trigonometry
1283,26,terms,midline,用語:Algebra 2,us-algebra-2-trigonometry
1284,26,terms,sinusoid,用語:Algebra 2,us-algebra-2-trigonometry
1285,26,terms,cosecant,用語:Algebra 2,us-algebra-2-trigonometry
1286,26,terms,cotangent,用語:Algebra 2,us-algebra-2-trigonometry
1287,26,terms,secant,用語:Algebra 2,us-algebra-2-trigonometry
1288,26,terms,pythagorean-identity,用語:Precalculus,us-precalculus-analytic-trigonometry
1289,26,terms,rotated-conics,用語:Precalculus,us-precalculus-conics
1290,26,terms,latus-rectum,用語:Precalculus,us-precalculus-conics
1291,26,terms,logistic-growth,用語:Precalculus,us-precalculus-exponential-and-logarithmic
1292,26,terms,newtons-law-of-cooling,用語:Precalculus,us-precalculus-exponential-and-logarithmic
1293,26,terms,expanding-and-condensing-logs,用語:Precalculus,us-precalculus-exponential-and-logarithmic
1294,26,terms,one-to-one-property,用語:Precalculus,us-precalculus-exponential-and-logarithmic
1295,26,terms,difference-quotient,用語:Precalculus,us-precalculus-functions
1296,26,terms,augmented-matrix,用語:Precalculus,us-precalculus-matrices-and-systems
1297,26,terms,row-operations,用語:Precalculus,us-precalculus-matrices-and-systems
1298,26,terms,gaussian-elimination,用語:Precalculus,us-precalculus-matrices-and-systems
1299,26,terms,row-echelon-form,用語:Precalculus,us-precalculus-matrices-and-systems
1300,26,terms,cramers-rule,用語:Precalculus,us-precalculus-matrices-and-systems
1301,27,terms,system-of-three-equations,用語:Precalculus,us-precalculus-matrices-and-systems
1302,27,terms,feasible-region,用語:Precalculus,us-precalculus-matrices-and-systems
1303,27,terms,objective-function,用語:Precalculus,us-precalculus-matrices-and-systems
1304,27,terms,cardioid,用語:Precalculus,us-precalculus-polar-and-complex
1305,27,terms,rose-curve,用語:Precalculus,us-precalculus-polar-and-complex
1306,27,terms,limacon,用語:Precalculus,us-precalculus-polar-and-complex
1307,27,terms,orientation,用語:Precalculus,us-precalculus-polar-and-complex
1308,27,terms,inductive-step,用語:Precalculus,us-precalculus-sequences-and-induction
1309,27,terms,standard-unit-vectors,用語:Precalculus,us-precalculus-vectors
1310,27,terms,direction-angle,用語:Precalculus,us-precalculus-vectors
1311,27,terms,vector-projection,用語:Precalculus,us-precalculus-vectors
1312,27,terms,orthogonal-projection,用語:Precalculus,us-precalculus-vectors
1313,27,terms,resultant,用語:Precalculus,us-precalculus-vectors
1314,27,terms,one-variable-data,用語:Integrated Math 1,us-integrated-1-statistics
1315,27,terms,two-variable-data,用語:Integrated Math 1,us-integrated-1-statistics
1316,27,terms,conditional-relative-frequency,用語:Integrated Math 1,us-integrated-1-statistics
1317,27,terms,nth-term-test,用語:AP Calculus BC,us-ap-calculus-bc-10-series
1318,27,terms,integral-test,用語:AP Calculus BC,us-ap-calculus-bc-10-series
1319,27,terms,harmonic-series,用語:AP Calculus BC,us-ap-calculus-bc-10-series
1320,27,terms,p-series,用語:AP Calculus BC,us-ap-calculus-bc-10-series
1321,27,terms,comparison-test,用語:AP Calculus BC,us-ap-calculus-bc-10-series
1322,27,terms,limit-comparison-test,用語:AP Calculus BC,us-ap-calculus-bc-10-series
1323,27,terms,alternating-series,用語:AP Calculus BC,us-ap-calculus-bc-10-series
1324,27,terms,alternating-series-test,用語:AP Calculus BC,us-ap-calculus-bc-10-series
1325,27,terms,ratio-test,用語:AP Calculus BC,us-ap-calculus-bc-10-series
1326,27,terms,absolute-convergence,用語:AP Calculus BC,us-ap-calculus-bc-10-series
1327,27,terms,conditional-convergence,用語:AP Calculus BC,us-ap-calculus-bc-10-series
1328,27,terms,alternating-series-error-bound,用語:AP Calculus BC,us-ap-calculus-bc-10-series
1329,27,terms,taylor-polynomial,用語:AP Calculus BC,us-ap-calculus-bc-10-series
1330,27,terms,lagrange-error-bound,用語:AP Calculus BC,us-ap-calculus-bc-10-series
1331,27,terms,power-series,用語:AP Calculus BC,us-ap-calculus-bc-10-series
1332,27,terms,radius-of-convergence,用語:AP Calculus BC,us-ap-calculus-bc-10-series
1333,27,terms,interval-of-convergence,用語:AP Calculus BC,us-ap-calculus-bc-10-series
1334,27,terms,taylor-series,用語:AP Calculus BC,us-ap-calculus-bc-10-series
1335,27,terms,maclaurin-series,用語:AP Calculus BC,us-ap-calculus-bc-10-series
1336,27,terms,term-by-term-differentiation,用語:AP Calculus BC,us-ap-calculus-bc-10-series
1337,27,terms,vector-valued-function,用語:AP Calculus BC,us-ap-calculus-bc-9-parametric-polar-vector
1338,27,terms,area-in-polar-coordinates,用語:AP Calculus BC,us-ap-calculus-bc-9-parametric-polar-vector
1339,27,terms,derivatives-in-polar-form,用語:AP Calculus BC,us-ap-calculus-bc-9-parametric-polar-vector
1340,27,terms,derivative-of-a-vector-function,用語:AP Calculus BC,us-ap-calculus-bc-9-parametric-polar-vector
1341,27,terms,velocity-vector,用語:AP Calculus BC,us-ap-calculus-bc-9-parametric-polar-vector
1342,27,terms,skewness,用語:AP Statistics,us-ap-statistics-1-exploring-and-collecting-data
1343,27,terms,resistant-statistic,用語:AP Statistics,us-ap-statistics-1-exploring-and-collecting-data
1344,27,terms,percentile,用語:AP Statistics,us-ap-statistics-1-exploring-and-collecting-data
1345,27,terms,explanatory-variable,用語:AP Statistics,us-ap-statistics-1-exploring-and-collecting-data
1346,27,terms,response-variable,用語:AP Statistics,us-ap-statistics-1-exploring-and-collecting-data
1347,27,terms,stratified-sampling,用語:AP Statistics,us-ap-statistics-1-exploring-and-collecting-data
1348,27,terms,cluster-sampling,用語:AP Statistics,us-ap-statistics-1-exploring-and-collecting-data
1349,27,terms,systematic-sampling,用語:AP Statistics,us-ap-statistics-1-exploring-and-collecting-data
1350,27,terms,convenience-sample,用語:AP Statistics,us-ap-statistics-1-exploring-and-collecting-data
1351,28,terms,voluntary-response-bias,用語:AP Statistics,us-ap-statistics-1-exploring-and-collecting-data
1352,28,terms,nonresponse,用語:AP Statistics,us-ap-statistics-1-exploring-and-collecting-data
1353,28,terms,confounding-variable,用語:AP Statistics,us-ap-statistics-1-exploring-and-collecting-data
1354,28,terms,treatment,用語:AP Statistics,us-ap-statistics-1-exploring-and-collecting-data
1355,28,terms,control-group,用語:AP Statistics,us-ap-statistics-1-exploring-and-collecting-data
1356,28,terms,placebo,用語:AP Statistics,us-ap-statistics-1-exploring-and-collecting-data
1357,28,terms,blinding,用語:AP Statistics,us-ap-statistics-1-exploring-and-collecting-data
1358,28,terms,blocking,用語:AP Statistics,us-ap-statistics-1-exploring-and-collecting-data
1359,28,terms,completely-randomized-design,用語:AP Statistics,us-ap-statistics-1-exploring-and-collecting-data
1360,28,terms,density-curve,用語:AP Statistics,us-ap-statistics-2-probability-and-distributions
1361,28,terms,sampling-distribution,用語:AP Statistics,us-ap-statistics-2-probability-and-distributions
1362,28,terms,sampling-error,用語:AP Statistics,us-ap-statistics-2-probability-and-distributions
1363,28,terms,sampling-distribution-of-a-proportion,用語:AP Statistics,us-ap-statistics-3-inference-for-proportions
1364,28,terms,unbiased-estimator,用語:AP Statistics,us-ap-statistics-3-inference-for-proportions
1365,28,terms,critical-value,用語:AP Statistics,us-ap-statistics-3-inference-for-proportions
1366,28,terms,test-statistic,用語:AP Statistics,us-ap-statistics-3-inference-for-proportions
1367,28,terms,p-value,用語:AP Statistics,us-ap-statistics-3-inference-for-proportions
1368,28,terms,type-i-error,用語:AP Statistics,us-ap-statistics-3-inference-for-proportions
1369,28,terms,type-ii-error,用語:AP Statistics,us-ap-statistics-3-inference-for-proportions
1370,28,terms,two-proportion-z-test,用語:AP Statistics,us-ap-statistics-3-inference-for-proportions
1371,28,terms,statistical-power,用語:AP Statistics,us-ap-statistics-3-inference-for-proportions
1372,28,terms,degrees-of-freedom,用語:AP Statistics,us-ap-statistics-3-inference-for-proportions
1373,28,terms,chi-square-test,用語:AP Statistics,us-ap-statistics-3-inference-for-proportions
1374,28,terms,test-for-independence,用語:AP Statistics,us-ap-statistics-3-inference-for-proportions
1375,28,terms,test-for-homogeneity,用語:AP Statistics,us-ap-statistics-3-inference-for-proportions
1376,28,terms,expected-count,用語:AP Statistics,us-ap-statistics-3-inference-for-proportions
1377,28,terms,observed-count,用語:AP Statistics,us-ap-statistics-3-inference-for-proportions
1378,28,terms,t-distribution,用語:AP Statistics,us-ap-statistics-4-inference-for-means
1379,28,terms,one-sample-t-test,用語:AP Statistics,us-ap-statistics-4-inference-for-means
1380,28,terms,paired-t-test,用語:AP Statistics,us-ap-statistics-4-inference-for-means
1381,28,terms,two-sample-t-test,用語:AP Statistics,us-ap-statistics-4-inference-for-means
1382,28,terms,coefficient-of-determination,用語:AP Statistics,us-ap-statistics-5-regression-analysis
1383,28,terms,residual-plot,用語:AP Statistics,us-ap-statistics-5-regression-analysis
1384,28,terms,hyperbolic-functions,用語:Calculus I,us-calculus-1-functions
1385,28,terms,inverse-hyperbolic-functions,用語:Calculus I,us-calculus-1-functions
1386,28,terms,transcendental-function,用語:Calculus I,us-calculus-1-functions
1387,28,terms,algebraic-function,用語:Calculus I,us-calculus-1-functions
1388,28,terms,taylors-theorem,用語:Calculus II,us-calculus-2-power-series
1389,28,terms,binomial-series,用語:Calculus II,us-calculus-2-power-series
1390,28,terms,monotone-convergence-theorem,用語:Calculus II,us-calculus-2-sequences-and-series
1391,28,terms,telescoping-series,用語:Calculus II,us-calculus-2-sequences-and-series
1392,28,terms,double-integral,用語:Calculus III,us-calculus-3-multiple-integrals
1393,28,terms,iterated-integral,用語:Calculus III,us-calculus-3-multiple-integrals
1394,28,terms,changing-the-order-of-integration,用語:Calculus III,us-calculus-3-multiple-integrals
1395,28,terms,triple-integral,用語:Calculus III,us-calculus-3-multiple-integrals
1396,28,terms,change-of-variables,用語:Calculus III,us-calculus-3-multiple-integrals
1397,28,terms,jacobian,用語:Calculus III,us-calculus-3-multiple-integrals
1398,28,terms,fubinis-theorem,用語:Calculus III,us-calculus-3-multiple-integrals
1399,28,terms,cylindrical-coordinates,用語:Calculus III,us-calculus-3-multiple-integrals
1400,28,terms,spherical-coordinates,用語:Calculus III,us-calculus-3-multiple-integrals
1401,29,terms,function-of-several-variables,用語:Calculus III,us-calculus-3-partial-derivatives
1402,29,terms,level-curve,用語:Calculus III,us-calculus-3-partial-derivatives
1403,29,terms,partial-derivative,用語:Calculus III,us-calculus-3-partial-derivatives
1404,29,terms,tangent-plane,用語:Calculus III,us-calculus-3-partial-derivatives
1405,29,terms,total-differential,用語:Calculus III,us-calculus-3-partial-derivatives
1406,29,terms,multivariable-chain-rule,用語:Calculus III,us-calculus-3-partial-derivatives
1407,29,terms,directional-derivative,用語:Calculus III,us-calculus-3-partial-derivatives
1408,29,terms,gradient,用語:Calculus III,us-calculus-3-partial-derivatives
1409,29,terms,saddle-point,用語:Calculus III,us-calculus-3-partial-derivatives
1410,29,terms,lagrange-multipliers,用語:Calculus III,us-calculus-3-partial-derivatives
1411,29,terms,take-the-partial-derivative,用語:Calculus III,us-calculus-3-partial-derivatives
1412,29,terms,vector-field,用語:Calculus III,us-calculus-3-vector-calculus
1413,29,terms,line-integral,用語:Calculus III,us-calculus-3-vector-calculus
1414,29,terms,conservative-vector-field,用語:Calculus III,us-calculus-3-vector-calculus
1415,29,terms,potential-function,用語:Calculus III,us-calculus-3-vector-calculus
1416,29,terms,greens-theorem,用語:Calculus III,us-calculus-3-vector-calculus
1417,29,terms,curl-vector,用語:Calculus III,us-calculus-3-vector-calculus
1418,29,terms,divergence-vector,用語:Calculus III,us-calculus-3-vector-calculus
1419,29,terms,surface-integral,用語:Calculus III,us-calculus-3-vector-calculus
1420,29,terms,stokes-theorem,用語:Calculus III,us-calculus-3-vector-calculus
1421,29,terms,divergence-theorem,用語:Calculus III,us-calculus-3-vector-calculus
1422,29,terms,space-curve,用語:Calculus III,us-calculus-3-vector-valued-functions
1423,29,terms,curvature,用語:Calculus III,us-calculus-3-vector-valued-functions
1424,29,terms,unit-tangent-vector,用語:Calculus III,us-calculus-3-vector-valued-functions
1425,29,terms,unit-normal-vector,用語:Calculus III,us-calculus-3-vector-valued-functions
1426,29,terms,scalar-triple-product,用語:Calculus III,us-calculus-3-vectors-in-space
1427,29,terms,quadric-surface,用語:Calculus III,us-calculus-3-vectors-in-space
1428,29,terms,cofactor-expansion,用語:Linear Algebra,us-linear-algebra-determinants
1429,29,terms,cofactor,用語:Linear Algebra,us-linear-algebra-determinants
1430,29,terms,minor,用語:Linear Algebra,us-linear-algebra-determinants
1431,29,terms,adjugate,用語:Linear Algebra,us-linear-algebra-determinants
1432,29,terms,eigenvalue,用語:Linear Algebra,us-linear-algebra-eigenvalues
1433,29,terms,eigenvector,用語:Linear Algebra,us-linear-algebra-eigenvalues
1434,29,terms,eigenspace,用語:Linear Algebra,us-linear-algebra-eigenvalues
1435,29,terms,characteristic-polynomial,用語:Linear Algebra,us-linear-algebra-eigenvalues
1436,29,terms,diagonalization,用語:Linear Algebra,us-linear-algebra-eigenvalues
1437,29,terms,diagonalizable,用語:Linear Algebra,us-linear-algebra-eigenvalues
1438,29,terms,similar-matrices,用語:Linear Algebra,us-linear-algebra-eigenvalues
1439,29,terms,algebraic-multiplicity,用語:Linear Algebra,us-linear-algebra-eigenvalues
1440,29,terms,geometric-multiplicity,用語:Linear Algebra,us-linear-algebra-eigenvalues
1441,29,terms,markov-chain,用語:Linear Algebra,us-linear-algebra-eigenvalues
1442,29,terms,dynamical-system,用語:Linear Algebra,us-linear-algebra-eigenvalues
1443,29,terms,null-space,用語:Linear Algebra,us-linear-algebra-linear-transformations
1444,29,terms,column-space,用語:Linear Algebra,us-linear-algebra-linear-transformations
1445,29,terms,standard-matrix,用語:Linear Algebra,us-linear-algebra-linear-transformations
1446,29,terms,onto,用語:Linear Algebra,us-linear-algebra-linear-transformations
1447,29,terms,isomorphism,用語:Linear Algebra,us-linear-algebra-linear-transformations
1448,29,terms,orthonormal-basis,用語:Linear Algebra,us-linear-algebra-orthogonality
1449,29,terms,gram-schmidt-process,用語:Linear Algebra,us-linear-algebra-orthogonality
1450,29,terms,orthogonal-complement,用語:Linear Algebra,us-linear-algebra-orthogonality
1451,30,terms,qr-factorization,用語:Linear Algebra,us-linear-algebra-orthogonality
1452,30,terms,singular-value-decomposition,用語:Linear Algebra,us-linear-algebra-orthogonality
1453,30,terms,quadratic-form,用語:Linear Algebra,us-linear-algebra-orthogonality
1454,30,terms,reduced-row-echelon-form,用語:Linear Algebra,us-linear-algebra-systems-and-matrices
1455,30,terms,pivot,用語:Linear Algebra,us-linear-algebra-systems-and-matrices
1456,30,terms,free-variable,用語:Linear Algebra,us-linear-algebra-systems-and-matrices
1457,30,terms,basic-variable,用語:Linear Algebra,us-linear-algebra-systems-and-matrices
1458,30,terms,transpose,用語:Linear Algebra,us-linear-algebra-systems-and-matrices
1459,30,terms,invertible-matrix,用語:Linear Algebra,us-linear-algebra-systems-and-matrices
1460,30,terms,singular-matrix,用語:Linear Algebra,us-linear-algebra-systems-and-matrices
1461,30,terms,elementary-matrix,用語:Linear Algebra,us-linear-algebra-systems-and-matrices
1462,30,terms,lu-decomposition,用語:Linear Algebra,us-linear-algebra-systems-and-matrices
1463,30,terms,block-matrix,用語:Linear Algebra,us-linear-algebra-systems-and-matrices
1464,30,terms,homogeneous-system,用語:Linear Algebra,us-linear-algebra-systems-and-matrices
1465,30,terms,vector-space,用語:Linear Algebra,us-linear-algebra-vector-spaces
1466,30,terms,subspace,用語:Linear Algebra,us-linear-algebra-vector-spaces
1467,30,terms,span,用語:Linear Algebra,us-linear-algebra-vector-spaces
1468,30,terms,basis,用語:Linear Algebra,us-linear-algebra-vector-spaces
1469,30,terms,dimension,用語:Linear Algebra,us-linear-algebra-vector-spaces
1470,30,terms,row-space,用語:Linear Algebra,us-linear-algebra-vector-spaces
1471,30,terms,rank,用語:Linear Algebra,us-linear-algebra-vector-spaces
1472,30,terms,rank-nullity-theorem,用語:Linear Algebra,us-linear-algebra-vector-spaces
1473,30,terms,coordinate-vector,用語:Linear Algebra,us-linear-algebra-vector-spaces
1474,30,terms,change-of-basis,用語:Linear Algebra,us-linear-algebra-vector-spaces
1475,30,terms,uniform-distribution,用語:Intro Statistics,us-intro-statistics-continuous-distributions
1476,30,terms,exponential-distribution,用語:Intro Statistics,us-intro-statistics-continuous-distributions
1477,30,terms,normal-probability-plot,用語:Intro Statistics,us-intro-statistics-continuous-distributions
1478,30,terms,coefficient-of-variation,用語:Intro Statistics,us-intro-statistics-descriptive-statistics
1479,30,terms,chebyshevs-inequality,用語:Intro Statistics,us-intro-statistics-descriptive-statistics
1480,30,terms,hypergeometric-distribution,用語:Intro Statistics,us-intro-statistics-discrete-distributions
1481,30,terms,poisson-distribution,用語:Intro Statistics,us-intro-statistics-discrete-distributions
1482,30,terms,geometric-distribution,用語:Intro Statistics,us-intro-statistics-discrete-distributions
1483,30,terms,test-of-a-single-variance,用語:Intro Statistics,us-intro-statistics-hypothesis-testing
1484,30,terms,anova,用語:Intro Statistics,us-intro-statistics-hypothesis-testing
1485,30,terms,f-distribution,用語:Intro Statistics,us-intro-statistics-hypothesis-testing
1486,30,terms,goodness-of-fit-test,用語:Intro Statistics,us-intro-statistics-hypothesis-testing
1487,30,terms,inclusion-exclusion-principle,用語:Intro Statistics,us-intro-statistics-probability
1488,30,terms,bayes-theorem,用語:Intro Statistics,us-intro-statistics-probability
1489,30,terms,t-test-for-the-slope,用語:Intro Statistics,us-intro-statistics-regression
1490,30,terms,influential-point,用語:Intro Statistics,us-intro-statistics-regression
1491,30,terms,statistics,用語:Intro Statistics,us-intro-statistics-sampling-and-data
1492,30,terms,descriptive-statistics,用語:Intro Statistics,us-intro-statistics-sampling-and-data
1493,30,terms,inferential-statistics,用語:Intro Statistics,us-intro-statistics-sampling-and-data
1494,30,terms,statistic,用語:Intro Statistics,us-intro-statistics-sampling-and-data
1495,30,terms,levels-of-measurement,用語:Intro Statistics,us-intro-statistics-sampling-and-data
1496,30,terms,pigeonhole-principle,用語:Discrete Math,us-discrete-math-counting
1497,30,terms,binomial-identities,用語:Discrete Math,us-discrete-math-counting
1498,30,terms,generating-function,用語:Discrete Math,us-discrete-math-counting
1499,30,terms,linearity-of-expectation,用語:Discrete Math,us-discrete-math-discrete-probability
1500,30,terms,relation,用語:Discrete Math,us-discrete-math-graphs-and-relations
1501,31,terms,equivalence-relation,用語:Discrete Math,us-discrete-math-graphs-and-relations
1502,31,terms,equivalence-class,用語:Discrete Math,us-discrete-math-graphs-and-relations
1503,31,terms,partial-order,用語:Discrete Math,us-discrete-math-graphs-and-relations
1504,31,terms,directed-graph,用語:Discrete Math,us-discrete-math-graphs-and-relations
1505,31,terms,degree-vertex,用語:Discrete Math,us-discrete-math-graphs-and-relations
1506,31,terms,handshaking-lemma,用語:Discrete Math,us-discrete-math-graphs-and-relations
1507,31,terms,connected,用語:Discrete Math,us-discrete-math-graphs-and-relations
1508,31,terms,hamiltonian-path,用語:Discrete Math,us-discrete-math-graphs-and-relations
1509,31,terms,spanning-tree,用語:Discrete Math,us-discrete-math-graphs-and-relations
1510,31,terms,bipartite-graph,用語:Discrete Math,us-discrete-math-graphs-and-relations
1511,31,terms,planar-graph,用語:Discrete Math,us-discrete-math-graphs-and-relations
1512,31,terms,graph-coloring,用語:Discrete Math,us-discrete-math-graphs-and-relations
1513,31,terms,strong-induction,用語:Discrete Math,us-discrete-math-induction-and-recursion
1514,31,terms,well-ordering-principle,用語:Discrete Math,us-discrete-math-induction-and-recursion
1515,31,terms,structural-induction,用語:Discrete Math,us-discrete-math-induction-and-recursion
1516,31,terms,recursive-algorithm,用語:Discrete Math,us-discrete-math-induction-and-recursion
1517,31,terms,linear-recurrence-relation,用語:Discrete Math,us-discrete-math-induction-and-recursion
1518,31,terms,propositional-logic,用語:Discrete Math,us-discrete-math-logic-and-proofs
1519,31,terms,tautology,用語:Discrete Math,us-discrete-math-logic-and-proofs
1520,31,terms,predicate,用語:Discrete Math,us-discrete-math-logic-and-proofs
1521,31,terms,quantifier,用語:Discrete Math,us-discrete-math-logic-and-proofs
1522,31,terms,universal-quantifier,用語:Discrete Math,us-discrete-math-logic-and-proofs
1523,31,terms,existential-quantifier,用語:Discrete Math,us-discrete-math-logic-and-proofs
1524,31,terms,rules-of-inference,用語:Discrete Math,us-discrete-math-logic-and-proofs
1525,31,terms,proof-by-cases,用語:Discrete Math,us-discrete-math-logic-and-proofs
1526,31,terms,existence-proof,用語:Discrete Math,us-discrete-math-logic-and-proofs
1527,31,terms,uniqueness-proof,用語:Discrete Math,us-discrete-math-logic-and-proofs
1528,31,terms,without-loss-of-generality,用語:Discrete Math,us-discrete-math-logic-and-proofs
1529,31,terms,bezouts-identity,用語:Discrete Math,us-discrete-math-number-theory
1530,31,terms,extended-euclidean-algorithm,用語:Discrete Math,us-discrete-math-number-theory
1531,31,terms,modular-inverse,用語:Discrete Math,us-discrete-math-number-theory
1532,31,terms,chinese-remainder-theorem,用語:Discrete Math,us-discrete-math-number-theory
1533,31,terms,fermats-little-theorem,用語:Discrete Math,us-discrete-math-number-theory
1534,31,terms,infinitude-of-primes,用語:Discrete Math,us-discrete-math-number-theory
1535,31,terms,cryptography,用語:Discrete Math,us-discrete-math-number-theory
1536,31,terms,power-set,用語:Discrete Math,us-discrete-math-sets-and-functions
1537,31,terms,cartesian-product,用語:Discrete Math,us-discrete-math-sets-and-functions
1538,31,terms,bijection,用語:Discrete Math,us-discrete-math-sets-and-functions
1539,31,terms,ceiling-function,用語:Discrete Math,us-discrete-math-sets-and-functions
1540,31,terms,countable,用語:Discrete Math,us-discrete-math-sets-and-functions
1541,31,symbols,absolute-value-bars,記号,arithmetic
1542,31,symbols,approximately-equal-sign,記号,arithmetic
1543,31,symbols,compound-inequality,記号,arithmetic
1544,31,symbols,decimal-point,記号,arithmetic
1545,31,symbols,division-sign,記号,arithmetic
1546,31,symbols,equals-sign,記号,arithmetic
1547,31,symbols,geq-sign,記号,arithmetic
1548,31,symbols,greater-than-sign,記号,arithmetic
1549,31,symbols,leq-sign,記号,arithmetic
1550,31,symbols,less-than-sign,記号,arithmetic
1551,32,symbols,long-division-bracket,記号,arithmetic
1552,32,symbols,minus-plus-sign,記号,arithmetic
1553,32,symbols,minus-sign,記号,arithmetic
1554,32,symbols,negative-sign,記号,arithmetic
1555,32,symbols,not-equal-sign,記号,arithmetic
1556,32,symbols,parenthesized-quantity,記号,arithmetic
1557,32,symbols,percent-sign,記号,arithmetic
1558,32,symbols,plus-minus-sign,記号,arithmetic
1559,32,symbols,plus-sign,記号,arithmetic
1560,32,symbols,proportion-colon,記号,arithmetic
1561,32,symbols,ratio-colon,記号,arithmetic
1562,32,symbols,repeating-decimal-bar,記号,arithmetic
1563,32,symbols,scientific-notation-form,記号,arithmetic
1564,32,symbols,times-sign,記号,arithmetic
1565,32,symbols,fraction-a-over-b,記号,fractions
1566,32,symbols,mixed-number,記号,fractions
1567,32,symbols,numeric-fraction,記号,fractions
1568,32,symbols,rational-expression-fraction,記号,fractions
1569,32,symbols,e-constant,記号,exponents
1570,32,symbols,e-to-the-x,記号,exponents
1571,32,symbols,exp-function,記号,exponents
1572,32,symbols,expression-exponent,記号,exponents
1573,32,symbols,fractional-exponent,記号,exponents
1574,32,symbols,negative-exponent-power,記号,exponents
1575,32,symbols,power-cubed,記号,exponents
1576,32,symbols,power-fourth,記号,exponents
1577,32,symbols,power-n,記号,exponents
1578,32,symbols,power-squared,記号,exponents
1579,32,symbols,cube-root,記号,roots
1580,32,symbols,nth-root-radical,記号,roots
1581,32,symbols,square-root,記号,roots
1582,32,symbols,a-sub-n,記号,subscripts
1583,32,symbols,sequence-braces,記号,subscripts
1584,32,symbols,x-naught,記号,subscripts
1585,32,symbols,ceiling-brackets,記号,functions
1586,32,symbols,composition-notation,記号,functions
1587,32,symbols,floor-brackets,記号,functions
1588,32,symbols,function-f-of-x,記号,functions
1589,32,symbols,function-maps-arrow,記号,functions
1590,32,symbols,gauss-bracket-jp,記号,functions
1591,32,symbols,hyperbolic-functions-notation,記号,functions
1592,32,symbols,inverse-function-notation,記号,functions
1593,32,symbols,max-min-notation,記号,functions
1594,32,symbols,piecewise-brace,記号,functions
1595,32,symbols,cosecant-of-theta,記号,trigonometry
1596,32,symbols,cosine-of-theta,記号,trigonometry
1597,32,symbols,cotangent-of-theta,記号,trigonometry
1598,32,symbols,inverse-cosine-notation,記号,trigonometry
1599,32,symbols,inverse-sine-notation,記号,trigonometry
1600,32,symbols,inverse-tangent-notation,記号,trigonometry
1601,33,symbols,radian-unit,記号,trigonometry
1602,33,symbols,secant-of-theta,記号,trigonometry
1603,33,symbols,sine-of-theta,記号,trigonometry
1604,33,symbols,sine-squared,記号,trigonometry
1605,33,symbols,tangent-of-theta,記号,trigonometry
1606,33,symbols,theta,記号,trigonometry
1607,33,symbols,common-log-notation,記号,logarithms
1608,33,symbols,log-base-a,記号,logarithms
1609,33,symbols,log-e-jp,記号,logarithms
1610,33,symbols,natural-log-ln,記号,logarithms
1611,33,symbols,approaches-arrow,記号,limits
1612,33,symbols,dne-abbreviation,記号,limits
1613,33,symbols,indeterminate-forms,記号,limits
1614,33,symbols,infinity-symbol,記号,limits
1615,33,symbols,limit-from-left,記号,limits
1616,33,symbols,limit-from-right,記号,limits
1617,33,symbols,limit-x-to-a,記号,limits
1618,33,symbols,delta-x,記号,derivatives
1619,33,symbols,derivative-evaluated-at,記号,derivatives
1620,33,symbols,derivative-leibniz,記号,derivatives
1621,33,symbols,derivative-prime,記号,derivatives
1622,33,symbols,difference-quotient-limit,記号,derivatives
1623,33,symbols,directional-derivative-notation,記号,derivatives
1624,33,symbols,jacobian-notation,記号,derivatives
1625,33,symbols,nabla,記号,derivatives
1626,33,symbols,nth-derivative-notation,記号,derivatives
1627,33,symbols,partial-derivative-leibniz,記号,derivatives
1628,33,symbols,partial-derivative-subscript,記号,derivatives
1629,33,symbols,second-derivative-leibniz,記号,derivatives
1630,33,symbols,double-integral-sign,記号,integrals
1631,33,symbols,evaluation-bar,記号,integrals
1632,33,symbols,integral-definite,記号,integrals
1633,33,symbols,integral-indefinite,記号,integrals
1634,33,symbols,line-integral-sign,記号,integrals
1635,33,symbols,plus-c-constant,記号,integrals
1636,33,symbols,triple-integral-sign,記号,integrals
1637,33,symbols,product-pi-notation,記号,sums
1638,33,symbols,summation-sigma,記号,sums
1639,33,symbols,cardinality-notation,記号,sets
1640,33,symbols,cartesian-product-cross,記号,sets
1641,33,symbols,closed-interval-brackets,記号,sets
1642,33,symbols,complement-notation,記号,sets
1643,33,symbols,complex-numbers-symbol,記号,sets
1644,33,symbols,element-of-sign,記号,sets
1645,33,symbols,empty-set-symbol,記号,sets
1646,33,symbols,half-open-interval,記号,sets
1647,33,symbols,integers-symbol,記号,sets
1648,33,symbols,intersection-sign,記号,sets
1649,33,symbols,natural-numbers-symbol,記号,sets
1650,33,symbols,not-element-of-sign,記号,sets
1651,34,symbols,open-interval-parentheses,記号,sets
1652,34,symbols,power-set-notation,記号,sets
1653,34,symbols,proper-subset-sign,記号,sets
1654,34,symbols,rationals-symbol,記号,sets
1655,34,symbols,reals-symbol,記号,sets
1656,34,symbols,roster-braces,記号,sets
1657,34,symbols,set-builder-braces,記号,sets
1658,34,symbols,set-difference,記号,sets
1659,34,symbols,subset-sign,記号,sets
1660,34,symbols,union-sign,記号,sets
1661,34,symbols,because-sign,記号,logic
1662,34,symbols,for-all-quantifier,記号,logic
1663,34,symbols,iff-arrow,記号,logic
1664,34,symbols,implies-arrow,記号,logic
1665,34,symbols,logical-and-wedge,記号,logic
1666,34,symbols,logical-or-vee,記号,logic
1667,34,symbols,negation-sign,記号,logic
1668,34,symbols,qed-end-of-proof,記号,logic
1669,34,symbols,there-exists-quantifier,記号,logic
1670,34,symbols,therefore-sign,記号,logic
1671,34,symbols,angle-bracket-vector,記号,vectors
1672,34,symbols,cross-product-cross,記号,vectors
1673,34,symbols,curl-del-cross,記号,vectors
1674,34,symbols,divergence-del-dot,記号,vectors
1675,34,symbols,dot-product-dot,記号,vectors
1676,34,symbols,projection-notation,記号,vectors
1677,34,symbols,unit-vector-hat,記号,vectors
1678,34,symbols,vector-ab-arrow,記号,vectors
1679,34,symbols,vector-arrow-notation,記号,vectors
1680,34,symbols,vector-magnitude-bars,記号,vectors
1681,34,symbols,determinant-notation,記号,matrices
1682,34,symbols,identity-matrix-i,記号,matrices
1683,34,symbols,matrix-brackets,記号,matrices
1684,34,symbols,matrix-dimensions-by,記号,matrices
1685,34,symbols,matrix-entry-aij,記号,matrices
1686,34,symbols,matrix-inverse-notation,記号,matrices
1687,34,symbols,transpose-notation,記号,matrices
1688,34,symbols,argument-arg-z,記号,complex-numbers
1689,34,symbols,complex-a-plus-bi,記号,complex-numbers
1690,34,symbols,complex-conjugate-bar,記号,complex-numbers
1691,34,symbols,complex-modulus-bars,記号,complex-numbers
1692,34,symbols,imaginary-unit-i,記号,complex-numbers
1693,34,symbols,polar-form-cis,記号,complex-numbers
1694,34,symbols,base-n-subscript,記号,number-theory
1695,34,symbols,congruence-mod,記号,number-theory
1696,34,symbols,divides-bar,記号,number-theory
1697,34,symbols,gcd-notation,記号,number-theory
1698,34,symbols,lcm-notation,記号,number-theory
1699,34,symbols,binomial-distribution-b,記号,probability-statistics
1700,34,symbols,chi-square-symbol,記号,probability-statistics
1701,35,symbols,combination-ncr,記号,probability-statistics
1702,35,symbols,conditional-probability-bar,記号,probability-statistics
1703,35,symbols,conditional-probability-subscript-jp,記号,probability-statistics
1704,35,symbols,df-degrees-of-freedom,記号,probability-statistics
1705,35,symbols,distributed-as-tilde,記号,probability-statistics
1706,35,symbols,expected-value-e-of-x,記号,probability-statistics
1707,35,symbols,factorial-n,記号,probability-statistics
1708,35,symbols,h-naught-null,記号,probability-statistics
1709,35,symbols,h-sub-a-alternative,記号,probability-statistics
1710,35,symbols,iqr-abbreviation,記号,probability-statistics
1711,35,symbols,mu-population-mean,記号,probability-statistics
1712,35,symbols,normal-distribution-n,記号,probability-statistics
1713,35,symbols,p-hat-sample-proportion,記号,probability-statistics
1714,35,symbols,permutation-npr,記号,probability-statistics
1715,35,symbols,probability-of-a,記号,probability-statistics
1716,35,symbols,probability-of-intersection,記号,probability-statistics
1717,35,symbols,probability-of-union,記号,probability-statistics
1718,35,symbols,probability-x-equals-k,記号,probability-statistics
1719,35,symbols,quartile-q1-q3,記号,probability-statistics
1720,35,symbols,r-squared,記号,probability-statistics
1721,35,symbols,repeated-combination-h-jp,記号,probability-statistics
1722,35,symbols,s-sample-sd,記号,probability-statistics
1723,35,symbols,se-standard-error,記号,probability-statistics
1724,35,symbols,standard-deviation-sigma,記号,probability-statistics
1725,35,symbols,variance-of-x,記号,probability-statistics
1726,35,symbols,x-bar-sample-mean,記号,probability-statistics
1727,35,symbols,y-hat-predicted-value,記号,probability-statistics
1728,35,symbols,z-star-critical-value,記号,probability-statistics
1729,35,symbols,angle-abc,記号,geometry
1730,35,symbols,arc-ab,記号,geometry
1731,35,symbols,circle-o,記号,geometry
1732,35,symbols,congruent-sign,記号,geometry
1733,35,symbols,degree-sign,記号,geometry
1734,35,symbols,length-ab,記号,geometry
1735,35,symbols,line-ab-arrow,記号,geometry
1736,35,symbols,measure-of-angle,記号,geometry
1737,35,symbols,ordered-pair,記号,geometry
1738,35,symbols,parallel-sign,記号,geometry
1739,35,symbols,parallelogram-abcd,記号,geometry
1740,35,symbols,perpendicular-sign,記号,geometry
1741,35,symbols,pi-symbol,記号,geometry
1742,35,symbols,prime-label-image,記号,geometry
1743,35,symbols,ray-ab-arrow,記号,geometry
1744,35,symbols,segment-ab-overline,記号,geometry
1745,35,symbols,similar-sign,記号,geometry
1746,35,symbols,triangle-abc,記号,geometry
1747,35,symbols,alpha,記号,notation-other
1748,35,symbols,beta,記号,notation-other
1749,35,symbols,curly-braces,記号,notation-other
1750,35,symbols,delta-lowercase,記号,notation-other
1751,36,symbols,ellipsis,記号,notation-other
1752,36,symbols,epsilon,記号,notation-other
1753,36,symbols,equals-question-mark,記号,notation-other
1754,36,symbols,gamma,記号,notation-other
1755,36,symbols,lambda,記号,notation-other
1756,36,symbols,omega,記号,notation-other
1757,36,symbols,phi,記号,notation-other
1758,36,symbols,rho,記号,notation-other
1759,36,symbols,square-brackets,記号,notation-other
1760,36,symbols,wave-dash-range-jp,記号,notation-other
1761,36,phrases,add-up-thin-disks,フレーズ,class-listening
1762,36,phrases,apply-the-theorem,フレーズ,class-listening
1763,36,phrases,area-is-never-negative,フレーズ,class-listening
1764,36,phrases,check-by-differentiating,フレーズ,class-listening
1765,36,phrases,check-the-sign,フレーズ,class-listening
1766,36,phrases,class-listening-answers-in-the-back,フレーズ,class-listening
1767,36,phrases,class-listening-common-mistake,フレーズ,class-listening
1768,36,phrases,class-listening-does-that-make-sense,フレーズ,class-listening
1769,36,phrases,class-listening-extra-credit,フレーズ,class-listening
1770,36,phrases,class-listening-final-is-cumulative,フレーズ,class-listening
1771,36,phrases,class-listening-homework-is,フレーズ,class-listening
1772,36,phrases,class-listening-in-your-own-words,フレーズ,class-listening
1773,36,phrases,class-listening-its-due,フレーズ,class-listening
1774,36,phrases,class-listening-lets-go-over-the-homework,フレーズ,class-listening
1775,36,phrases,class-listening-lowest-quiz-dropped,フレーズ,class-listening
1776,36,phrases,class-listening-notice-that,フレーズ,class-listening
1777,36,phrases,class-listening-office-hours-are,フレーズ,class-listening
1778,36,phrases,class-listening-oops-good-catch,フレーズ,class-listening
1779,36,phrases,class-listening-pass-your-papers-forward,フレーズ,class-listening
1780,36,phrases,class-listening-raise-your-hand-if,フレーズ,class-listening
1781,36,phrases,class-listening-recall-that,フレーズ,class-listening
1782,36,phrases,class-listening-same-idea-as-before,フレーズ,class-listening
1783,36,phrases,class-listening-sanity-check,フレーズ,class-listening
1784,36,phrases,class-listening-take-out-a-sheet-of-paper,フレーズ,class-listening
1785,36,phrases,class-listening-this-will-be-on-the-test,フレーズ,class-listening
1786,36,phrases,class-listening-try-this-one,フレーズ,class-listening
1787,36,phrases,class-listening-turn-to-page,フレーズ,class-listening
1788,36,phrases,class-listening-warm-up,フレーズ,class-listening
1789,36,phrases,class-listening-well-come-back-to-this,フレーズ,class-listening
1790,36,phrases,class-listening-what-do-you-notice,フレーズ,class-listening
1791,36,phrases,class-listening-whats-the-next-step,フレーズ,class-listening
1792,36,phrases,class-listening-who-wants-to-come-up,フレーズ,class-listening
1793,36,phrases,class-listening-work-with-a-partner,フレーズ,class-listening
1794,36,phrases,class-listening-write-this-down,フレーズ,class-listening
1795,36,phrases,class-listening-you-dont-need-to-memorize,フレーズ,class-listening
1796,36,phrases,continuous-but-not-differentiable,フレーズ,class-listening
1797,36,phrases,differentiate-the-outside-first,フレーズ,class-listening
1798,36,phrases,divide-numerator-and-denominator-by-n,フレーズ,class-listening
1799,36,phrases,divide-the-figure,フレーズ,class-listening
1800,36,phrases,dont-forget-the-plus-c,フレーズ,class-listening
1801,37,phrases,evaluate-critically,フレーズ,class-listening
1802,37,phrases,find-the-area-by-integration,フレーズ,class-listening
1803,37,phrases,find-the-intersections-to-get-the-limits,フレーズ,class-listening
1804,37,phrases,find-the-pattern,フレーズ,class-listening
1805,37,phrases,in-order,フレーズ,class-listening
1806,37,phrases,integrate-by-parts-repeatedly,フレーズ,class-listening
1807,37,phrases,involves-imaginary-numbers,フレーズ,class-listening
1808,37,phrases,let-h-go-to-zero,フレーズ,class-listening
1809,37,phrases,multiply-by-r-and-subtract,フレーズ,class-listening
1810,37,phrases,multiply-by-the-derivative-of-the-inside,フレーズ,class-listening
1811,37,phrases,omit,フレーズ,class-listening
1812,37,phrases,organize-in-a-table,フレーズ,class-listening
1813,37,phrases,organize-the-data,フレーズ,class-listening
1814,37,phrases,probabilities-sum-to-1,フレーズ,class-listening
1815,37,phrases,rationalize-and-take-the-limit,フレーズ,class-listening
1816,37,phrases,represent-with-a-graph,フレーズ,class-listening
1817,37,phrases,rewrite-the-expression,フレーズ,class-listening
1818,37,phrases,split-at-the-median,フレーズ,class-listening
1819,37,phrases,split-the-integral,フレーズ,class-listening
1820,37,phrases,square-and-add,フレーズ,class-listening
1821,37,phrases,top-minus-bottom,フレーズ,class-listening
1822,37,phrases,write-as-a-limit-of-a-sum,フレーズ,class-listening
1823,37,phrases,class-asking-another-example,フレーズ,class-asking
1824,37,phrases,class-asking-calculator-on-the-test,フレーズ,class-asking
1825,37,phrases,class-asking-can-i-write-it-this-way,フレーズ,class-asking
1826,37,phrases,class-asking-could-we-use-another-method,フレーズ,class-asking
1827,37,phrases,class-asking-difference-between,フレーズ,class-asking
1828,37,phrases,class-asking-do-we-need-to-memorize,フレーズ,class-asking
1829,37,phrases,class-asking-does-it-still-work-if,フレーズ,class-asking
1830,37,phrases,class-asking-go-back,フレーズ,class-asking
1831,37,phrases,class-asking-how-do-you-read-this,フレーズ,class-asking
1832,37,phrases,class-asking-i-got-a-different-answer,フレーズ,class-asking
1833,37,phrases,class-asking-is-there-a-name-for-this,フレーズ,class-asking
1834,37,phrases,class-asking-is-there-an-easier-way,フレーズ,class-asking
1835,37,phrases,class-asking-repeat,フレーズ,class-asking
1836,37,phrases,class-asking-simplify-further,フレーズ,class-asking
1837,37,phrases,class-asking-slow-down,フレーズ,class-asking
1838,37,phrases,class-asking-typo-on-the-board,フレーズ,class-asking
1839,37,phrases,class-asking-when-is-it-due,フレーズ,class-asking
1840,37,phrases,class-asking-where-did-that-come-from,フレーズ,class-asking
1841,37,phrases,class-asking-which-problems,フレーズ,class-asking
1842,37,phrases,class-asking-why-can-we,フレーズ,class-asking
1843,37,phrases,class-asking-will-this-be-on-the-test,フレーズ,class-asking
1844,37,phrases,office-hours-am-i-on-the-right-track,フレーズ,office-hours
1845,37,phrases,office-hours-can-i-come-back,フレーズ,office-hours
1846,37,phrases,office-hours-can-i-show-you-what-i-tried,フレーズ,office-hours
1847,37,phrases,office-hours-do-you-have-a-minute,フレーズ,office-hours
1848,37,phrases,office-hours-english-terms-are-new,フレーズ,office-hours
1849,37,phrases,office-hours-extra-practice,フレーズ,office-hours
1850,37,phrases,office-hours-hint-not-the-answer,フレーズ,office-hours
1851,38,phrases,office-hours-how-to-study,フレーズ,office-hours
1852,38,phrases,office-hours-i-was-wondering,フレーズ,office-hours
1853,38,phrases,office-hours-intuition,フレーズ,office-hours
1854,38,phrases,office-hours-is-this-rigorous-enough,フレーズ,office-hours
1855,38,phrases,office-hours-question-about-homework,フレーズ,office-hours
1856,38,phrases,office-hours-regrade,フレーズ,office-hours
1857,38,phrases,office-hours-stuck-at-step,フレーズ,office-hours
1858,38,phrases,office-hours-thanks-that-helps,フレーズ,office-hours
1859,38,phrases,office-hours-understand-in-class-not-alone,フレーズ,office-hours
1860,38,phrases,office-hours-when-to-use-which,フレーズ,office-hours
1861,38,phrases,office-hours-which-course-next,フレーズ,office-hours
1862,38,phrases,office-hours-why-did-i-lose-points,フレーズ,office-hours
1863,38,phrases,explaining-solution-another-way,フレーズ,explaining-solution
1864,38,phrases,explaining-solution-by-symmetry,フレーズ,explaining-solution
1865,38,phrases,explaining-solution-checked-the-endpoints,フレーズ,explaining-solution
1866,38,phrases,explaining-solution-derivative-equal-to-zero,フレーズ,explaining-solution
1867,38,phrases,explaining-solution-drew-a-picture,フレーズ,explaining-solution
1868,38,phrases,explaining-solution-factored-and-set-to-zero,フレーズ,explaining-solution
1869,38,phrases,explaining-solution-first-step,フレーズ,explaining-solution
1870,38,phrases,explaining-solution-flipped-the-inequality,フレーズ,explaining-solution
1871,38,phrases,explaining-solution-im-assuming,フレーズ,explaining-solution
1872,38,phrases,explaining-solution-in-context,フレーズ,explaining-solution
1873,38,phrases,explaining-solution-isolated-x,フレーズ,explaining-solution
1874,38,phrases,explaining-solution-let-me-back-up,フレーズ,explaining-solution
1875,38,phrases,explaining-solution-let-x-be,フレーズ,explaining-solution
1876,38,phrases,explaining-solution-matches-the-other-way,フレーズ,explaining-solution
1877,38,phrases,explaining-solution-moved-everything-to-one-side,フレーズ,explaining-solution
1878,38,phrases,explaining-solution-multiplied-both-sides,フレーズ,explaining-solution
1879,38,phrases,explaining-solution-not-sure-about-this-step,フレーズ,explaining-solution
1880,38,phrases,explaining-solution-otherwise-contradiction,フレーズ,explaining-solution
1881,38,phrases,explaining-solution-overall-plan,フレーズ,explaining-solution
1882,38,phrases,explaining-solution-plugging-back-in,フレーズ,explaining-solution
1883,38,phrases,explaining-solution-rewrote-it-as,フレーズ,explaining-solution
1884,38,phrases,explaining-solution-rounded-at-the-end,フレーズ,explaining-solution
1885,38,phrases,explaining-solution-set-up-an-equation,フレーズ,explaining-solution
1886,38,phrases,explaining-solution-so-the-answer-is,フレーズ,explaining-solution
1887,38,phrases,explaining-solution-that-cant-be-right,フレーズ,explaining-solution
1888,38,phrases,explaining-solution-that-makes-sense,フレーズ,explaining-solution
1889,38,phrases,explaining-solution-thats-where-it-comes-from,フレーズ,explaining-solution
1890,38,phrases,explaining-solution-the-key-was,フレーズ,explaining-solution
1891,38,phrases,explaining-solution-these-cancel,フレーズ,explaining-solution
1892,38,phrases,explaining-solution-threw-out-a-solution,フレーズ,explaining-solution
1893,38,phrases,explaining-solution-tried-small-cases,フレーズ,explaining-solution
1894,38,phrases,explaining-solution-used-a-calculator,フレーズ,explaining-solution
1895,38,phrases,explaining-solution-used-the-rule,フレーズ,explaining-solution
1896,38,phrases,explaining-solution-with-units,フレーズ,explaining-solution
1897,38,phrases,explaining-solution-worked-backwards,フレーズ,explaining-solution
1898,38,phrases,are-equal-respectively,フレーズ,written-solution
1899,38,phrases,assume-it-holds-for-n-k,フレーズ,written-solution
1900,38,phrases,by-definition,フレーズ,written-solution
1901,39,phrases,by-hypothesis,フレーズ,written-solution
1902,39,phrases,clearly,フレーズ,written-solution
1903,39,phrases,conversely,フレーズ,written-solution
1904,39,phrases,f-double-prime-is-positive,フレーズ,written-solution
1905,39,phrases,in-general,フレーズ,written-solution
1906,39,phrases,integrate-the-inequality,フレーズ,written-solution
1907,39,phrases,it-also-holds-for-n-k-1,フレーズ,written-solution
1908,39,phrases,left-side-minus-right-side,フレーズ,written-solution
1909,39,phrases,let-p-be-the-position-vector-of-p,フレーズ,written-solution
1910,39,phrases,since,フレーズ,written-solution
1911,39,phrases,squares-are-nonnegative,フレーズ,written-solution
1912,39,phrases,take-positive-values,フレーズ,written-solution
1913,39,phrases,the-base-is-greater-than-1,フレーズ,written-solution
1914,39,phrases,the-common-ratio-is-less-than-1,フレーズ,written-solution
1915,39,phrases,the-derivative-is-zero,フレーズ,written-solution
1916,39,phrases,the-equation-holds,フレーズ,written-solution
1917,39,phrases,the-one-sided-limits-agree,フレーズ,written-solution
1918,39,phrases,the-tangent-line-passes-through,フレーズ,written-solution
1919,39,phrases,what-we-want-to-show,フレーズ,written-solution
1920,39,phrases,where,フレーズ,written-solution
1921,39,phrases,written-solution-as-desired,フレーズ,written-solution
1922,39,phrases,written-solution-by-induction,フレーズ,written-solution
1923,39,phrases,written-solution-by-the-theorem,フレーズ,written-solution
1924,39,phrases,written-solution-case,フレーズ,written-solution
1925,39,phrases,written-solution-combining,フレーズ,written-solution
1926,39,phrases,written-solution-conclusion-because-reason,フレーズ,written-solution
1927,39,phrases,written-solution-final-answer,フレーズ,written-solution
1928,39,phrases,written-solution-for-some-integer,フレーズ,written-solution
1929,39,phrases,written-solution-from-the-graph,フレーズ,written-solution
1930,39,phrases,written-solution-given-prove,フレーズ,written-solution
1931,39,phrases,written-solution-hypotheses-are-met,フレーズ,written-solution
1932,39,phrases,written-solution-i-e,フレーズ,written-solution
1933,39,phrases,written-solution-it-suffices-to-show,フレーズ,written-solution
1934,39,phrases,written-solution-let,フレーズ,written-solution
1935,39,phrases,written-solution-let-epsilon-be-given,フレーズ,written-solution
1936,39,phrases,written-solution-no-solution,フレーズ,written-solution
1937,39,phrases,written-solution-note-that,フレーズ,written-solution
1938,39,phrases,written-solution-on-the-other-hand,フレーズ,written-solution
1939,39,phrases,written-solution-reject-extraneous,フレーズ,written-solution
1940,39,phrases,written-solution-similarly,フレーズ,written-solution
1941,39,phrases,written-solution-suppose,フレーズ,written-solution
1942,39,phrases,written-solution-suppose-for-contradiction,フレーズ,written-solution
1943,39,phrases,written-solution-taking-the-limit,フレーズ,written-solution
1944,39,phrases,written-solution-then,フレーズ,written-solution
1945,39,phrases,written-solution-therefore,フレーズ,written-solution
1946,39,phrases,written-solution-we-have,フレーズ,written-solution
1947,39,phrases,written-solution-which-implies,フレーズ,written-solution
1948,39,phrases,exam-ask-can-i-write-on-the-back,フレーズ,exam
1949,39,phrases,exam-ask-how-much-time,フレーズ,exam
1950,39,phrases,exam-ask-scratch-paper,フレーズ,exam
1951,40,phrases,exam-ask-typo,フレーズ,exam
1952,40,phrases,exam-box-your-answer,フレーズ,exam
1953,40,phrases,exam-calculator-allowed,フレーズ,exam
1954,40,phrases,exam-clarify-instruction,フレーズ,exam
1955,40,phrases,exam-describe-the-distribution,フレーズ,exam
1956,40,phrases,exam-determine-whether,フレーズ,exam
1957,40,phrases,exam-exact-form,フレーズ,exam
1958,40,phrases,exam-explain-your-reasoning,フレーズ,exam
1959,40,phrases,exam-express-in-terms-of,フレーズ,exam
1960,40,phrases,exam-indicate-units,フレーズ,exam
1961,40,phrases,exam-interpret-in-context,フレーズ,exam
1962,40,phrases,exam-is-it-curved,フレーズ,exam
1963,40,phrases,exam-justify-your-answer,フレーズ,exam
1964,40,phrases,exam-label-your-axes,フレーズ,exam
1965,40,phrases,exam-multiple-choice-and-free-response,フレーズ,exam
1966,40,phrases,exam-notes-allowed,フレーズ,exam
1967,40,phrases,exam-partial-credit,フレーズ,exam
1968,40,phrases,exam-pencils-down,フレーズ,exam
1969,40,phrases,exam-set-up-but-do-not-evaluate,フレーズ,exam
1970,40,phrases,exam-show-that,フレーズ,exam
1971,40,phrases,exam-show-your-work,フレーズ,exam
1972,40,phrases,exam-simplest-form,フレーズ,exam
1973,40,phrases,exam-three-decimal-places,フレーズ,exam
1974,40,phrases,exam-time-remaining,フレーズ,exam
1975,40,phrases,exam-use-the-table-to-approximate,フレーズ,exam
1976,40,phrases,exam-when-do-we-get-it-back,フレーズ,exam
1977,40,phrases,exam-which-of-the-following,フレーズ,exam
1978,40,phrases,exam-write-an-equation-for-the-tangent-line,フレーズ,exam
1979,40,phrases,on-the-interval-from-0-to-2,フレーズ,exam
1980,40,phrases,the-area-of-the-region-bounded-by,フレーズ,exam
1981,40,phrases,email-attached,フレーズ,email
1982,40,phrases,email-cannot-make-office-hours,フレーズ,email
1983,40,phrases,email-confirm,フレーズ,email
1984,40,phrases,email-describe-where-stuck,フレーズ,email
1985,40,phrases,email-dictionary-during-exam,フレーズ,email
1986,40,phrases,email-exam-conflict,フレーズ,email
1987,40,phrases,email-extension,フレーズ,email
1988,40,phrases,email-follow-up,フレーズ,email
1989,40,phrases,email-greeting,フレーズ,email
1990,40,phrases,email-introduce-yourself,フレーズ,email
1991,40,phrases,email-missed-class,フレーズ,email
1992,40,phrases,email-prerequisite,フレーズ,email
1993,40,phrases,email-regrade-request,フレーズ,email
1994,40,phrases,email-sign-off,フレーズ,email
1995,40,phrases,email-subject-line,フレーズ,email
1996,40,phrases,email-thank-you-for-your-time,フレーズ,email
1997,40,phrases,email-writing-to-ask,フレーズ,email
1998,40,phrases,group-study-answer-key-wrong,フレーズ,group-study
1999,40,phrases,group-study-ask-the-ta,フレーズ,group-study
2000,40,phrases,group-study-can-i-see-your-notes,フレーズ,group-study
2001,41,phrases,group-study-do-you-see-what-i-mean,フレーズ,group-study
2002,41,phrases,group-study-does-that-mean,フレーズ,group-study
2003,41,phrases,group-study-how-did-you-get-that,フレーズ,group-study
2004,41,phrases,group-study-i-thought-it-was,フレーズ,group-study
2005,41,phrases,group-study-is-that-right,フレーズ,group-study
2006,41,phrases,group-study-not-sure-but,フレーズ,group-study
2007,41,phrases,group-study-oh-that-makes-sense,フレーズ,group-study
2008,41,phrases,group-study-practice-exam,フレーズ,group-study
2009,41,phrases,group-study-quiz-each-other,フレーズ,group-study
2010,41,phrases,group-study-so-youre-saying,フレーズ,group-study
2011,41,phrases,group-study-split-them-up,フレーズ,group-study
2012,41,phrases,group-study-what-did-you-get,フレーズ,group-study
2013,41,phrases,group-study-what-do-you-mean,フレーズ,group-study
2014,41,phrases,group-study-what-is-it-asking,フレーズ,group-study
2015,41,phrases,group-study-where-do-we-start,フレーズ,group-study
2016,41,phrases,group-study-where-to-meet,フレーズ,group-study
2017,41,phrases,group-study-which-one-do-you-mean,フレーズ,group-study
2018,41,phrases,group-study-work-together,フレーズ,group-study
2019,41,phrases,group-study-write-up-our-own,フレーズ,group-study
2020,41,phrases,group-study-you-dropped-a-sign,フレーズ,group-study
2021,41,phrases,discord-anyone-get,フレーズ,discord
2022,41,phrases,discord-can-someone-explain,フレーズ,discord
2023,41,phrases,discord-due-tonight,フレーズ,discord
2024,41,phrases,discord-here-is-my-work,フレーズ,discord
2025,41,phrases,discord-hint-no-spoilers,フレーズ,discord
2026,41,phrases,discord-notes-from-today,フレーズ,discord
2027,41,phrases,discord-nvm-figured-it-out,フレーズ,discord
2028,41,phrases,discord-office-hours-today,フレーズ,discord
2029,41,phrases,discord-quiz-covers,フレーズ,discord
2030,41,phrases,discord-right-channel,フレーズ,discord
2031,41,phrases,discord-same-answer,フレーズ,discord
2032,41,phrases,discord-study-on-a-call,フレーズ,discord
2033,41,phrases,discord-thanks,フレーズ,discord
2034,41,phrases,discord-typo-in-the-pset,フレーズ,discord
2035,41,phrases,discord-when-is-the-midterm,フレーズ,discord
2036,41,conventions,approximately-equal-notation,慣習差,notation
2037,41,conventions,arc-measure-notation,慣習差,notation
2038,41,conventions,combination-permutation-notation,慣習差,notation
2039,41,conventions,complement-bar-vs-c-prime,慣習差,notation
2040,41,conventions,conditional-probability-notation,慣習差,notation
2041,41,conventions,congruence-symbol,慣習差,notation
2042,41,conventions,discriminant-letter-d,慣習差,notation
2043,41,conventions,dne-in-answers,慣習差,notation
2044,41,conventions,figure-and-measure-notation,慣習差,notation
2045,41,conventions,floor-function-notation,慣習差,notation
2046,41,conventions,gcd-written-in-words,慣習差,notation
2047,41,conventions,inequality-graph-boundary,慣習差,notation
2048,41,conventions,inequality-symbols,慣習差,notation
2049,41,conventions,interval-notation-vs-inequalities,慣習差,notation
2050,41,conventions,line-standard-form,慣習差,notation
2051,42,conventions,log-and-ln,慣習差,notation
2052,42,conventions,logic-notation,慣習差,notation
2053,42,conventions,mapping-rule-notation,慣習差,notation
2054,42,conventions,negative-vs-minus,慣習差,notation
2055,42,conventions,normal-distribution-parameter,慣習差,notation
2056,42,conventions,normal-table-format,慣習差,notation
2057,42,conventions,number-of-elements-notation,慣習差,notation
2058,42,conventions,one-sided-limit-notation,慣習差,notation
2059,42,conventions,probability-and-or-notation,慣習差,notation
2060,42,conventions,quadrant-roman-numerals,慣習差,notation
2061,42,conventions,reciprocal-trig-functions,慣習差,notation
2062,42,conventions,repeated-combination-notation,慣習差,notation
2063,42,conventions,sequence-starting-index,慣習差,notation
2064,42,conventions,set-builder-colon,慣習差,notation
2065,42,conventions,similarity-symbol,慣習差,notation
2066,42,conventions,slope-intercept-form,慣習差,notation
2067,42,conventions,subset-symbol,慣習差,notation
2068,42,conventions,area-and-base-letters,慣習差,letters
2069,42,conventions,regression-line-letters,慣習差,letters
2070,42,conventions,substitution-variable-u,慣習差,letters
2071,42,conventions,summation-index-letter,慣習差,letters
2072,42,conventions,universal-set-and-sample-space,慣習差,letters
2073,42,conventions,variance-notation,慣習差,letters
2074,42,conventions,vertex-and-center-letters,慣習差,letters
2075,42,conventions,accumulation-function-scope,慣習差,terminology
2076,42,conventions,antiderivative-vs-indefinite-integral,慣習差,terminology
2077,42,conventions,circle-and-sphere-boundary,慣習差,terminology
2078,42,conventions,euler-trail-scope,慣習差,terminology
2079,42,conventions,graph-transformations,慣習差,terminology
2080,42,conventions,imaginary-number-scope,慣習差,terminology
2081,42,conventions,inequality-terms-scope,慣習差,terminology
2082,42,conventions,inverse-trig-functions,慣習差,terminology
2083,42,conventions,jp-named-techniques-unnamed-in-us,慣習差,terminology
2084,42,conventions,natural-numbers-and-zero,慣習差,terminology
2085,42,conventions,proposition-vs-condition,慣習差,terminology
2086,42,conventions,quadratic-forms-naming,慣習差,terminology
2087,42,conventions,rounding-place,慣習差,terminology
2088,42,conventions,sample-variance-n-minus-1,慣習差,terminology
2089,42,conventions,scale-factor-direction,慣習差,terminology
2090,42,conventions,series-includes-finite-sums,慣習差,terminology
2091,42,conventions,slant-height-vs-generatrix,慣習差,terminology
2092,42,conventions,transformations-define-congruence-and-similarity,慣習差,terminology
2093,42,conventions,trapezoid-definition,慣習差,terminology
2094,42,conventions,triangle-congruence-criteria,慣習差,terminology
2095,42,conventions,us-named-rules-and-tests,慣習差,terminology
2096,42,conventions,zeros-roots-intercepts,慣習差,terminology
2097,42,conventions,congruence-abbreviations-in-proofs,慣習差,proof-style
2098,42,conventions,constant-of-integration-remark,慣習差,proof-style
2099,42,conventions,factoring-trinomials-method,慣習差,proof-style
2100,42,conventions,let-new-variable-first,慣習差,proof-style
2101,43,conventions,solution-as-ordered-pair,慣習差,proof-style
2102,43,conventions,therefore-because-symbols,慣習差,proof-style
2103,43,conventions,two-column-proof-format,慣習差,proof-style
2104,43,conventions,us-named-theorems-and-reasons-in-geometry,慣習差,proof-style
2105,43,conventions,calculator-instead-of-tables,慣習差,calculator
2106,43,conventions,descriptive-statistics-coverage,慣習差,classroom-culture
2107,43,conventions,hensachi,慣習差,classroom-culture
2108,43,conventions,jp-only-algebra-and-discrete-topics,慣習差,classroom-culture
2109,43,conventions,jp-only-number-theory,慣習差,classroom-culture
2110,43,conventions,jp-only-synthetic-geometry,慣習差,classroom-culture
2111,43,conventions,lhopitals-rule-use,慣習差,classroom-culture
2112,43,conventions,logic-in-geometry-course,慣習差,classroom-culture
2113,43,conventions,square-and-cubic-units,慣習差,classroom-culture
2114,43,conventions,us-only-calculus-topics,慣習差,classroom-culture
2115,43,conventions,us-only-precalculus-topics,慣習差,classroom-culture
